product_key,product_id,product_name,category,sub_category
1,OFF-PA-10002005,Xerox 225,Office Supplies,Paper
2,OFF-PA-10002893,"Wirebound Service Call Books, 5 1/2"" x 4""",Office Supplies,Paper
3,OFF-PA-10000659,"Adams Phone Message Book, Professional, 400 Message Capacity, 5 3/6” x 11”",Office Supplies,Paper
4,OFF-PA-10001144,Xerox 1913,Office Supplies,Paper
5,OFF-PA-10002105,Xerox 223,Office Supplies,Paper
6,OFF-PA-10004519,Spiral Phone Message Books with Labels by Adams,Office Supplies,Paper
7,OFF-PA-10000223,Xerox 2000,Office Supplies,Paper
8,OFF-PA-10001947,Xerox 1974,Office Supplies,Paper
9,OFF-PA-10002245,Xerox 1895,Office Supplies,Paper
10,OFF-PA-10001363,Xerox 1933,Office Supplies,Paper
11,OFF-PA-10001457,White GlueTop Scratch Pads,Office Supplies,Paper
12,OFF-PA-10004285,Xerox 1959,Office Supplies,Paper
13,OFF-PA-10000477,Xerox 22,Office Supplies,Paper
14,OFF-PA-10001970,Xerox 1881,Office Supplies,Paper
15,OFF-PA-10000743,Xerox 1977,Office Supplies,Paper
16,OFF-PA-10003127,Staples,Office Supplies,Paper
17,OFF-PA-10004355,Xerox 231,Office Supplies,Paper
18,OFF-PA-10003441,Xerox 226,Office Supplies,Paper
19,OFF-PA-10000176,Xerox 1887,Office Supplies,Paper
20,OFF-PA-10000327,Xerox 1971,Office Supplies,Paper
21,OFF-PA-10000675,Xerox 1919,Office Supplies,Paper
22,OFF-PA-10003892,Xerox 1943,Office Supplies,Paper
23,OFF-PA-10004947,Staples,Office Supplies,Paper
24,OFF-PA-10000595,Xerox 1929,Office Supplies,Paper
25,OFF-PA-10004022,Hammermill Color Copier Paper (28Lb. and 96 Bright),Office Supplies,Paper
26,OFF-PA-10001243,Xerox 1983,Office Supplies,Paper
27,OFF-PA-10002947,Xerox 1923,Office Supplies,Paper
28,OFF-PA-10000019,Xerox 1931,Office Supplies,Paper
29,OFF-PA-10000809,Xerox 206,Office Supplies,Paper
30,OFF-PA-10002377,"Adams Telephone Message Book W/Dividers/Space For Phone Numbers, 5 1/4""X8 1/2"", 200/Messages",Office Supplies,Paper
31,OFF-PA-10002751,Xerox 1920,Office Supplies,Paper
32,OFF-PA-10004971,Xerox 196,Office Supplies,Paper
33,OFF-PA-10000575,"Wirebound Message Books, Four 2 3/4 x 5 White Forms per Page",Office Supplies,Paper
34,OFF-PA-10003790,Xerox 1991,Office Supplies,Paper
35,OFF-PA-10001776,"Wirebound Message Books, Four 2 3/4"" x 5"" Forms per Page, 600 Sets per Book",Office Supplies,Paper
36,OFF-PA-10001497,Xerox 1914,Office Supplies,Paper
37,OFF-PA-10000552,Xerox 200,Office Supplies,Paper
38,OFF-PA-10002923,Xerox 1942,Office Supplies,Paper
39,OFF-PA-10000551,Array Memo Cubes,Office Supplies,Paper
40,OFF-PA-10004911,"Rediform S.O.S. 1-Up Phone Message Bk, 4-1/4x3-1/16 Bk, 1 Form/Pg, 40 Messages/Bk, 3/Pk",Office Supplies,Paper
41,OFF-PA-10000143,Astroparche Fine Business Paper,Office Supplies,Paper
42,OFF-PA-10000167,Xerox 1925,Office Supplies,Paper
43,OFF-PA-10004359,Multicolor Computer Printout Paper,Office Supplies,Paper
44,OFF-PA-10001725,Xerox 1892,Office Supplies,Paper
45,OFF-PA-10002421,Embossed Ink Jet Note Cards,Office Supplies,Paper
46,OFF-PA-10000483,Xerox 19,Office Supplies,Paper
47,OFF-PA-10002870,"Ampad Phone Message Book, Recycled, 400 Message Capacity, 5 ¾” x 11”",Office Supplies,Paper
48,OFF-PA-10004675,"Telephone Message Books with Fax/Mobile Section, 5 1/2"" x 3 3/16""",Office Supplies,Paper
49,OFF-PA-10003016,"Adams ""While You Were Out"" Message Pads",Office Supplies,Paper
50,OFF-PA-10002713,"Adams Phone Message Book, 200 Message Capacity, 8 1/16” x 11”",Office Supplies,Paper
51,OFF-PA-10000357,"White Dual Perf Computer Printout Paper, 2700 Sheets, 1 Part, Heavyweight, 20 lbs., 14 7/8 x 11",Office Supplies,Paper
52,OFF-PA-10002036,Xerox 1930,Office Supplies,Paper
53,OFF-PA-10002689,Weyerhaeuser First Choice Laser/Copy Paper (20Lb. and 88 Bright),Office Supplies,Paper
54,OFF-PA-10001639,Xerox 203,Office Supplies,Paper
55,OFF-PA-10004071,"Eaton Premium Continuous-Feed Paper, 25% Cotton, Letter Size, White, 1000 Shts/Box",Office Supplies,Paper
56,OFF-PA-10003641,Xerox 1909,Office Supplies,Paper
57,OFF-PA-10001745,"Wirebound Message Books, 2 7/8"" x 5"", 3 Forms per Page",Office Supplies,Paper
58,OFF-PA-10000520,Xerox 201,Office Supplies,Paper
59,OFF-PA-10001846,Xerox 1899,Office Supplies,Paper
60,OFF-PA-10004735,Xerox 1905,Office Supplies,Paper
61,OFF-PA-10003172,Xerox 1996,Office Supplies,Paper
62,OFF-PA-10000289,Xerox 213,Office Supplies,Paper
63,OFF-PA-10003363,Xerox 204,Office Supplies,Paper
64,OFF-PA-10001977,Xerox 194,Office Supplies,Paper
65,OFF-PA-10003309,Xerox 211,Office Supplies,Paper
66,OFF-PA-10003063,EcoTones Memo Sheets,Office Supplies,Paper
67,OFF-PA-10002195,Xerox 1966,Office Supplies,Paper
68,OFF-PA-10004983,Xerox 23,Office Supplies,Paper
69,OFF-PA-10000477,Xerox 1952,Office Supplies,Paper
70,OFF-PA-10003625,Xerox 1979,Office Supplies,Paper
71,OFF-PA-10000659,"TOPS Carbonless Receipt Book, Four 2-3/4 x 7-1/4 Money Receipts per Page",Office Supplies,Paper
72,OFF-PA-10000380,"REDIFORM Incoming/Outgoing Call Register, 11"" X 8 1/2"", 100 Messages",Office Supplies,Paper
73,OFF-PA-10003724,"Wirebound Message Book, 4 per Page",Office Supplies,Paper
74,OFF-PA-10001838,"Adams Telephone Message Book W/Dividers/Space For Phone Numbers, 5 1/4""X8 1/2"", 300/Messages",Office Supplies,Paper
75,OFF-PA-10004100,Xerox 216,Office Supplies,Paper
76,OFF-PA-10004530,Personal Creations Ink Jet Cards and Labels,Office Supplies,Paper
77,OFF-PA-10000482,"Snap-A-Way Black Print Carbonless Ruled Speed Letter, Triplicate",Office Supplies,Paper
78,OFF-PA-10001526,Xerox 1949,Office Supplies,Paper
79,OFF-PA-10002764,Staples,Office Supplies,Paper
80,OFF-PA-10002254,Xerox 1883,Office Supplies,Paper
81,OFF-PA-10004092,Tops Green Bar Computer Printout Paper,Office Supplies,Paper
82,OFF-PA-10004405,Rediform Voice Mail Log Books,Office Supplies,Paper
83,OFF-PA-10001260,"TOPS Money Receipt Book, Consecutively Numbered in Red,",Office Supplies,Paper
84,OFF-PA-10004782,Xerox 228,Office Supplies,Paper
85,OFF-PA-10000210,Xerox Blank Computer Paper,Office Supplies,Paper
86,OFF-PA-10002606,Xerox 1928,Office Supplies,Paper
87,OFF-PA-10003848,Xerox 1997,Office Supplies,Paper
88,OFF-PA-10000304,Xerox 1995,Office Supplies,Paper
89,OFF-PA-10000295,Xerox 229,Office Supplies,Paper
90,OFF-PA-10004451,Xerox 222,Office Supplies,Paper
91,OFF-PA-10003072,"Eureka Recycled Copy Paper 8 1/2"" x 11"", Ream",Office Supplies,Paper
92,OFF-PA-10001970,Xerox 1908,Office Supplies,Paper
93,OFF-PA-10000682,Xerox 1924,Office Supplies,Paper
94,OFF-PA-10001593,Xerox 1947,Office Supplies,Paper
95,OFF-PA-10002986,Xerox 1898,Office Supplies,Paper
96,OFF-AR-10001725,Boston Home & Office Model 2000 Electric Pencil Sharpeners,Office Supplies,Art
97,OFF-AR-10000657,"Binney & Smith inkTank Desk Highlighter, Chisel Tip, Yellow, 12/Box",Office Supplies,Art
98,OFF-AR-10002375,Newell 351,Office Supplies,Art
99,OFF-AR-10003504,Newell 347,Office Supplies,Art
100,OFF-AR-10001897,Model L Table or Wall-Mount Pencil Sharpener,Office Supplies,Art
101,OFF-AR-10002833,Newell 322,Office Supplies,Art
102,OFF-AR-10003631,Staples,Office Supplies,Art
103,OFF-AR-10001374,"BIC Brite Liner Highlighters, Chisel Tip",Office Supplies,Art
104,OFF-AR-10004757,Crayola Colored Pencils,Office Supplies,Art
105,OFF-AR-10001419,Newell 325,Office Supplies,Art
106,OFF-AR-10001868,Prang Dustless Chalk Sticks,Office Supplies,Art
107,OFF-AR-10003156,50 Colored Long Pencils,Office Supplies,Art
108,OFF-AR-10004707,Staples,Office Supplies,Art
109,OFF-AR-10003045,Prang Colored Pencils,Office Supplies,Art
110,OFF-AR-10003190,Newell 32,Office Supplies,Art
111,OFF-AR-10004269,Newell 31,Office Supplies,Art
112,OFF-AR-10004691,Boston 1730 StandUp Electric Pencil Sharpener,Office Supplies,Art
113,OFF-AR-10004062,Staples,Office Supplies,Art
114,OFF-AR-10003602,"Quartet Omega Colored Chalk, 12/Pack",Office Supplies,Art
115,OFF-AR-10003732,Newell 333,Office Supplies,Art
116,OFF-AR-10003582,"Boston Electric Pencil Sharpener, Model 1818, Charcoal Black",Office Supplies,Art
117,OFF-AR-10003903,Sanford 52201 APSCO Electric Pencil Sharpener,Office Supplies,Art
118,OFF-AR-10001940,"Sanford Colorific Eraseable Coloring Pencils, 12 Count",Office Supplies,Art
119,OFF-AR-10000588,Newell 345,Office Supplies,Art
120,OFF-AR-10000823,Newell 307,Office Supplies,Art
121,OFF-AR-10004456,Panasonic KP-4ABK Battery-Operated Pencil Sharpener,Office Supplies,Art
122,OFF-AR-10002255,Newell 346,Office Supplies,Art
123,OFF-AR-10000390,Newell Chalk Holder,Office Supplies,Art
124,OFF-AR-10004752,Blackstonian Pencils,Office Supplies,Art
125,OFF-AR-10004930,Turquoise Lead Holder with Pocket Clip,Office Supplies,Art
126,OFF-AR-10001227,Newell 338,Office Supplies,Art
127,OFF-AR-10003829,Newell 35,Office Supplies,Art
128,OFF-AR-10001149,"Sanford Colorific Colored Pencils, 12/Box",Office Supplies,Art
129,OFF-AR-10000634,Newell 320,Office Supplies,Art
130,OFF-AR-10001573,American Pencil,Office Supplies,Art
131,OFF-AR-10002766,Prang Drawing Pencil Set,Office Supplies,Art
132,OFF-AR-10000817,Manco Dry-Lighter Erasable Highlighter,Office Supplies,Art
133,OFF-AR-10003373,"Boston School Pro Electric Pencil Sharpener, 1670",Office Supplies,Art
134,OFF-AR-10002804,Faber Castell Col-Erase Pencils,Office Supplies,Art
135,OFF-AR-10001615,Newell 34,Office Supplies,Art
136,OFF-AR-10002445,SANFORD Major Accent Highlighters,Office Supplies,Art
137,OFF-AR-10002399,"Dixon Prang Watercolor Pencils, 10-Color Set with Brush",Office Supplies,Art
138,OFF-AR-10000255,Newell 328,Office Supplies,Art
139,OFF-AR-10000914,Boston 16765 Mini Stand Up Battery Pencil Sharpener,Office Supplies,Art
140,OFF-AR-10004956,Newell 33,Office Supplies,Art
141,OFF-AR-10002067,Newell 334,Office Supplies,Art
142,OFF-AR-10000940,Newell 343,Office Supplies,Art
143,OFF-AR-10001022,SANFORD Liquid Accent Tank-Style Highlighters,Office Supplies,Art
144,OFF-AR-10000122,Newell 314,Office Supplies,Art
145,OFF-AR-10003811,Newell 327,Office Supplies,Art
146,OFF-AR-10001246,Newell 317,Office Supplies,Art
147,OFF-ST-10000585,Economy Rollaway Files,Office Supplies,Storage
148,OFF-AP-10000240,Belkin F9G930V10-GRY 9 Outlet Surge,Office Supplies,Appliances
149,OFF-SU-10002522,Acme Kleen Earth Office Shears,Office Supplies,Supplies
150,OFF-ST-10002574,"SAFCO Commercial Wire Shelving, Black",Office Supplies,Storage
151,OFF-ST-10003442,Eldon Portable Mobile Manager,Office Supplies,Storage
152,OFF-SU-10000646,Premier Automatic Letter Opener,Office Supplies,Supplies
153,OFF-SU-10002301,Serrated Blade or Curved Handle Hand Letter Openers,Office Supplies,Supplies
154,OFF-AP-10001626,"Commercial WindTunnel Clean Air Upright Vacuum, Replacement Belts, Filtration Bags",Office Supplies,Appliances
155,OFF-SU-10002537,Acme Box Cutter Scissors,Office Supplies,Supplies
156,OFF-ST-10000991,Space Solutions HD Industrial Steel Shelving.,Office Supplies,Storage
157,OFF-EN-10003160,Pastel Pink Envelopes,Office Supplies,Envelopes
158,OFF-AP-10001469,Fellowes 8 Outlet Superior Workstation Surge Protector,Office Supplies,Appliances
159,OFF-ST-10001496,Standard Rollaway File with Lock,Office Supplies,Storage
160,OFF-FA-10004248,Advantus T-Pin Paper Clips,Office Supplies,Fasteners
161,OFF-LA-10001934,Avery 516,Office Supplies,Labels
162,OFF-LA-10004425,Staples,Office Supplies,Labels
163,OFF-AP-10001391,Kensington 6 Outlet MasterPiece HOMEOFFICE Power Control Center,Office Supplies,Appliances
164,OFF-ST-10002756,"Tennsco Stur-D-Stor Boltless Shelving, 5 Shelves, 24"" Deep, Sand",Office Supplies,Storage
165,OFF-FA-10002763,Advantus Map Pennant Flags and Round Head Tacks,Office Supplies,Fasteners
166,OFF-AP-10004532,Kensington 6 Outlet Guardian Standard Surge Protector,Office Supplies,Appliances
167,OFF-ST-10000943,Eldon ProFile File 'N Store Portable File Tub Letter/Legal Size Black,Office Supplies,Storage
168,OFF-ST-10003479,"Eldon Base for stackable storage shelf, platinum",Office Supplies,Storage
169,OFF-ST-10004634,"Personal Folder Holder, Ebony",Office Supplies,Storage
170,OFF-EN-10003296,Tyvek Side-Opening Peel & Seel Expanding Envelopes,Office Supplies,Envelopes
171,OFF-SU-10001225,Staples,Office Supplies,Supplies
172,OFF-LA-10001771,Avery 513,Office Supplies,Labels
173,OFF-ST-10003692,Recycled Steel Personal File for Hanging File Folders,Office Supplies,Storage
174,OFF-ST-10001809,Fellowes Officeware Wire Shelving,Office Supplies,Storage
175,OFF-ST-10002485,Rogers Deluxe File Chest,Office Supplies,Storage
176,OFF-LA-10002195,Avery 481,Office Supplies,Labels
177,OFF-LA-10000240,Self-Adhesive Address Labels for Typewriters by Universal,Office Supplies,Labels
178,OFF-LA-10000081,Avery 496,Office Supplies,Labels
179,OFF-FA-10000624,OIC Binder Clips,Office Supplies,Fasteners
180,OFF-SU-10003505,Premier Electric Letter Opener,Office Supplies,Supplies
181,OFF-FA-10001135,"Brites Rubber Bands, 1 1/2 oz. Box",Office Supplies,Fasteners
182,OFF-ST-10000642,"Tennsco Lockers, Gray",Office Supplies,Storage
183,OFF-AP-10003057,Honeywell Enviracaire Portable HEPA Air Cleaner for 16' x 20' Room,Office Supplies,Appliances
184,OFF-LA-10004545,Avery 50,Office Supplies,Labels
185,OFF-LA-10004093,Avery 486,Office Supplies,Labels
186,OFF-SU-10002503,Acme Preferred Stainless Steel Scissors,Office Supplies,Supplies
187,OFF-AP-10000055,Belkin F9S820V06 8 Outlet Surge,Office Supplies,Appliances
188,OFF-ST-10001526,Iceberg Mobile Mega Data/Printer Cart,Office Supplies,Storage
189,OFF-LA-10004345,Avery 493,Office Supplies,Labels
190,OFF-AP-10000358,Fellowes Basic Home/Office Series Surge Protectors,Office Supplies,Appliances
191,OFF-ST-10003208,Adjustable Depth Letter/Legal Cart,Office Supplies,Storage
192,OFF-ST-10000025,Fellowes Stor/Drawer Steel Plus Storage Drawers,Office Supplies,Storage
193,OFF-ST-10000464,"Multi-Use Personal File Cart and Caster Set, Three Stacking Bins",Office Supplies,Storage
194,OFF-LA-10003923,Alphabetical Labels for Top Tab Filing,Office Supplies,Labels
195,OFF-ST-10002974,"Trav-L-File Heavy-Duty Shuttle II, Black",Office Supplies,Storage
196,OFF-ST-10003123,Fellowes Bases and Tops For Staxonsteel/High-Stak Systems,Office Supplies,Storage
197,OFF-AP-10001492,"Acco Six-Outlet Power Strip, 4' Cord Length",Office Supplies,Appliances
198,OFF-LA-10000121,Avery 48,Office Supplies,Labels
199,OFF-ST-10004950,"Tenex Personal Filing Tote With Secure Closure Lid, Black/Frost",Office Supplies,Storage
200,OFF-AP-10002765,Fellowes Advanced Computer Series Surge Protectors,Office Supplies,Appliances
201,OFF-AP-10001394,Harmony Air Purifier,Office Supplies,Appliances
202,OFF-ST-10002289,"Safco Wire Cube Shelving System, For Use as 4 or 5 14"" Cubes, Black",Office Supplies,Storage
203,OFF-FA-10000134,"Advantus Push Pins, Aluminum Head",Office Supplies,Fasteners
204,OFF-LA-10000305,Avery 495,Office Supplies,Labels
205,OFF-LA-10004559,Avery 49,Office Supplies,Labels
206,OFF-ST-10001505,"Perma STOR-ALL Hanging File Box, 13 1/8""W x 12 1/4""D x 10 1/2""H",Office Supplies,Storage
207,OFF-ST-10000107,Fellowes Super Stor/Drawer,Office Supplies,Storage
208,OFF-ST-10004258,Portable Personal File Box,Office Supplies,Storage
209,OFF-FA-10001561,Stockwell Push Pins,Office Supplies,Fasteners
210,OFF-ST-10004340,"Fellowes Mobile File Cart, Black",Office Supplies,Storage
211,OFF-FA-10002975,Staples,Office Supplies,Fasteners
212,OFF-ST-10003996,"Letter/Legal File Tote with Clear Snap-On Lid, Black Granite",Office Supplies,Storage
213,OFF-ST-10001963,Tennsco Regal Shelving Units,Office Supplies,Storage
214,OFF-LA-10002762,Avery 485,Office Supplies,Labels
215,OFF-AP-10004980,3M Replacement Filter for Office Air Cleaner for 20' x 33' Room,Office Supplies,Appliances
216,OFF-EN-10003862,Laser & Ink Jet Business Envelopes,Office Supplies,Envelopes
217,OFF-ST-10003470,"Tennsco Snap-Together Open Shelving Units, Starter Sets and Add-On Units",Office Supplies,Storage
218,OFF-LA-10004484,Avery 476,Office Supplies,Labels
219,OFF-ST-10002406,Pizazz Global Quick File,Office Supplies,Storage
220,OFF-SU-10004498,Martin-Yale Premier Letter Opener,Office Supplies,Supplies
221,OFF-EN-10000461,"#10- 4 1/8"" x 9 1/2"" Recycled Envelopes",Office Supplies,Envelopes
222,OFF-ST-10004186,"Stur-D-Stor Shelving, Vertical 5-Shelf: 72""H x 36""W x 18 1/2""D",Office Supplies,Storage
223,OFF-LA-10002381,Avery 497,Office Supplies,Labels
224,OFF-ST-10002583,Fellowes Neat Ideas Storage Cubes,Office Supplies,Storage
225,OFF-AP-10001366,Staples,Office Supplies,Appliances
226,OFF-AP-10000891,Kensington 7 Outlet MasterPiece HOMEOFFICE Power Control Center,Office Supplies,Appliances
227,OFF-ST-10001328,"Personal Filing Tote with Lid, Black/Gray",Office Supplies,Storage
228,OFF-AP-10002867,Fellowes Command Center 5-outlet power strip,Office Supplies,Appliances
229,OFF-ST-10001370,Sensible Storage WireTech Storage Systems,Office Supplies,Storage
230,OFF-AP-10001154,Bionaire Personal Warm Mist Humidifier/Vaporizer,Office Supplies,Appliances
231,OFF-ST-10002615,"Dual Level, Single-Width Filing Carts",Office Supplies,Storage
232,OFF-SU-10004231,Acme Tagit Stainless Steel Antibacterial Scissors,Office Supplies,Supplies
233,OFF-LA-10004272,Avery 482,Office Supplies,Labels
234,OFF-ST-10003716,Tennsco Double-Tier Lockers,Office Supplies,Storage
235,OFF-EN-10001415,Staples,Office Supplies,Envelopes
236,OFF-AP-10002892,Belkin F5C206VTEL 6 Outlet Surge,Office Supplies,Appliances
237,OFF-LA-10003498,Avery 475,Office Supplies,Labels
238,OFF-FA-10002280,Advantus Plastic Paper Clips,Office Supplies,Fasteners
239,OFF-ST-10003306,Letter Size Cart,Office Supplies,Storage
240,OFF-AP-10000828,Avanti 4.4 Cu. Ft. Refrigerator,Office Supplies,Appliances
241,OFF-ST-10002301,Tennsco Commercial Shelving,Office Supplies,Storage
242,OFF-LA-10002271,Smead Alpha-Z Color-Coded Second Alphabetical Labels and Starter Set,Office Supplies,Labels
243,OFF-EN-10000056,Cameo Buff Policy Envelopes,Office Supplies,Envelopes
244,OFF-ST-10000046,Fellowes Super Stor/Drawer Files,Office Supplies,Storage
245,OFF-ST-10000736,Carina Double Wide Media Storage Towers in Natural & Black,Office Supplies,Storage
246,OFF-ST-10001490,"Hot File 7-Pocket, Floor Stand",Office Supplies,Storage
247,OFF-SU-10004782,"Elite 5"" Scissors",Office Supplies,Supplies
248,OFF-AP-10002651,Hoover Upright Vacuum With Dirt Cup,Office Supplies,Appliances
249,OFF-AP-10002495,"Acco Smartsocket Table Surge Protector, 6 Color-Coded Adapter Outlets",Office Supplies,Appliances
250,OFF-SU-10004884,Acme Galleria Hot Forged Steel Scissors with Colored Handles,Office Supplies,Supplies
251,OFF-AP-10000275,"Sanyo Counter Height Refrigerator with Crisper, 3.6 Cubic Foot, Stainless Steel/Black",Office Supplies,Appliances
252,OFF-ST-10000060,Fellowes Bankers Box Staxonsteel Drawer File/Stacking System,Office Supplies,Storage
253,OFF-LA-10000452,Avery 488,Office Supplies,Labels
254,OFF-FA-10004854,"Vinyl Coated Wire Paper Clips in Organizer Box, 800/Box",Office Supplies,Fasteners
255,OFF-ST-10000798,2300 Heavy-Duty Transfer File Systems by Perma,Office Supplies,Storage
256,OFF-ST-10004180,Safco Commercial Shelving,Office Supplies,Storage
257,OFF-FA-10000992,"Acco Clips to Go Binder Clips, 24 Clips in Two Sizes",Office Supplies,Fasteners
258,OFF-LA-10001297,Avery 473,Office Supplies,Labels
259,OFF-AP-10000692,Fellowes Mighty 8 Compact Surge Protector,Office Supplies,Appliances
260,OFF-AP-10004487,Kensington 4 Outlet MasterPiece Compact Power Control Center,Office Supplies,Appliances
261,OFF-ST-10000321,Akro Stacking Bins,Office Supplies,Storage
262,OFF-EN-10001453,"Tyvek Interoffice Envelopes, 9 1/2"" x 12 1/2"", 100/Box",Office Supplies,Envelopes
263,OFF-ST-10002743,SAFCO Boltless Steel Shelving,Office Supplies,Storage
264,OFF-AP-10002998,Holmes 99% HEPA Air Purifier,Office Supplies,Appliances
265,OFF-AP-10003622,"Bravo II Megaboss 12-Amp Hard Body Upright, Replacement Belts, 2 Belts per Pack",Office Supplies,Appliances
266,OFF-ST-10001932,Fellowes Staxonsteel Drawer Files,Office Supplies,Storage
267,OFF-FA-10003467,"Alliance Big Bands Rubber Bands, 12/Pack",Office Supplies,Fasteners
268,OFF-AP-10004052,"Hoover Replacement Belts For Soft Guard & Commercial Ltweight Upright Vacs, 2/Pk",Office Supplies,Appliances
269,OFF-SU-10000952,Fiskars Home & Office Scissors,Office Supplies,Supplies
270,OFF-AP-10000252,Harmony HEPA Quiet Air Purifiers,Office Supplies,Appliances
271,OFF-EN-10000483,"White Envelopes, White Envelopes with Clear Poly Window",Office Supplies,Envelopes
272,OFF-EN-10003072,Peel & Seel Envelopes,Office Supplies,Envelopes
273,OFF-AP-10001205,Belkin 5 Outlet SurgeMaster Power Centers,Office Supplies,Appliances
274,OFF-LA-10003190,Avery 474,Office Supplies,Labels
275,OFF-LA-10001404,Avery 517,Office Supplies,Labels
276,OFF-AP-10003040,Fellowes 8 Outlet Superior Workstation Surge Protector w/o Phone/Fax/Modem Protection,Office Supplies,Appliances
277,OFF-ST-10000419,"Rogers Jumbo File, Granite",Office Supplies,Storage
278,OFF-EN-10001219,"#10- 4 1/8"" x 9 1/2"" Security-Tint Envelopes",Office Supplies,Envelopes
279,OFF-AP-10003971,Belkin 6 Outlet Metallic Surge Strip,Office Supplies,Appliances
280,OFF-ST-10000675,"File Shuttle II and Handi-File, Black",Office Supplies,Storage
281,OFF-AR-10003514,4009 Highlighters by Sanford,Office Supplies,Art
282,OFF-ST-10000078,Tennsco 6- and 18-Compartment Lockers,Office Supplies,Storage
283,OFF-AR-10000034,"BIC Brite Liner Grip Highlighters, Assorted, 5/Pack",Office Supplies,Art
284,OFF-AR-10003338,"Eberhard Faber 3 1/2"" Golf Pencils",Office Supplies,Art
285,OFF-AR-10004272,Newell 308,Office Supplies,Art
286,OFF-LA-10001641,Avery 518,Office Supplies,Labels
287,OFF-AR-10003752,Deluxe Chalkboard Eraser Cleaner,Office Supplies,Art
288,OFF-AR-10003251,Prang Drawing Pencil Set,Office Supplies,Art
289,OFF-ST-10003058,Eldon Mobile Mega Data Cart  Mega Stackable  Add-On Trays,Office Supplies,Storage
290,OFF-SU-10004664,Acme Softgrip Scissors,Office Supplies,Supplies
291,OFF-ST-10001228,"Fellowes Personal Hanging Folder Files, Navy",Office Supplies,Storage
292,OFF-SU-10000151,High Speed Automatic Electric Letter Opener,Office Supplies,Supplies
293,OFF-AR-10004602,Boston KS Multi-Size Manual Pencil Sharpener,Office Supplies,Art
294,OFF-AP-10003287,Tripp Lite TLP810NET Broadband Surge for Modem/Fax,Office Supplies,Appliances
295,OFF-AR-10003056,Newell 341,Office Supplies,Art
296,OFF-AP-10004785,"Holmes Replacement Filter for HEPA Air Cleaner, Medium Room",Office Supplies,Appliances
297,OFF-FA-10002988,Ideal Clamps,Office Supplies,Fasteners
298,OFF-FA-10000053,Revere Boxed Rubber Bands by Revere,Office Supplies,Fasteners
299,OFF-LA-10001569,Avery 499,Office Supplies,Labels
300,OFF-EN-10004483,"#10 White Business Envelopes,4 1/8 x 9 1/2",Office Supplies,Envelopes
301,OFF-EN-10001539,Staples,Office Supplies,Envelopes
302,OFF-ST-10001713,"Gould Plastics 9-Pocket Panel Bin, 18-3/8w x 5-1/4d x 20-1/2h, Black",Office Supplies,Storage
303,OFF-AR-10002135,Boston Heavy-Duty Trimline Electric Pencil Sharpeners,Office Supplies,Art
304,OFF-AR-10002053,"Premium Writing Pencils, Soft, #2 by Central Association for the Blind",Office Supplies,Art
305,OFF-ST-10002370,"Sortfiler Multipurpose Personal File Organizer, Black",Office Supplies,Storage
306,OFF-LA-10002787,Avery 480,Office Supplies,Labels
307,OFF-ST-10001321,"Decoflex Hanging Personal Folder File, Blue",Office Supplies,Storage
308,OFF-SU-10001574,Acme Value Line Scissors,Office Supplies,Supplies
309,OFF-AP-10001242,APC 7 Outlet Network SurgeArrest Surge Protector,Office Supplies,Appliances
310,OFF-LA-10002043,Avery 489,Office Supplies,Labels
311,OFF-AP-10004859,Acco 6 Outlet Guardian Premium Surge Suppressor,Office Supplies,Appliances
312,OFF-FA-10003495,Staples,Office Supplies,Fasteners
313,OFF-LA-10001474,Avery 477,Office Supplies,Labels
314,OFF-AR-10000658,Newell 324,Office Supplies,Art
315,OFF-ST-10000876,Eldon Simplefile Box Office,Office Supplies,Storage
316,OFF-SU-10002573,"Acme 10"" Easy Grip Assistive Scissors",Office Supplies,Supplies
317,OFF-EN-10002230,Airmail Envelopes,Office Supplies,Envelopes
318,OFF-ST-10001325,Sterilite Officeware Hinged File Box,Office Supplies,Storage
319,OFF-AP-10002082,Holmes HEPA Air Purifier,Office Supplies,Appliances
320,OFF-AP-10000696,Holmes Odor Grabber,Office Supplies,Appliances
321,OFF-ST-10001590,"Tenex Personal Project File with Scoop Front Design, Black",Office Supplies,Storage
322,OFF-AR-10004648,Boston 19500 Mighty Mite Electric Pencil Sharpener,Office Supplies,Art
323,OFF-EN-10001434,"Strathmore #10 Envelopes, Ultimate White",Office Supplies,Envelopes
324,OFF-ST-10000649,Hanging Personal Folder File,Office Supplies,Storage
325,OFF-AP-10004655,"Holmes Visible Mist Ultrasonic Humidifier with 2.3-Gallon Output per Day, Replacement Filter",Office Supplies,Appliances
326,OFF-LA-10001613,Avery File Folder Labels,Office Supplies,Labels
327,OFF-LA-10004689,Avery 512,Office Supplies,Labels
328,OFF-AP-10003842,Euro-Pro Shark Turbo Vacuum,Office Supplies,Appliances
329,OFF-EN-10004459,Security-Tint Envelopes,Office Supplies,Envelopes
330,OFF-ST-10000636,Rogers Profile Extra Capacity Storage Tub,Office Supplies,Storage
331,OFF-EN-10001509,Poly String Tie Envelopes,Office Supplies,Envelopes
332,OFF-ST-10000604,Home/Office Personal File Carts,Office Supplies,Storage
333,OFF-AR-10001545,Newell 326,Office Supplies,Art
334,OFF-ST-10003638,Mobile Personal File Cube,Office Supplies,Storage
335,OFF-EN-10003567,"Inter-Office Recycled Envelopes, Brown Kraft, Button-String,10"" x 13"" , 100/Box",Office Supplies,Envelopes
336,OFF-ST-10002486,Eldon Shelf Savers Cubes and Bins,Office Supplies,Storage
337,OFF-LA-10003766,Self-Adhesive Removable Labels,Office Supplies,Labels
338,OFF-AP-10003849,Hoover Shoulder Vac Commercial Portable Vacuum,Office Supplies,Appliances
339,OFF-EN-10004030,Convenience Packs of Business Envelopes,Office Supplies,Envelopes
340,OFF-EN-10001335,"White Business Envelopes with Contemporary Seam, Recycled White Business Envelopes",Office Supplies,Envelopes
341,OFF-ST-10003455,"Tenex File Box, Personal Filing Tote with Lid, Black",Office Supplies,Storage
342,OFF-SU-10001212,Kleencut Forged Office Shears by Acme United Corporation,Office Supplies,Supplies
343,OFF-AR-10004441,BIC Brite Liner Highlighters,Office Supplies,Art
344,OFF-ST-10002205,File Shuttle I and Handi-File,Office Supplies,Storage
345,OFF-ST-10000352,Acco Perma 2700 Stacking Storage Drawers,Office Supplies,Storage
346,OFF-LA-10000248,Avery 52,Office Supplies,Labels
347,OFF-ST-10002214,X-Rack File for Hanging Folders,Office Supplies,Storage
348,OFF-ST-10003816,Fellowes High-Stak Drawer Files,Office Supplies,Storage
349,OFF-ST-10000615,"SimpliFile Personal File, Black Granite, 15w x 6-15/16d x 11-1/4h",Office Supplies,Storage
350,OFF-EN-10002621,Staples,Office Supplies,Envelopes
351,OFF-FA-10000611,Binder Clips by OIC,Office Supplies,Fasteners
352,OFF-AR-10001216,Newell 339,Office Supplies,Art
353,OFF-SU-10001664,Acme Office Executive Series Stainless Steel Trimmers,Office Supplies,Supplies
354,OFF-ST-10001511,Space Solutions Commercial Steel Shelving,Office Supplies,Storage
355,OFF-AR-10003759,"Crayola Anti Dust Chalk, 12/Pack",Office Supplies,Art
356,OFF-AR-10003158,Fluorescent Highlighters by Dixon,Office Supplies,Art
357,OFF-LA-10003663,Avery 498,Office Supplies,Labels
358,OFF-AP-10000027,Hoover Commercial SteamVac,Office Supplies,Appliances
359,OFF-AR-10003651,Newell 350,Office Supplies,Art
360,OFF-EN-10003448,"Peel & Seel Recycled Catalog Envelopes, Brown",Office Supplies,Envelopes
361,OFF-AP-10004868,Hoover Commercial Soft Guard Upright Vacuum And Disposable Filtration Bags,Office Supplies,Appliances
362,OFF-SU-10000157,Compact Automatic Electric Letter Opener,Office Supplies,Supplies
363,OFF-AR-10001315,Newell 310,Office Supplies,Art
364,OFF-ST-10002957,Sterilite Show Offs Storage Containers,Office Supplies,Storage
365,OFF-FA-10001332,"Acco Banker's Clasps, 5 3/4""-Long",Office Supplies,Fasteners
366,OFF-ST-10001580,Super Decoflex Portable Personal File,Office Supplies,Storage
367,OFF-AP-10004249,Staples,Office Supplies,Appliances
368,OFF-SU-10000946,Staples,Office Supplies,Supplies
369,OFF-AR-10000246,Newell 318,Office Supplies,Art
370,OFF-ST-10000777,"Companion Letter/Legal File, Black",Office Supplies,Storage
371,OFF-SU-10004768,Acme Kleencut Forged Steel Scissors,Office Supplies,Supplies
372,OFF-AR-10000422,Pencil and Crayon Sharpener,Office Supplies,Art
373,OFF-AR-10001915,Peel-Off China Markers,Office Supplies,Art
374,OFF-FA-10000621,"OIC Colored Binder Clips, Assorted Sizes",Office Supplies,Fasteners
375,OFF-EN-10001028,Staples,Office Supplies,Envelopes
376,OFF-AR-10002818,Panasonic KP-310 Heavy-Duty Electric Pencil Sharpener,Office Supplies,Art
377,OFF-EN-10002973,Ampad #10 Peel & Seel Holiday Envelopes,Office Supplies,Envelopes
378,OFF-AP-10002684,"Acco 7-Outlet Masterpiece Power Center, Wihtout Fax/Phone Line Protection",Office Supplies,Appliances
379,OFF-LA-10003077,Avery 500,Office Supplies,Labels
380,OFF-LA-10000414,Avery 503,Office Supplies,Labels
381,OFF-AR-10003394,Newell 332,Office Supplies,Art
382,OFF-AR-10001860,BIC Liqua Brite Liner,Office Supplies,Art
383,OFF-AR-10002335,DIXON Oriole Pencils,Office Supplies,Art
384,OFF-AP-10002670,Belkin 8-Outlet Premiere SurgeMaster II Surge Protectors,Office Supplies,Appliances
385,OFF-ST-10001837,"SAFCO Mobile Desk Side File, Wire Frame",Office Supplies,Storage
386,OFF-AR-10002578,Newell 335,Office Supplies,Art
387,OFF-AR-10001118,"Binney & Smith Crayola Metallic Crayons, 16-Color Pack",Office Supplies,Art
388,OFF-PA-10001878,Xerox 1891,Office Supplies,Paper
389,OFF-PA-10002365,Xerox 1967,Office Supplies,Paper
390,OFF-PA-10004569,"Wirebound Message Books, Two 4 1/4"" x 5"" Forms per Page",Office Supplies,Paper
391,OFF-PA-10004475,Xerox 1940,Office Supplies,Paper
392,OFF-PA-10003001,Xerox 1986,Office Supplies,Paper
393,OFF-PA-10002246,"Wirebound Four 2-3/4 x 5 Forms per Page, 400 Sets per Book",Office Supplies,Paper
394,OFF-PA-10003228,Xerox 1917,Office Supplies,Paper
395,OFF-PA-10001509,"Recycled Desk Saver Line ""While You Were Out"" Book, 5 1/2"" X 4""",Office Supplies,Paper
396,OFF-PA-10003465,Xerox 1912,Office Supplies,Paper
397,OFF-PA-10003395,Xerox 1941,Office Supplies,Paper
398,OFF-PA-10001609,Tops Wirebound Message Log Books,Office Supplies,Paper
399,OFF-PA-10001033,Xerox 1893,Office Supplies,Paper
400,OFF-PA-10000062,Green Bar Computer Printout Paper,Office Supplies,Paper
401,OFF-PA-10003845,Xerox 1987,Office Supplies,Paper
402,OFF-PA-10003657,Xerox 1927,Office Supplies,Paper
403,OFF-PA-10000528,Xerox 1981,Office Supplies,Paper
404,OFF-PA-10001184,Xerox 1903,Office Supplies,Paper
405,OFF-PA-10004239,Xerox 1953,Office Supplies,Paper
406,OFF-PA-10003893,Xerox 1962,Office Supplies,Paper
407,OFF-PA-10000157,Xerox 191,Office Supplies,Paper
408,OFF-PA-10002377,Xerox 1916,Office Supplies,Paper
409,OFF-PA-10004101,Xerox 1894,Office Supplies,Paper
410,OFF-PA-10001736,Xerox 1880,Office Supplies,Paper
411,OFF-PA-10004040,Universal Premium White Copier/Laser Paper (20Lb. and 87 Bright),Office Supplies,Paper
412,OFF-PA-10000350,"Message Book, Standard Line ""While You Were Out"", 5 1/2"" X 4"", 200 Sets/Book",Office Supplies,Paper
413,OFF-PA-10001019,Xerox 1884,Office Supplies,Paper
414,OFF-PA-10001471,Strathmore Photo Frame Cards,Office Supplies,Paper
415,OFF-PA-10002319,Xerox 1944,Office Supplies,Paper
416,OFF-PA-10004734,Southworth Structures Collection,Office Supplies,Paper
417,OFF-PA-10002464,HP Office Recycled Paper (20Lb. and 87 Bright),Office Supplies,Paper
418,OFF-PA-10002262,Xerox 192,Office Supplies,Paper
419,OFF-PA-10000994,Xerox 1915,Office Supplies,Paper
420,OFF-PA-10001166,Xerox 2,Office Supplies,Paper
421,OFF-PA-10002250,Things To Do Today Pad,Office Supplies,Paper
422,OFF-PA-10004438,Xerox 1907,Office Supplies,Paper
423,OFF-PA-10004327,Xerox 1911,Office Supplies,Paper
424,OFF-PA-10004082,"Adams Telephone Message Book w/Frequently-Called Numbers Space, 400 Messages per Book",Office Supplies,Paper
425,OFF-PA-10002581,Xerox 1951,Office Supplies,Paper
426,OFF-PA-10003424,"""While you Were Out"" Message Book, One Form per Page",Office Supplies,Paper
427,OFF-PA-10003022,Xerox 1992,Office Supplies,Paper
428,OFF-PA-10002137,"Southworth 100% Résumé Paper, 24lb.",Office Supplies,Paper
429,OFF-PA-10003129,Tops White Computer Printout Paper,Office Supplies,Paper
430,OFF-PA-10003022,Standard Line “While You Were Out” Hardbound Telephone Message Book,Office Supplies,Paper
431,OFF-PA-10000232,Xerox 1975,Office Supplies,Paper
432,OFF-PA-10002615,"Ampad Gold Fibre Wirebound Steno Books, 6"" x 9"", Gregg Ruled",Office Supplies,Paper
433,OFF-AR-10003179,Dixon Ticonderoga Core-Lock Colored Pencils,Office Supplies,Art
434,OFF-FA-10001843,Staples,Office Supplies,Fasteners
435,OFF-PA-10000418,Xerox 189,Office Supplies,Paper
436,OFF-PA-10002230,Xerox 1897,Office Supplies,Paper
437,OFF-AP-10004708,Fellowes Superior 10 Outlet Split Surge Protector,Office Supplies,Appliances
438,OFF-LA-10000262,Avery 494,Office Supplies,Labels
439,OFF-PA-10004610,Xerox 1900,Office Supplies,Paper
440,OFF-PA-10004888,Xerox 217,Office Supplies,Paper
441,OFF-LA-10000407,Avery White Multi-Purpose Labels,Office Supplies,Labels
442,OFF-AP-10003278,Belkin 7-Outlet SurgeMaster Home Series,Office Supplies,Appliances
443,OFF-SU-10002189,Acme Rosewood Handle Letter Opener,Office Supplies,Supplies
444,OFF-AR-10001044,"BOSTON Ranger #55 Pencil Sharpener, Black",Office Supplies,Art
445,OFF-LA-10000134,Avery 511,Office Supplies,Labels
446,OFF-PA-10002968,Xerox 1973,Office Supplies,Paper
447,OFF-SU-10001218,Fiskars Softgrip Scissors,Office Supplies,Supplies
448,OFF-AR-10000380,"Hunt PowerHouse Electric Pencil Sharpener, Blue",Office Supplies,Art
449,OFF-EN-10002600,"Redi-Strip #10 Envelopes, 4 1/8 x 9 1/2",Office Supplies,Envelopes
450,OFF-LA-10003148,Avery 51,Office Supplies,Labels
451,OFF-ST-10001418,Carina Media Storage Towers in Natural & Black,Office Supplies,Storage
452,OFF-ST-10000129,Fellowes Recycled Storage Drawers,Office Supplies,Storage
453,OFF-AR-10002952,Stanley Contemporary Battery Pencil Sharpeners,Office Supplies,Art
454,OFF-FA-10001229,Staples,Office Supplies,Fasteners
455,OFF-PA-10001667,Great White Multi-Use Recycled Paper (20Lb. and 84 Bright),Office Supplies,Paper
456,OFF-PA-10001307,"Important Message Pads, 50 4-1/4 x 5-1/2 Forms per Pad",Office Supplies,Paper
457,OFF-LA-10003223,Avery 508,Office Supplies,Labels
458,OFF-AR-10003727,Berol Giant Pencil Sharpener,Office Supplies,Art
459,OFF-PA-10000806,Xerox 1934,Office Supplies,Paper
460,OFF-PA-10000100,Xerox 1945,Office Supplies,Paper
461,OFF-ST-10004804,"Belkin 19"" Vented Equipment Shelf, Black",Office Supplies,Storage
462,OFF-AR-10003405,"Dixon My First Ticonderoga Pencil, #2",Office Supplies,Art
463,OFF-PA-10003205,"Wirebound Message Forms, Four 2 3/4 x 5 Forms per Page, Pink Paper",Office Supplies,Paper
464,OFF-AR-10001770,Economy #2 Pencils,Office Supplies,Art
465,OFF-LA-10001074,Round Specialty Laser Printer Labels,Office Supplies,Labels
466,OFF-PA-10000357,Xerox 1888,Office Supplies,Paper
467,OFF-PA-10003039,Xerox 1960,Office Supplies,Paper
468,OFF-AR-10003723,Avery Hi-Liter Fluorescent Desk Style Markers,Office Supplies,Art
469,OFF-LA-10001982,Smead Alpha-Z Color-Coded Name Labels First Letter Starter Set,Office Supplies,Labels
470,OFF-LA-10002312,Avery 490,Office Supplies,Labels
471,OFF-AR-10002987,Prismacolor Color Pencil Set,Office Supplies,Art
472,OFF-SU-10004737,Acme Design Stainless Steel Bent Scissors,Office Supplies,Supplies
473,OFF-AR-10003481,Newell 348,Office Supplies,Art
474,OFF-ST-10000532,Advantus Rolling Drawer Organizers,Office Supplies,Storage
475,OFF-AR-10004042,"BOSTON Model 1800 Electric Pencil Sharpeners, Putty/Woodgrain",Office Supplies,Art
476,OFF-SU-10004290,"Acme Design Line 8"" Stainless Steel Bent Scissors w/Champagne Handles, 3-1/8"" Cut",Office Supplies,Supplies
477,OFF-ST-10002352,Iris Project Case,Office Supplies,Storage
478,OFF-LA-10001045,Permanent Self-Adhesive File Folder Labels for Typewriters by Universal,Office Supplies,Labels
479,OFF-ST-10000617,Woodgrain Magazine Files by Perma,Office Supplies,Storage
480,OFF-FA-10003485,Staples,Office Supplies,Fasteners
481,OFF-ST-10004507,Advantus Rolling Storage Box,Office Supplies,Storage
482,OFF-ST-10001128,"Carina Mini System Audio Rack, Model AR050B",Office Supplies,Storage
483,OFF-LA-10003510,"Avery 4027 File Folder Labels for Dot Matrix Printers, 5000 Labels per Box, White",Office Supplies,Labels
484,OFF-SU-10001165,Acme Elite Stainless Steel Scissors,Office Supplies,Supplies
485,OFF-FA-10003059,Assorted Color Push Pins,Office Supplies,Fasteners
486,OFF-ST-10003656,Safco Industrial Wire Shelving,Office Supplies,Storage
487,OFF-LA-10004008,Avery 507,Office Supplies,Labels
488,OFF-FA-10000585,OIC Bulk Pack Metal Binder Clips,Office Supplies,Fasteners
489,OFF-FA-10000490,"OIC Binder Clips, Mini, 1/4"" Capacity, Black",Office Supplies,Fasteners
490,OFF-AR-10001547,Newell 311,Office Supplies,Art
491,OFF-AR-10003696,Panasonic KP-350BK Electric Pencil Sharpener with Auto Stop,Office Supplies,Art
492,OFF-EN-10004386,"Recycled Interoffice Envelopes with String and Button Closure, 10 x 13",Office Supplies,Envelopes
493,OFF-AP-10002222,Staples,Office Supplies,Appliances
494,OFF-ST-10001469,Fellowes Bankers Box Recycled Super Stor/Drawer,Office Supplies,Storage
495,OFF-EN-10003001,Ames Color-File Green Diamond Border X-ray Mailers,Office Supplies,Envelopes
496,OFF-FA-10002983,Advantus SlideClip Paper Clips,Office Supplies,Fasteners
497,OFF-EN-10002500,Globe Weis Peel & Seel First Class Envelopes,Office Supplies,Envelopes
498,OFF-FA-10000304,Advantus Push Pins,Office Supplies,Fasteners
499,OFF-ST-10001272,"Mini 13-1/2 Capacity Data Binder Rack, Pearl",Office Supplies,Storage
500,OFF-AP-10002287,"Eureka Sanitaire  Multi-Pro Heavy-Duty Upright, Disposable Bags",Office Supplies,Appliances
501,OFF-ST-10002292,"Sauder Facets Collection Locker/File Cabinet, Sky Alder Finish",Office Supplies,Storage
502,OFF-AP-10001303,"Holmes Cool Mist Humidifier for the Whole House with 8-Gallon Output per Day, Extended Life Filter",Office Supplies,Appliances
503,OFF-AR-10001662,Rogers Handheld Barrel Pencil Sharpener,Office Supplies,Art
504,OFF-ST-10001558,Acco Perma 4000 Stacking Storage Drawers,Office Supplies,Storage
505,OFF-AP-10002350,Belkin F9H710-06 7 Outlet SurgeMaster Surge Protector,Office Supplies,Appliances
506,OFF-EN-10001990,Staples,Office Supplies,Envelopes
507,OFF-ST-10003722,Project Tote Personal File,Office Supplies,Storage
508,OFF-SU-10002557,Fiskars Spring-Action Scissors,Office Supplies,Supplies
509,OFF-FA-10003112,Staples,Office Supplies,Fasteners
510,OFF-ST-10000760,Eldon Fold 'N Roll Cart System,Office Supplies,Storage
511,OFF-AR-10001972,Newell 323,Office Supplies,Art
512,OFF-AP-10002403,Acco Smartsocket Color-Coded Six-Outlet AC Adapter Model Surge Protectors,Office Supplies,Appliances
513,OFF-AR-10003087,Staples,Office Supplies,Art
514,OFF-AR-10001221,"Dixon Ticonderoga Erasable Colored Pencil Set, 12-Color",Office Supplies,Art
515,OFF-FA-10002676,Colored Push Pins,Office Supplies,Fasteners
516,OFF-AP-10001271,Eureka The Boss Cordless Rechargeable Stick Vac,Office Supplies,Appliances
517,OFF-AR-10001231,"Sanford EarthWrite Recycled Pencils, Medium Soft, #2",Office Supplies,Art
518,OFF-AR-10004344,Bulldog Vacuum Base Pencil Sharpener,Office Supplies,Art
519,OFF-ST-10001780,Tennsco 16-Compartment Lockers with Coat Rack,Office Supplies,Storage
520,OFF-EN-10002592,"Peel & Seel Recycled Catalog Envelopes, Brown",Office Supplies,Envelopes
521,OFF-AR-10003469,Nontoxic Chalk,Office Supplies,Art
522,OFF-AP-10002534,3.6 Cubic Foot Counter Height Office Refrigerator,Office Supplies,Appliances
523,OFF-AP-10001058,Sanyo 2.5 Cubic Foot Mid-Size Office Refrigerators,Office Supplies,Appliances
524,OFF-EN-10003134,Staples,Office Supplies,Envelopes
525,OFF-AR-10000203,Newell 336,Office Supplies,Art
526,OFF-LA-10001158,"Avery Address/Shipping Labels for Typewriters, 4"" x 2""",Office Supplies,Labels
527,OFF-AR-10001919,"OIC #2 Pencils, Medium Soft",Office Supplies,Art
528,OFF-LA-10004544,Avery 505,Office Supplies,Labels
529,OFF-ST-10003805,"24 Capacity Maxi Data Binder Racks, Pearl",Office Supplies,Storage
530,OFF-EN-10002312,#10 Self-Seal White Envelopes,Office Supplies,Envelopes
531,OFF-AR-10001427,Newell 330,Office Supplies,Art
532,OFF-AP-10002578,"Fellowes Premier Superior Surge Suppressor, 10-Outlet, With Phone and Remote",Office Supplies,Appliances
533,OFF-SU-10000898,"Acme Hot Forged Carbon Steel Scissors with Nickel-Plated Handles, 3 7/8"" Cut, 8""L",Office Supplies,Supplies
534,OFF-AP-10000576,"Belkin 325VA UPS Surge Protector, 6'",Office Supplies,Appliances
535,OFF-FA-10002780,Staples,Office Supplies,Fasteners
536,OFF-LA-10002034,Avery 478,Office Supplies,Labels
537,OFF-LA-10003714,Avery 510,Office Supplies,Labels
538,OFF-FA-10004838,"Super Bands, 12/Pack",Office Supplies,Fasteners
539,OFF-AR-10002221,12 Colored Short Pencils,Office Supplies,Art
540,OFF-AR-10003856,Newell 344,Office Supplies,Art
541,OFF-AR-10004022,Panasonic KP-380BK Classic Electric Pencil Sharpener,Office Supplies,Art
542,OFF-ST-10003221,Staples,Office Supplies,Storage
543,OFF-ST-10003327,Akro-Mils 12-Gallon Tote,Office Supplies,Storage
544,OFF-AR-10001988,Bulldog Table or Wall-Mount Pencil Sharpener,Office Supplies,Art
545,OFF-PA-10001800,Xerox 220,Office Supplies,Paper
546,OFF-PA-10001204,Xerox 1972,Office Supplies,Paper
547,OFF-PA-10004353,Southworth 25% Cotton Premium Laser Paper and Envelopes,Office Supplies,Paper
548,OFF-PA-10003971,Xerox 1965,Office Supplies,Paper
549,OFF-PA-10000174,"Message Book, Wirebound, Four 5 1/2"" X 4"" Forms/Pg., 200 Dupl. Sets/Book",Office Supplies,Paper
550,OFF-PA-10002586,Xerox 1970,Office Supplies,Paper
551,OFF-PA-10002749,"Wirebound Message Books, 5-1/2 x 4 Forms, 2 or 4 Forms per Page",Office Supplies,Paper
552,OFF-PA-10001950,Southworth 25% Cotton Antique Laid Paper & Envelopes,Office Supplies,Paper
553,OFF-PA-10001450,Rediform S.O.S. Phone Message Books,Office Supplies,Paper
554,OFF-PA-10003883,"Message Book, Phone, Wirebound Standard Line Memo, 2 3/4"" X 5""",Office Supplies,Paper
555,OFF-PA-10003953,Xerox 218,Office Supplies,Paper
556,OFF-PA-10000726,"Black Print Carbonless Snap-Off Rapid Letter, 8 1/2"" x 7""",Office Supplies,Paper
557,OFF-PA-10002787,Xerox 227,Office Supplies,Paper
558,OFF-PA-10001293,Xerox 1946,Office Supplies,Paper
559,OFF-PA-10004000,"While You Were Out Pads, 50 per Pad, 4 x 5 1/4, Green Cycle",Office Supplies,Paper
560,OFF-PA-10000241,"IBM Multi-Purpose Copy Paper, 8 1/2 x 11"", Case",Office Supplies,Paper
561,OFF-PA-10001870,Xerox 202,Office Supplies,Paper
562,OFF-PA-10004381,14-7/8 x 11 Blue Bar Computer Printout Paper,Office Supplies,Paper
563,OFF-PA-10002222,"Xerox Color Copier Paper, 11"" x 17"", Ream",Office Supplies,Paper
564,OFF-PA-10000141,"Ampad Evidence Wirebond Steno Books, 6"" x 9""",Office Supplies,Paper
565,OFF-PA-10001804,Xerox 195,Office Supplies,Paper
566,OFF-PA-10001892,"Rediform Wirebound ""Phone Memo"" Message Book, 11 x 5-3/4",Office Supplies,Paper
567,OFF-PA-10001357,Xerox 1886,Office Supplies,Paper
568,OFF-PA-10004041,"It's Hot Message Books with Stickers, 2 3/4"" x 5""",Office Supplies,Paper
569,OFF-PA-10000859,Unpadded Memo Slips,Office Supplies,Paper
570,OFF-PA-10000740,Xerox 1982,Office Supplies,Paper
571,OFF-PA-10003651,Xerox 1968,Office Supplies,Paper
572,OFF-PA-10004609,Xerox 221,Office Supplies,Paper
573,OFF-PA-10001289,White Computer Printout Paper by Universal,Office Supplies,Paper
574,OFF-PA-10002479,Xerox 4200 Series MultiUse Premium Copy Paper (20Lb. and 84 Bright),Office Supplies,Paper
575,OFF-EN-10004773,Staples,Office Supplies,Envelopes
576,OFF-AP-10001962,Black & Decker Filter for Double Action Dustbuster Cordless Vac BLDV7210,Office Supplies,Appliances
577,OFF-PA-10004039,Xerox 1882,Office Supplies,Paper
578,OFF-ST-10001476,Steel Personal Filing/Posting Tote,Office Supplies,Storage
579,OFF-FA-10003472,Bagged Rubber Bands,Office Supplies,Fasteners
580,OFF-ST-10000036,"Recycled Data-Pak for Archival Bound Computer Printouts, 12-1/2 x 12-1/2 x 16",Office Supplies,Storage
581,OFF-AR-10003770,Newell 340,Office Supplies,Art
582,OFF-EN-10004846,Letter or Legal Size Expandable Poly String Tie Envelopes,Office Supplies,Envelopes
583,OFF-PA-10003739,Xerox 1969,Office Supplies,Paper
584,OFF-SU-10000381,Acme Forged Steel Scissors with Black Enamel Handles,Office Supplies,Supplies
585,OFF-AR-10002656,Sanford Liquid Accent Highlighters,Office Supplies,Art
586,OFF-AR-10003772,Boston 16750 Black Compact Battery Pencil Sharpener,Office Supplies,Art
587,OFF-EN-10003286,Staples,Office Supplies,Envelopes
588,OFF-EN-10003845,Colored Envelopes,Office Supplies,Envelopes
589,OFF-AP-10002518,Kensington 7 Outlet MasterPiece Power Center,Office Supplies,Appliances
590,OFF-EN-10004007,Park Ridge Embossed Executive Business Envelopes,Office Supplies,Envelopes
591,OFF-AR-10000411,Boston 16701 Slimline Battery Pencil Sharpener,Office Supplies,Art
592,OFF-PA-10004255,Xerox 219,Office Supplies,Paper
593,OFF-AR-10004685,"Binney & Smith Crayola Metallic Colored Pencils, 8-Color Set",Office Supplies,Art
594,OFF-EN-10002504,"Tyvek  Top-Opening Peel & Seel Envelopes, Plain White",Office Supplies,Envelopes
595,OFF-AR-10000369,Design Ebony Sketching Pencil,Office Supplies,Art
596,OFF-EN-10003055,"Blue String-Tie & Button Interoffice Envelopes, 10 x 13",Office Supplies,Envelopes
597,OFF-ST-10002554,Tennsco Industrial Shelving,Office Supplies,Storage
598,OFF-AR-10001953,Boston 1645 Deluxe Heavier-Duty Electric Pencil Sharpener,Office Supplies,Art
599,OFF-AR-10004974,Newell 342,Office Supplies,Art
600,OFF-AR-10000614,Barrel Sharpener,Office Supplies,Art
601,OFF-AP-10004036,Bionaire 99.97% HEPA Air Cleaner,Office Supplies,Appliances
602,OFF-PA-10000587,"Array Parchment Paper, Assorted Colors",Office Supplies,Paper
603,OFF-PA-10001569,Xerox 232,Office Supplies,Paper
604,OFF-FA-10000936,Acco Hot Clips Clips to Go,Office Supplies,Fasteners
605,OFF-AP-10000595,Disposable Triple-Filter Dust Bags,Office Supplies,Appliances
606,OFF-LA-10001317,Avery 520,Office Supplies,Labels
607,OFF-PA-10001954,Xerox 1964,Office Supplies,Paper
608,OFF-PA-10004996,"Speediset Carbonless Redi-Letter 7"" x 8 1/2""",Office Supplies,Paper
609,OFF-AP-10002118,"1.7 Cubic Foot Compact ""Cube"" Office Refrigerators",Office Supplies,Appliances
610,OFF-SU-10003002,Letter Slitter,Office Supplies,Supplies
611,OFF-AP-10001005,Honeywell Quietcare HEPA Air Cleaner,Office Supplies,Appliances
612,OFF-LA-10001175,Avery 514,Office Supplies,Labels
613,OFF-AP-10002945,Honeywell Enviracaire Portable HEPA Air Cleaner for 17' x 22' Room,Office Supplies,Appliances
614,OFF-EN-10001099,Staples,Office Supplies,Envelopes
615,OFF-FA-10003021,Staples,Office Supplies,Fasteners
616,OFF-AP-10004136,Kensington 6 Outlet SmartSocket Surge Protector,Office Supplies,Appliances
617,OFF-AP-10000804,Hoover Portapower Portable Vacuum,Office Supplies,Appliances
618,OFF-AP-10002311,"Holmes Replacement Filter for HEPA Air Cleaner, Very Large Room, HEPA Filter",Office Supplies,Appliances
619,OFF-AP-10004540,"Eureka The Boss Lite 10-Amp Upright Vacuum, Blue",Office Supplies,Appliances
620,OFF-AP-10002457,"Eureka The Boss Plus 12-Amp Hard Box Upright Vacuum, Red",Office Supplies,Appliances
621,OFF-EN-10004147,Wausau Papers Astrobrights Colored Envelopes,Office Supplies,Envelopes
622,OFF-AP-10003779,Kensington 7 Outlet MasterPiece Power Center with Fax/Phone Line Protection,Office Supplies,Appliances
623,OFF-SU-10003936,Acme Serrated Blade Letter Opener,Office Supplies,Supplies
624,OFF-EN-10001137,"#10 Gummed Flap White Envelopes, 100/Box",Office Supplies,Envelopes
625,OFF-AP-10004336,"Conquest 14 Commercial Heavy-Duty Upright Vacuum, Collection System, Accessory Kit",Office Supplies,Appliances
626,OFF-AP-10001563,Belkin Premiere Surge Master II 8-outlet surge protector,Office Supplies,Appliances
627,OFF-LA-10003720,Avery 487,Office Supplies,Labels
628,OFF-FA-10004076,Translucent Push Pins by OIC,Office Supplies,Fasteners
629,OFF-AP-10000938,Avanti 1.7 Cu. Ft. Refrigerator,Office Supplies,Appliances
630,OFF-AP-10000576,Belkin 7 Outlet SurgeMaster II,Office Supplies,Appliances
631,OFF-FA-10001754,Stockwell Gold Paper Clips,Office Supplies,Fasteners
632,OFF-LA-10003121,Avery 506,Office Supplies,Labels
633,OFF-EN-10001532,Brown Kraft Recycled Envelopes,Office Supplies,Envelopes
634,OFF-LA-10004055,Color-Coded Legal Exhibit Labels,Office Supplies,Labels
635,OFF-AP-10000026,Tripp Lite Isotel 6 Outlet Surge Protector with Fax/Modem Protection,Office Supplies,Appliances
636,OFF-EN-10002986,"#10-4 1/8"" x 9 1/2"" Premium Diagonal Seam Envelopes",Office Supplies,Envelopes
637,OFF-FA-10004395,Plymouth Boxed Rubber Bands by Plymouth,Office Supplies,Fasteners
638,OFF-LA-10000634,Avery 509,Office Supplies,Labels
639,OFF-AR-10001026,"Sanford Uni-Blazer View Highlighters, Chisel Tip, Yellow",Office Supplies,Art
640,OFF-AR-10004999,Newell 315,Office Supplies,Art
641,OFF-AR-10004165,"Binney & Smith inkTank Erasable Pocket Highlighter, Chisel Tip, Yellow",Office Supplies,Art
642,OFF-AR-10002956,Boston 16801 Nautilus Battery Pencil Sharpener,Office Supplies,Art
643,OFF-AR-10003876,"Avery Hi-Liter GlideStik Fluorescent Highlighter, Yellow Ink",Office Supplies,Art
644,OFF-AR-10001761,Avery Hi-Liter Smear-Safe Highlighters,Office Supplies,Art
645,OFF-AR-10000716,DIXON Ticonderoga Erasable Checking Pencils,Office Supplies,Art
646,OFF-AR-10004817,Colorific Watercolor Pencils,Office Supplies,Art
647,OFF-AR-10001955,Newell 319,Office Supplies,Art
648,OFF-AR-10004582,BIC Brite Liner Grip Highlighters,Office Supplies,Art
649,OFF-AR-10000462,Sanford Pocket Accent Highlighters,Office Supplies,Art
650,OFF-AR-10001954,Newell 331,Office Supplies,Art
651,OFF-AR-10002240,Panasonic KP-150 Electric Pencil Sharpener,Office Supplies,Art
652,OFF-AR-10001683,Lumber Crayons,Office Supplies,Art
653,OFF-AR-10001177,Newell 349,Office Supplies,Art
654,OFF-AR-10001130,"Quartet Alpha White Chalk, 12/Pack",Office Supplies,Art
655,OFF-AR-10002280,Staples,Office Supplies,Art
656,OFF-ST-10004459,Tennsco Single-Tier Lockers,Office Supplies,Storage
657,OFF-ST-10004946,Desktop 3-Pocket Hot File,Office Supplies,Storage
658,OFF-ST-10000563,Fellowes Bankers Box Stor/Drawer Steel Plus,Office Supplies,Storage
659,OFF-ST-10000689,"Fellowes Strictly Business Drawer File, Letter/Legal Size",Office Supplies,Storage
660,OFF-ST-10001291,"Tenex Personal Self-Stacking Standard File Box, Black/Gray",Office Supplies,Storage
661,OFF-ST-10001172,"Tennsco Lockers, Sand",Office Supplies,Storage
662,OFF-ST-10003641,Space Solutions Industrial Galvanized Steel Shelving.,Office Supplies,Storage
663,OFF-ST-10000885,Fellowes Desktop Hanging File Manager,Office Supplies,Storage
664,OFF-ST-10004337,"SAFCO Commercial Wire Shelving, 72h",Office Supplies,Storage
665,OFF-ST-10003994,"Belkin 19"" Center-Weighted Shelf, Gray",Office Supplies,Storage
666,OFF-ST-10001522,"Gould Plastics 18-Pocket Panel Bin, 34w x 5-1/4d x 20-1/2h",Office Supplies,Storage
667,OFF-ST-10004123,Safco Industrial Wire Shelving System,Office Supplies,Storage
668,OFF-ST-10002276,Safco Steel Mobile File Cart,Office Supplies,Storage
669,OFF-ST-10002562,Staples,Office Supplies,Storage
670,OFF-ST-10000676,Fellowes Econo/Stor Drawers,Office Supplies,Storage
671,OFF-ST-10003324,Belkin OmniView SE Rackmount Kit,Office Supplies,Storage
672,OFF-ST-10000344,"Neat Ideas Personal Hanging Folder Files, Black",Office Supplies,Storage
673,OFF-ST-10001097,Office Impressions Heavy Duty Welded Shelving & Multimedia Storage Drawers,Office Supplies,Storage
674,OFF-ST-10003282,"Advantus 10-Drawer Portable Organizer, Chrome Metal Frame, Smoke Drawers",Office Supplies,Storage
675,OFF-ST-10001031,Adjustable Personal File Tote,Office Supplies,Storage
676,OFF-ST-10000142,Deluxe Rollaway Locking File with Drawer,Office Supplies,Storage
677,OFF-ST-10002182,"Iris 3-Drawer Stacking Bin, Black",Office Supplies,Storage
678,OFF-ST-10002790,Safco Industrial Shelving,Office Supplies,Storage
679,OFF-PA-10000919,Xerox 1918,Office Supplies,Paper
680,OFF-PA-10002960,Xerox 1926,Office Supplies,Paper
681,OFF-PA-10004948,Xerox 190,Office Supplies,Paper
682,OFF-PA-10001712,Xerox 1948,Office Supplies,Paper
683,OFF-PA-10002709,Xerox 1956,Office Supplies,Paper
684,OFF-PA-10003936,Xerox 1994,Office Supplies,Paper
685,OFF-PA-10000349,Staples,Office Supplies,Paper
686,OFF-PA-10000213,Xerox 198,Office Supplies,Paper
687,OFF-PA-10003823,Xerox 197,Office Supplies,Paper
688,OFF-PA-10000246,Riverleaf Stik-Withit Designer Note Cubes,Office Supplies,Paper
689,OFF-PA-10004470,"Adams Write n' Stick Phone Message Book, 11"" X 5 1/4"", 200 Messages",Office Supplies,Paper
690,OFF-PA-10003591,Southworth 100% Cotton The Best Paper,Office Supplies,Paper
691,OFF-PA-10003797,Xerox 209,Office Supplies,Paper
692,OFF-PA-10000501,Petty Cash Envelope,Office Supplies,Paper
693,OFF-PA-10004621,Xerox 212,Office Supplies,Paper
694,OFF-PA-10001815,Xerox 1885,Office Supplies,Paper
695,OFF-PA-10000061,Xerox 205,Office Supplies,Paper
696,OFF-PA-10000249,Staples,Office Supplies,Paper
697,OFF-PA-10002659,Avoid Verbal Orders Carbonless Minifold Book,Office Supplies,Paper
698,OFF-PA-10004156,Xerox 188,Office Supplies,Paper
699,OFF-PA-10003302,Xerox 1906,Office Supplies,Paper
700,OFF-PA-10001934,Xerox 1993,Office Supplies,Paper
701,OFF-PA-10000466,"Memo Book, 100 Message Capacity, 5 3/8” x 11”",Office Supplies,Paper
702,OFF-PA-10000533,Southworth Parchment Paper & Envelopes,Office Supplies,Paper
703,OFF-PA-10000474,Staples,Office Supplies,Paper
704,OFF-PA-10001295,Computer Printout Paper with Letter-Trim Perforations,Office Supplies,Paper
705,OFF-PA-10001685,Staples,Office Supplies,Paper
706,OFF-PA-10002741,Xerox 1980,Office Supplies,Paper
707,OFF-PA-10000791,"Wirebound Message Books, Four 2 3/4 x 5 Forms per Page, 200 Sets per Book",Office Supplies,Paper
708,OFF-PA-10001281,Computer Printout Paper with Letter-Trim Fine Perforations,Office Supplies,Paper
709,OFF-PA-10000697,"TOPS Voice Message Log Book, Flash Format",Office Supplies,Paper
710,OFF-PA-10000807,"TOPS ""Important Message"" Pads, Canary, 4-1/4 x 5-1/2, 50 Sheets per Pad",Office Supplies,Paper
711,OFF-PA-10000069,"TOPS 4 x 6 Fluorescent Color Memo Sheets, 500 Sheets per Pack",Office Supplies,Paper
712,OFF-PA-10001972,Xerox 214,Office Supplies,Paper
713,OFF-PA-10000007,"Telephone Message Books with Fax/Mobile Section, 4 1/4"" x 6""",Office Supplies,Paper
714,OFF-ST-10002344,"Carina 42""Hx23 3/4""W Media Storage Unit",Office Supplies,Storage
715,OFF-FA-10000840,OIC Thumb-Tacks,Office Supplies,Fasteners
716,OFF-LA-10000443,Avery 501,Office Supplies,Labels
717,OFF-PA-10001763,Xerox 1896,Office Supplies,Paper
718,OFF-SU-10003567,Stiletto Hand Letter Openers,Office Supplies,Supplies
719,OFF-AR-10004587,"Boston 1827 Commercial Additional Cutter, Drive Gear & Gear Rack for 1606",Office Supplies,Art
720,OFF-PA-10004243,Xerox 1939,Office Supplies,Paper
721,OFF-PA-10002001,Xerox 1984,Office Supplies,Paper
722,OFF-AP-10002191,Belkin 8 Outlet SurgeMaster II Gold Surge Protector,Office Supplies,Appliances
723,OFF-AR-10000799,Col-Erase Pencils with Erasers,Office Supplies,Art
724,OFF-PA-10001125,Xerox 1988,Office Supplies,Paper
725,OFF-FA-10004968,Rubber Band Ball,Office Supplies,Fasteners
726,OFF-FA-10002701,Alliance Rubber Bands,Office Supplies,Fasteners
727,OFF-AP-10001293,Belkin 8 Outlet Surge Protector,Office Supplies,Appliances
728,OFF-ST-10000934,"Contico 72""H Heavy-Duty Storage System",Office Supplies,Storage
729,OFF-ST-10004963,Eldon Gobal File Keepers,Office Supplies,Storage
730,OFF-LA-10002475,Avery 519,Office Supplies,Labels
731,OFF-AP-10001947,Acco 6 Outlet Guardian Premium Plus Surge Suppressor,Office Supplies,Appliances
732,OFF-LA-10002945,"Permanent Self-Adhesive File Folder Labels for Typewriters, 1 1/8 x 3 1/2, White",Office Supplies,Labels
733,OFF-AP-10002472,3M Office Air Cleaner,Office Supplies,Appliances
734,OFF-EN-10001141,"Manila Recycled Extra-Heavyweight Clasp Envelopes, 6"" x 9""",Office Supplies,Envelopes
735,OFF-PA-10002160,Xerox 1978,Office Supplies,Paper
736,OFF-EN-10000927,Jet-Pak Recycled Peel 'N' Seal Padded Mailers,Office Supplies,Envelopes
737,OFF-PA-10003673,Strathmore Photo Mount Cards,Office Supplies,Paper
738,OFF-AR-10001446,Newell 309,Office Supplies,Art
739,OFF-ST-10001228,Personal File Boxes with Fold-Down Carry Handle,Office Supplies,Storage
740,OFF-AR-10003560,Zebra Zazzle Fluorescent Highlighters,Office Supplies,Art
741,OFF-PA-10003134,Xerox 1937,Office Supplies,Paper
742,OFF-AR-10001166,Staples,Office Supplies,Art
743,OFF-AR-10000315,"Dixon Ticonderoga Maple Cedar Pencil, #2",Office Supplies,Art
744,OFF-LA-10004853,Avery 483,Office Supplies,Labels
745,OFF-PA-10003177,Xerox 1999,Office Supplies,Paper
746,OFF-AR-10002467,Dixon Ticonderoga Pencils,Office Supplies,Art
747,OFF-FA-10001883,"Alliance Super-Size Bands, Assorted Sizes",Office Supplies,Fasteners
748,OFF-LA-10003930,"Dot Matrix Printer Tape Reel Labels, White, 5000/Box",Office Supplies,Labels
749,OFF-AR-10004260,Boston 1799 Powerhouse Electric Pencil Sharpener,Office Supplies,Art
750,OFF-FA-10000089,Acco Glide Clips,Office Supplies,Fasteners
751,OFF-AP-10003590,Hoover WindTunnel Plus Canister Vacuum,Office Supplies,Appliances
752,OFF-AR-10000896,Newell 329,Office Supplies,Art
753,OFF-FA-10000254,Sterling Rubber Bands by Alliance,Office Supplies,Fasteners
754,OFF-AR-10000937,"Dixon Ticonderoga Core-Lock Colored Pencils, 48-Color Set",Office Supplies,Art
755,OFF-PA-10000048,Xerox 20,Office Supplies,Paper
756,OFF-SU-10004261,"Fiskars 8"" Scissors, 2/Pack",Office Supplies,Supplies
757,OFF-PA-10001801,Xerox 193,Office Supplies,Paper
758,OFF-PA-10001534,Xerox 230,Office Supplies,Paper
759,OFF-PA-10001246,Xerox 215,Office Supplies,Paper
760,OFF-PA-10002666,Southworth 25% Cotton Linen-Finish Paper & Envelopes,Office Supplies,Paper
761,OFF-LA-10002368,Avery 479,Office Supplies,Labels
762,OFF-BI-10001628,"Acco Data Flex Cable Posts For Top & Bottom Load Binders, 6"" Capacity",Office Supplies,Binders
763,OFF-ST-10000877,Recycled Steel Personal File for Standard File Folders,Office Supplies,Storage
764,OFF-AP-10000124,Acco 6 Outlet Guardian Basic Surge Suppressor,Office Supplies,Appliances
765,OFF-AR-10004511,"Sanford Colorific Scented Colored Pencils, 12/Pack",Office Supplies,Art
766,OFF-BI-10002160,Acco Hanging Data Binders,Office Supplies,Binders
767,OFF-BI-10003694,"Avery 3 1/2"" Diskette Storage Pages, 10/Pack",Office Supplies,Binders
768,OFF-BI-10001989,Premium Transparent Presentation Covers by GBC,Office Supplies,Binders
769,OFF-BI-10002432,Wilson Jones Standard D-Ring Binders,Office Supplies,Binders
770,OFF-BI-10004965,Ibico Covers for Plastic or Wire Binding Elements,Office Supplies,Binders
771,OFF-BI-10004876,Wilson Jones Suede Grain Vinyl Binders,Office Supplies,Binders
772,OFF-BI-10003476,Avery Metallic Poly Binders,Office Supplies,Binders
773,OFF-BI-10004001,GBC Recycled VeloBinder Covers,Office Supplies,Binders
774,OFF-PA-10002195,"RSVP Cards & Envelopes, Blank White, 8-1/2"" X 11"", 24 Cards/25 Envelopes/Set",Office Supplies,Paper
775,OFF-BI-10003460,Acco 3-Hole Punch,Office Supplies,Binders
776,OFF-ST-10002011,Smead Adjustable Mobile File Trolley with Lockable Top,Office Supplies,Storage
777,OFF-BI-10002429,"Premier Elliptical Ring Binder, Black",Office Supplies,Binders
778,OFF-LA-10004409,Avery 492,Office Supplies,Labels
779,OFF-AR-10001473,Newell 313,Office Supplies,Art
780,OFF-BI-10003527,Fellowes PB500 Electric Punch Plastic Comb Binding Machine with Manual Bind,Office Supplies,Binders
781,OFF-BI-10000309,"GBC Twin Loop Wire Binding Elements, 9/16"" Spine, Black",Office Supplies,Binders
782,OFF-BI-10001765,Wilson Jones Heavy-Duty Casebound Ring Binders with Metal Hinges,Office Supplies,Binders
783,OFF-BI-10003091,GBC DocuBind TL200 Manual Binding Machine,Office Supplies,Binders
784,OFF-AP-10000179,Honeywell Enviracaire Portable HEPA Air Cleaner for up to 10 x 16 Room,Office Supplies,Appliances
785,OFF-BI-10004970,"ACCOHIDE 3-Ring Binder, Blue, 1""",Office Supplies,Binders
786,OFF-BI-10002824,Recycled Easel Ring Binders,Office Supplies,Binders
787,OFF-BI-10002854,"Performers Binder/Pad Holder, Black",Office Supplies,Binders
788,OFF-BI-10001634,Wilson Jones Active Use Binders,Office Supplies,Binders
789,OFF-LA-10000476,"Avery 05222 Permanent Self-Adhesive File Folder Labels for Typewriters, on Rolls, White, 250/Roll",Office Supplies,Labels
790,OFF-BI-10004492,Tuf-Vin Binders,Office Supplies,Binders
791,OFF-BI-10000962,"Acco Flexible ACCOHIDE Square Ring Data Binder, Dark Blue, 11 1/2"" X 14"" 7/8""",Office Supplies,Binders
792,OFF-ST-10004950,Acco Perma 3000 Stacking Storage Drawers,Office Supplies,Storage
793,OFF-BI-10000822,"Acco PRESSTEX Data Binder with Storage Hooks, Light Blue, 9 1/2"" X 11""",Office Supplies,Binders
794,OFF-BI-10002735,GBC Prestige Therm-A-Bind Covers,Office Supplies,Binders
795,OFF-BI-10000320,GBC Plastic Binding Combs,Office Supplies,Binders
796,OFF-BI-10001078,"Acco PRESSTEX Data Binder with Storage Hooks, Dark Blue, 14 7/8"" X 11""",Office Supplies,Binders
797,OFF-PA-10001274,Loose Memo Sheets,Office Supplies,Paper
798,OFF-PA-10001560,"Adams Telephone Message Books, 5 1/4” x 11”",Office Supplies,Paper
799,OFF-BI-10002571,"Avery Framed View Binder, EZD Ring (Locking), Navy, 1 1/2""",Office Supplies,Binders
800,OFF-PA-10001583,"1/4 Fold Party Design Invitations & White Envelopes, 24 8-1/2"" X 11"" Cards, 25 Env./Pack",Office Supplies,Paper
801,OFF-PA-10003656,Xerox 1935,Office Supplies,Paper
802,OFF-PA-10000605,Xerox 1950,Office Supplies,Paper
803,OFF-AR-10003477,4009 Highlighters,Office Supplies,Art
804,OFF-BI-10001071,GBC ProClick Punch Binding System,Office Supplies,Binders
805,OFF-BI-10002414,GBC ProClick Spines for 32-Hole Punch,Office Supplies,Binders
806,OFF-PA-10000565,Staples,Office Supplies,Paper
807,OFF-BI-10004728,Wilson Jones Turn Tabs Binder Tool for Ring Binders,Office Supplies,Binders
808,OFF-BI-10003910,DXL Angle-View Binders with Locking Rings by Samsill,Office Supplies,Binders
809,OFF-BI-10002003,Ibico Presentation Index for Binding Systems,Office Supplies,Binders
810,OFF-BI-10002012,Wilson Jones Easy Flow II Sheet Lifters,Office Supplies,Binders
811,OFF-BI-10003350,Acco Expandable Hanging Binders,Office Supplies,Binders
812,OFF-BI-10004826,JM Magazine Binder,Office Supplies,Binders
813,OFF-BI-10000977,Ibico Plastic Spiral Binding Combs,Office Supplies,Binders
814,OFF-ST-10000136,Letter Size File,Office Supplies,Storage
815,OFF-BI-10002412,Wilson Jones “Snap” Scratch Pad Binder Tool for Ring Binders,Office Supplies,Binders
816,OFF-BI-10002813,Avery Reinforcements for Hole-Punch Pages,Office Supplies,Binders
817,OFF-BI-10002133,"Wilson Jones Elliptical Ring 3 1/2"" Capacity Binders, 800 sheets",Office Supplies,Binders
818,OFF-BI-10001890,Avery Poly Binder Pockets,Office Supplies,Binders
819,OFF-BI-10004236,"XtraLife ClearVue Slant-D Ring Binder, White, 3""",Office Supplies,Binders
820,OFF-BI-10001757,Pressboard Hanging Data Binders for Unburst Sheets,Office Supplies,Binders
821,OFF-AP-10001564,Hoover Commercial Lightweight Upright Vacuum with E-Z Empty Dirt Cup,Office Supplies,Appliances
822,OFF-BI-10002353,GBC VeloBind Cover Sets,Office Supplies,Binders
823,OFF-BI-10002026,Avery Arch Ring Binders,Office Supplies,Binders
824,OFF-BI-10004364,Storex Dura Pro Binders,Office Supplies,Binders
825,OFF-LA-10003388,Avery 5,Office Supplies,Labels
826,OFF-BI-10002082,GBC Twin Loop Wire Binding Elements,Office Supplies,Binders
827,OFF-BI-10004040,Wilson Jones Impact Binders,Office Supplies,Binders
828,OFF-BI-10002852,Ibico Standard Transparent Covers,Office Supplies,Binders
829,OFF-BI-10000145,Zipper Ring Binder Pockets,Office Supplies,Binders
830,OFF-AR-10004010,Hunt Boston Vacuum Mount KS Pencil Sharpener,Office Supplies,Art
831,OFF-BI-10004094,GBC Standard Plastic Binding Systems Combs,Office Supplies,Binders
832,OFF-BI-10002897,"Black Avery Memo-Size 3-Ring Binder, 5 1/2"" x 8 1/2""",Office Supplies,Binders
833,OFF-BI-10003656,Fellowes PB200 Plastic Comb Binding Machine,Office Supplies,Binders
834,OFF-PA-10003256,Avery Personal Creations Heavyweight Cards,Office Supplies,Paper
835,OFF-AR-10004078,Newell 312,Office Supplies,Art
836,OFF-PA-10002499,Xerox 1890,Office Supplies,Paper
837,OFF-ST-10000918,Crate-A-Files,Office Supplies,Storage
838,OFF-BI-10003707,Aluminum Screw Posts,Office Supplies,Binders
839,OFF-PA-10002552,Xerox 1958,Office Supplies,Paper
840,OFF-AP-10002906,Hoover Replacement Belt for Commercial Guardsman Heavy-Duty Upright Vacuum,Office Supplies,Appliances
841,OFF-BI-10000050,"Angle-D Binders with Locking Rings, Label Holders",Office Supplies,Binders
842,OFF-PA-10004665,Advantus Motivational Note Cards,Office Supplies,Paper
843,OFF-AR-10003183,Avery Fluorescent Highlighter Four-Color Set,Office Supplies,Art
844,OFF-BI-10001597,"Wilson Jones Ledger-Size, Piano-Hinge Binder, 2"", Blue",Office Supplies,Binders
845,OFF-BI-10001718,GBC DocuBind P50 Personal Binding Machine,Office Supplies,Binders
846,OFF-BI-10001510,Deluxe Heavy-Duty Vinyl Round Ring Binder,Office Supplies,Binders
847,OFF-BI-10001308,GBC Standard Plastic Binding Systems' Combs,Office Supplies,Binders
848,OFF-BI-10000829,Avery Non-Stick Binders,Office Supplies,Binders
849,OFF-PA-10000300,Xerox 1936,Office Supplies,Paper
850,OFF-BI-10000343,"Pressboard Covers with Storage Hooks, 9 1/2"" x 11"", Light Blue",Office Supplies,Binders
851,OFF-BI-10004738,Flexible Leather- Look Classic Collection Ring Binder,Office Supplies,Binders
852,OFF-FA-10002815,Staples,Office Supplies,Fasteners
853,OFF-BI-10004632,GBC Binding covers,Office Supplies,Binders
854,OFF-BI-10000174,"Wilson Jones Clip & Carry Folder Binder Tool for Ring Binders, Clear",Office Supplies,Binders
855,OFF-FA-10000735,Staples,Office Supplies,Fasteners
856,OFF-AR-10004027,"Binney & Smith inkTank Erasable Desk Highlighter, Chisel Tip, Yellow, 12/Box",Office Supplies,Art
857,OFF-BI-10003925,Fellowes PB300 Plastic Comb Binding Machine,Office Supplies,Binders
858,OFF-AR-10003478,"Avery Hi-Liter EverBold Pen Style Fluorescent Highlighters, 4/Pack",Office Supplies,Art
859,OFF-AR-10001958,Stanley Bostitch Contemporary Electric Pencil Sharpeners,Office Supplies,Art
860,OFF-SU-10001935,Staples,Office Supplies,Supplies
861,OFF-BI-10000201,"Avery Triangle Shaped Sheet Lifters, Black, 2/Pack",Office Supplies,Binders
862,OFF-BI-10001072,"GBC Clear Cover, 8-1/2 x 11, unpunched, 25 covers per pack",Office Supplies,Binders
863,OFF-BI-10000546,Avery Durable Binders,Office Supplies,Binders
864,OFF-PA-10002120,Xerox 1889,Office Supplies,Paper
865,OFF-AP-10003860,Fellowes Advanced 8 Outlet Surge Suppressor with Phone/Fax Protection,Office Supplies,Appliances
866,OFF-BI-10004593,Ibico Laser Imprintable Binding System Covers,Office Supplies,Binders
867,OFF-PA-10000556,Xerox 208,Office Supplies,Paper
868,OFF-BI-10003314,Tuff Stuff Recycled Round Ring Binders,Office Supplies,Binders
869,OFF-EN-10003040,Quality Park Security Envelopes,Office Supplies,Envelopes
870,OFF-AP-10003217,Eureka Sanitaire  Commercial Upright,Office Supplies,Appliances
871,OFF-BI-10000756,Storex DuraTech Recycled Plastic Frosted Binders,Office Supplies,Binders
872,OFF-BI-10004584,GBC ProClick 150 Presentation Binding System,Office Supplies,Binders
873,OFF-BI-10002706,Avery Premier Heavy-Duty Binder with Round Locking Rings,Office Supplies,Binders
874,OFF-BI-10004233,"GBC Pre-Punched Binding Paper, Plastic, White, 8-1/2"" x 11""",Office Supplies,Binders
875,OFF-BI-10001359,GBC DocuBind TL300 Electric Binding System,Office Supplies,Binders
876,OFF-SU-10004661,Acme Titanium Bonded Scissors,Office Supplies,Supplies
877,OFF-ST-10001414,Decoflex Hanging Personal Folder File,Office Supplies,Storage
878,OFF-BI-10004209,"Fellowes Twister Kit, Gray/Clear, 3/pkg",Office Supplies,Binders
879,OFF-BI-10004600,Ibico Ibimaster 300 Manual Binding System,Office Supplies,Binders
880,OFF-PA-10004248,Xerox 1990,Office Supplies,Paper
881,OFF-BI-10000138,Acco Translucent Poly Ring Binders,Office Supplies,Binders
882,OFF-PA-10001752,Hammermill CopyPlus Copy Paper (20Lb. and 84 Bright),Office Supplies,Paper
883,OFF-AP-10002734,Holmes Harmony HEPA Air Purifier for 17 x 20 Room,Office Supplies,Appliances
884,OFF-EN-10004955,Fashion Color Clasp Envelopes,Office Supplies,Envelopes
885,OFF-BI-10004519,GBC DocuBind P100 Manual Binding Machine,Office Supplies,Binders
886,OFF-AR-10000538,"Boston Model 1800 Electric Pencil Sharpener, Gray",Office Supplies,Art
887,OFF-BI-10002867,GBC Recycled Regency Composition Covers,Office Supplies,Binders
888,OFF-BI-10004187,Staples,Office Supplies,Binders
889,OFF-BI-10003274,"Avery Durable Slant Ring Binders, No Labels",Office Supplies,Binders
890,OFF-BI-10003963,Cardinal Holdit Data Disk Pockets,Office Supplies,Binders
891,OFF-AP-10001124,Belkin 8 Outlet SurgeMaster II Gold Surge Protector with Phone Protection,Office Supplies,Appliances
892,OFF-BI-10000474,Avery Recycled Flexi-View Covers for Binding Systems,Office Supplies,Binders
893,OFF-BI-10001153,Ibico Recycled Grain-Textured Covers,Office Supplies,Binders
894,OFF-BI-10000315,Poly Designer Cover & Back,Office Supplies,Binders
895,OFF-PA-10000673,"Post-it “Important Message” Note Pad, Neon Colors, 50 Sheets/Pad",Office Supplies,Paper
896,OFF-AR-10003896,"Stride Job 150 Highlighters, Chisel Tip, Assorted Colors",Office Supplies,Art
897,OFF-BI-10002827,Avery Durable Poly Binders,Office Supplies,Binders
898,OFF-BI-10004632,Ibico Hi-Tech Manual Binding System,Office Supplies,Binders
899,OFF-PA-10000955,Southworth 25% Cotton Granite Paper & Envelopes,Office Supplies,Paper
900,OFF-BI-10002215,"Wilson Jones Hanging View Binder, White, 1""",Office Supplies,Binders
901,OFF-PA-10001952,Xerox 1902,Office Supplies,Paper
902,OFF-BI-10000069,"GBC Prepunched Paper, 19-Hole, for Binding Systems, 24-lb",Office Supplies,Binders
903,OFF-EN-10002831,"Tyvek  Top-Opening Peel & Seel  Envelopes, Gray",Office Supplies,Envelopes
904,OFF-BI-10003364,Binding Machine Supplies,Office Supplies,Binders
905,OFF-AP-10003884,"Fellowes Smart Surge Ten-Outlet Protector, Platinum",Office Supplies,Appliances
906,OFF-BI-10003650,GBC DocuBind 300 Electric Binding Machine,Office Supplies,Binders
907,OFF-BI-10003719,Large Capacity Hanging Post Binders,Office Supplies,Binders
908,OFF-PA-10001215,Xerox 1963,Office Supplies,Paper
909,OFF-BI-10000088,GBC Imprintable Covers,Office Supplies,Binders
910,OFF-AP-10000159,Belkin F9M820V08 8 Outlet Surge,Office Supplies,Appliances
911,OFF-BI-10000605,"Acco Pressboard Covers with Storage Hooks, 9 1/2"" x 11"", Executive Red",Office Supplies,Binders
912,OFF-PA-10003349,Xerox 1957,Office Supplies,Paper
913,OFF-BI-10000136,Avery Non-Stick Heavy Duty View Round Locking Ring Binders,Office Supplies,Binders
914,OFF-BI-10001191,Canvas Sectional Post Binders,Office Supplies,Binders
915,OFF-SU-10004115,Acme Stainless Steel Office Snips,Office Supplies,Supplies
916,OFF-AR-10003217,Newell 316,Office Supplies,Art
917,OFF-BI-10002799,"SlimView Poly Binder, 3/8""",Office Supplies,Binders
918,OFF-BI-10001249,Avery Heavy-Duty EZD View Binder with Locking Rings,Office Supplies,Binders
919,OFF-ST-10002444,Recycled Eldon Regeneration Jumbo File,Office Supplies,Storage
920,OFF-BI-10000285,XtraLife ClearVue Slant-D Ring Binders by Cardinal,Office Supplies,Binders
921,OFF-BI-10002557,Presstex Flexible Ring Binders,Office Supplies,Binders
922,OFF-BI-10000591,Avery Binder Labels,Office Supplies,Binders
923,OFF-BI-10001721,Trimflex Flexible Post Binders,Office Supplies,Binders
924,OFF-BI-10002309,Avery Heavy-Duty EZD  Binder With Locking Rings,Office Supplies,Binders
925,OFF-PA-10000788,Xerox 210,Office Supplies,Paper
926,OFF-BI-10002764,Recycled Pressboard Report Cover with Reinforced Top Hinge,Office Supplies,Binders
927,OFF-PA-10001461,HP Office Paper (20Lb. and 87 Bright),Office Supplies,Paper
928,OFF-BI-10000404,Avery Printable Repositionable Plastic Tabs,Office Supplies,Binders
929,OFF-BI-10003007,"Premium Transparent Presentation Covers, No Pattern/Clear, 8 1/2"" x 11""",Office Supplies,Binders
930,OFF-BI-10000014,Heavy-Duty E-Z-D Binders,Office Supplies,Binders
931,OFF-PA-10000029,Xerox 224,Office Supplies,Paper
932,OFF-BI-10000666,Surelock Post Binders,Office Supplies,Binders
933,OFF-BI-10004352,Wilson Jones DublLock D-Ring Binders,Office Supplies,Binders
934,OFF-BI-10002026,Ibico Recycled Linen-Style Covers,Office Supplies,Binders
935,OFF-BI-10001787,Wilson Jones Four-Pocket Poly Binders,Office Supplies,Binders
936,OFF-BI-10004141,Insertable Tab Indexes For Data Binders,Office Supplies,Binders
937,OFF-BI-10000632,Satellite Sectional Post Binders,Office Supplies,Binders
938,OFF-BI-10004318,Ibico EB-19 Dual Function Manual Binding System,Office Supplies,Binders
939,OFF-AR-10002257,"Eldon Spacemaker Box, Quick-Snap Lid, Clear",Office Supplies,Art
940,OFF-SU-10002881,Martin Yale Chadless Opener Electric Letter Opener,Office Supplies,Supplies
941,OFF-PA-10001994,"Ink Jet Note and Greeting Cards, 8-1/2"" x 5-1/2"" Card Size",Office Supplies,Paper
942,OFF-BI-10003291,Wilson Jones Leather-Like Binders with DublLock Round Rings,Office Supplies,Binders
943,OFF-AR-10000127,Newell 321,Office Supplies,Art
944,OFF-BI-10003982,Wilson Jones Century Plastic Molded Ring Binders,Office Supplies,Binders
945,OFF-BI-10001670,Vinyl Sectional Post Binders,Office Supplies,Binders
946,OFF-BI-10001132,"Acco PRESSTEX Data Binder with Storage Hooks, Dark Blue, 9 1/2"" X 11""",Office Supplies,Binders
947,OFF-BI-10001543,GBC VeloBinder Manual Binding System,Office Supplies,Binders
948,OFF-AP-10003281,Acco 6 Outlet Guardian Standard Surge Suppressor,Office Supplies,Appliances
949,OFF-BI-10001679,GBC Instant Index System for Binding Systems,Office Supplies,Binders
950,OFF-BI-10003638,GBC Durable Plastic Covers,Office Supplies,Binders
951,OFF-PA-10001622,"Ampad Poly Cover Wirebound Steno Book, 6"" x 9"" Assorted Colors, Gregg Ruled",Office Supplies,Paper
952,OFF-BI-10001036,Cardinal EasyOpen D-Ring Binders,Office Supplies,Binders
953,OFF-BI-10004002,Wilson Jones International Size A4 Ring Binders,Office Supplies,Binders
954,OFF-AP-10003099,"Eureka Hand Vacuum, Bagless",Office Supplies,Appliances
955,OFF-AP-10003266,"Holmes Replacement Filter for HEPA Air Cleaner, Large Room",Office Supplies,Appliances
956,OFF-AR-10003986,Avery Hi-Liter Pen Style Six-Color Fluorescent Set,Office Supplies,Art
957,OFF-BI-10003355,Cardinal Holdit Business Card Pockets,Office Supplies,Binders
958,OFF-PA-10003270,Xerox 1954,Office Supplies,Paper
959,OFF-BI-10004410,"C-Line Peel & Stick Add-On Filing Pockets, 8-3/4 x 5-1/8, 10/Pack",Office Supplies,Binders
960,OFF-BI-10003529,Avery Round Ring Poly Binders,Office Supplies,Binders
961,OFF-PA-10001790,Xerox 1910,Office Supplies,Paper
962,OFF-BI-10003876,"Green Canvas Binder for 8-1/2"" x 14"" Sheets",Office Supplies,Binders
963,OFF-BI-10003712,"Acco Pressboard Covers with Storage Hooks, 14 7/8"" x 11"", Light Blue",Office Supplies,Binders
964,OFF-BI-10002072,Cardinal Slant-D Ring Binders,Office Supplies,Binders
965,OFF-AP-10002439,Tripp Lite Isotel 8 Ultra 8 Outlet Metal Surge,Office Supplies,Appliances
966,OFF-BI-10004182,Economy Binders,Office Supplies,Binders
967,OFF-BI-10001758,Wilson Jones 14 Line Acrylic Coated Pressboard Data Binders,Office Supplies,Binders
968,OFF-BI-10000301,GBC Instant Report Kit,Office Supplies,Binders
969,OFF-BI-10001120,Ibico EPK-21 Electric Binding System,Office Supplies,Binders
970,OFF-BI-10003676,"GBC Standard Recycled Report Covers, Clear Plastic Sheets",Office Supplies,Binders
971,OFF-BI-10003684,Wilson Jones Legal Size Ring Binders,Office Supplies,Binders
972,OFF-BI-10001658,GBC Standard Therm-A-Bind Covers,Office Supplies,Binders
973,OFF-BI-10001097,Avery Hole Reinforcements,Office Supplies,Binders
974,OFF-BI-10004654,Avery Binding System Hidden Tab Executive Style Index Sets,Office Supplies,Binders
975,OFF-BI-10002976,ACCOHIDE Binder by Acco,Office Supplies,Binders
976,OFF-BI-10004654,VariCap6 Expandable Binder,Office Supplies,Binders
977,OFF-BI-10000948,"GBC Laser Imprintable Binding System Covers, Desert Sand",Office Supplies,Binders
978,OFF-BI-10004099,GBC VeloBinder Strips,Office Supplies,Binders
979,OFF-AR-10000475,"Hunt BOSTON Vista Battery-Operated Pencil Sharpener, Black",Office Supplies,Art
980,OFF-AR-10002704,Boston 1900 Electric Pencil Sharpener,Office Supplies,Art
981,OFF-BI-10002071,Fellowes Black Plastic Comb Bindings,Office Supplies,Binders
982,OFF-BI-10001525,"Acco Pressboard Covers with Storage Hooks, 14 7/8"" x 11"", Executive Red",Office Supplies,Binders
983,OFF-BI-10002393,Binder Posts,Office Supplies,Binders
984,OFF-EN-10000781,"#10- 4 1/8"" x 9 1/2"" Recycled Envelopes",Office Supplies,Envelopes
985,OFF-BI-10003094,Self-Adhesive Ring Binder Labels,Office Supplies,Binders
986,OFF-BI-10001460,Plastic Binding Combs,Office Supplies,Binders
987,OFF-BI-10003305,Avery Hanging File Binders,Office Supplies,Binders
988,OFF-LA-10003537,Avery 515,Office Supplies,Labels
989,OFF-BI-10003981,"Avery Durable Plastic 1"" Binders",Office Supplies,Binders
990,OFF-BI-10001107,"GBC White Gloss Covers, Plain Front",Office Supplies,Binders
991,OFF-EN-10004206,Multimedia Mailers,Office Supplies,Envelopes
992,OFF-BI-10001267,"Universal Recycled Hanging Pressboard Report Binders, Letter Size",Office Supplies,Binders
993,OFF-BI-10004828,GBC Poly Designer Binding Covers,Office Supplies,Binders
994,OFF-BI-10003669,3M Organizer Strips,Office Supplies,Binders
995,OFF-BI-10002954,Newell 3-Hole Punched Plastic Slotted Magazine Holders for Binders,Office Supplies,Binders
996,OFF-BI-10002949,Prestige Round Ring Binders,Office Supplies,Binders
997,OFF-BI-10004656,Peel & Stick Add-On Corner Pockets,Office Supplies,Binders
998,OFF-PA-10002259,"Geographics Note Cards, Blank, White, 8 1/2"" x 11""",Office Supplies,Paper
999,OFF-BI-10001294,Fellowes Binding Cases,Office Supplies,Binders
1000,OFF-AR-10001149,"Avery Hi-Liter Comfort Grip Fluorescent Highlighter, Yellow Ink",Office Supplies,Art
1001,OFF-PA-10000130,Xerox 199,Office Supplies,Paper
1002,OFF-BI-10002049,UniKeep View Case Binders,Office Supplies,Binders
1003,OFF-BI-10004224,Catalog Binders with Expanding Posts,Office Supplies,Binders
1004,OFF-LA-10004178,Avery 491,Office Supplies,Labels
1005,OFF-BI-10003655,Durable Pressboard Binders,Office Supplies,Binders
1006,OFF-PA-10001826,Xerox 207,Office Supplies,Paper
1007,OFF-BI-10004139,Fellowes Presentation Covers for Comb Binding Machines,Office Supplies,Binders
1008,OFF-BI-10000831,Storex Flexible Poly Binders with Double Pockets,Office Supplies,Binders
1009,OFF-BI-10000773,Insertable Tab Post Binder Dividers,Office Supplies,Binders
1010,OFF-BI-10001116,"Wilson Jones 1"" Hanging DublLock Ring Binders",Office Supplies,Binders
1011,OFF-BI-10000545,GBC Ibimaster 500 Manual ProClick Binding System,Office Supplies,Binders
1012,OFF-BI-10004995,GBC DocuBind P400 Electric Binding System,Office Supplies,Binders
1013,OFF-BI-10001196,"Avery Flip-Chart Easel Binder, Black",Office Supplies,Binders
1014,OFF-BI-10002225,"Square Ring Data Binders, Rigid 75 Pt. Covers, 11"" x 14-7/8""",Office Supplies,Binders
1015,OFF-BI-10001636,Ibico Plastic and Wire Spiral Binding Combs,Office Supplies,Binders
1016,OFF-AR-10000833,"Binney & Smith Pencil Sharpener, Water Color",Office Supplies,Art
1017,OFF-AR-10001291,"Sanford Canvas, Fluorescent",Office Supplies,Art
1018,OFF-FA-10004878,"Stockwell Clamps, Bulk Pack",Office Supplies,Fasteners
1019,OFF-BI-10002894,"Avery Binding Machine, Durable",Office Supplies,Binders
1020,OFF-BI-10003951,"Ibico 3-Hole Punch, Economy",Office Supplies,Binders
1021,OFF-AR-10004519,"Boston Canvas, Fluorescent",Office Supplies,Art
1022,OFF-AR-10000110,"Binney & Smith Sketch Pad, Blue",Office Supplies,Art
1023,OFF-EN-10003780,"Jiffy Peel and Seal, Recycled",Office Supplies,Envelopes
1024,OFF-SU-10004524,"Kleencut Box Cutter, High Speed",Office Supplies,Supplies
1025,OFF-SU-10000906,"Fiskars Shears, High Speed",Office Supplies,Supplies
1026,OFF-BI-10004054,"Cardinal Hole Reinforcements, Economy",Office Supplies,Binders
1027,OFF-BI-10004924,"Cardinal 3-Hole Punch, Economy",Office Supplies,Binders
1028,OFF-BI-10000329,"Acco Binder, Durable",Office Supplies,Binders
1029,OFF-FA-10004424,"Advantus Clamps, 12 Pack",Office Supplies,Fasteners
1030,OFF-PA-10000756,"Enermax Computer Printout Paper, Premium",Office Supplies,Paper
1031,OFF-LA-10002996,"Avery Removable Labels, Laser Printer Compatible",Office Supplies,Labels
1032,OFF-AR-10000727,"Stanley Canvas, Easy-Erase",Office Supplies,Art
1033,OFF-FA-10003730,"Stockwell Thumb Tacks, Bulk Pack",Office Supplies,Fasteners
1034,OFF-AR-10003651,"Sanford Pencil Sharpener, Easy-Erase",Office Supplies,Art
1035,OFF-BI-10001124,"Ibico Binder Covers, Clear",Office Supplies,Binders
1036,OFF-LA-10000648,"Harbour Creations Round Labels, Alphabetical",Office Supplies,Labels
1037,OFF-SU-10001657,"Acme Box Cutter, High Speed",Office Supplies,Supplies
1038,OFF-EN-10002410,"GlobeWeis Manila Envelope, Recycled",Office Supplies,Envelopes
1039,OFF-BI-10000308,"Cardinal Binder Covers, Durable",Office Supplies,Binders
1040,OFF-AR-10000703,"BIC Pens, Water Color",Office Supplies,Art
1041,OFF-BI-10001249,"Acco Hole Reinforcements, Recycled",Office Supplies,Binders
1042,OFF-FA-10002895,"Accos Staples, 12 Pack",Office Supplies,Fasteners
1043,OFF-PA-10003455,"Xerox Cards & Envelopes, Premium",Office Supplies,Paper
1044,OFF-BI-10000282,"Ibico Binder, Durable",Office Supplies,Binders
1045,OFF-AR-10003651,"Sanford Pens, Easy-Erase",Office Supplies,Art
1046,OFF-BI-10004448,"Ibico Binder, Clear",Office Supplies,Binders
1047,OFF-AR-10002902,"Sanford Canvas, Water Color",Office Supplies,Art
1048,OFF-FA-10004665,"Stockwell Paper Clips, Metal",Office Supplies,Fasteners
1049,OFF-SU-10000087,"Stiletto Ruler, High Speed",Office Supplies,Supplies
1050,OFF-BI-10002040,"Ibico 3-Hole Punch, Recycled",Office Supplies,Binders
1051,OFF-SU-10002357,"Kleencut Trimmer, High Speed",Office Supplies,Supplies
1052,OFF-FA-10001551,"Stockwell Thumb Tacks, 12 Pack",Office Supplies,Fasteners
1053,OFF-PA-10003868,"SanDisk Cards & Envelopes, Recycled",Office Supplies,Paper
1054,OFF-PA-10003796,"Eaton Parchment Paper, 8.5 x 11",Office Supplies,Paper
1055,OFF-BI-10003068,"Ibico Binding Machine, Durable",Office Supplies,Binders
1056,OFF-SU-10001578,"Stiletto Shears, High Speed",Office Supplies,Supplies
1057,OFF-AR-10003384,"Boston Pens, Water Color",Office Supplies,Art
1058,OFF-FA-10004344,"Advantus Thumb Tacks, Assorted Sizes",Office Supplies,Fasteners
1059,OFF-AR-10001626,"BIC Pens, Blue",Office Supplies,Art
1060,OFF-EN-10000271,"Kraft Peel and Seal, with clear poly window",Office Supplies,Envelopes
1061,OFF-EN-10004970,"GlobeWeis Peel and Seal, Security-Tint",Office Supplies,Envelopes
1062,OFF-PA-10001686,"SanDisk Memo Slips, Premium",Office Supplies,Paper
1063,OFF-BI-10001055,"Wilson Jones Hole Reinforcements, Durable",Office Supplies,Binders
1064,OFF-EN-10001449,"Kraft Manila Envelope, with clear poly window",Office Supplies,Envelopes
1065,OFF-PA-10003510,"Enermax Message Books, Recycled",Office Supplies,Paper
1066,OFF-PA-10000908,"Xerox Note Cards, Premium",Office Supplies,Paper
1067,OFF-AR-10002447,"Stanley Sketch Pad, Water Color",Office Supplies,Art
1068,OFF-AR-10000066,"Sanford Pens, Blue",Office Supplies,Art
1069,OFF-AR-10002640,"Boston Pens, Blue",Office Supplies,Art
1070,OFF-AR-10001578,"Sanford Pencil Sharpener, Fluorescent",Office Supplies,Art
1071,OFF-AR-10002783,"Stanley Pencil Sharpener, Water Color",Office Supplies,Art
1072,OFF-SU-10003234,"Acme Box Cutter, Easy Grip",Office Supplies,Supplies
1073,OFF-BI-10003320,"Cardinal Hole Reinforcements, Recycled",Office Supplies,Binders
1074,OFF-AR-10002165,"Boston Sketch Pad, Fluorescent",Office Supplies,Art
1075,OFF-SU-10000782,"Fiskars Shears, Serrated",Office Supplies,Supplies
1076,OFF-BI-10002986,"Avery Binder Covers, Recycled",Office Supplies,Binders
1077,OFF-BI-10001544,"Wilson Jones Hole Reinforcements, Clear",Office Supplies,Binders
1078,OFF-SU-10002094,"Acme Letter Opener, Steel",Office Supplies,Supplies
1079,OFF-AR-10000176,"Sanford Highlighters, Water Color",Office Supplies,Art
1080,OFF-BI-10004801,"Acco Binding Machine, Durable",Office Supplies,Binders
1081,OFF-AR-10004739,"BIC Canvas, Easy-Erase",Office Supplies,Art
1082,OFF-AR-10001714,"Binney & Smith Markers, Fluorescent",Office Supplies,Art
1083,OFF-AR-10003633,"Binney & Smith Canvas, Easy-Erase",Office Supplies,Art
1084,OFF-BI-10002354,"Acco Binder, Clear",Office Supplies,Binders
1085,OFF-SU-10001791,"Elite Box Cutter, Serrated",Office Supplies,Supplies
1086,OFF-EN-10004491,"Cameo Manila Envelope, Recycled",Office Supplies,Envelopes
1087,OFF-AR-10001228,"Stanley Markers, Water Color",Office Supplies,Art
1088,OFF-FA-10002964,"Accos Clamps, 12 Pack",Office Supplies,Fasteners
1089,OFF-LA-10000425,"Smead Legal Exhibit Labels, Alphabetical",Office Supplies,Labels
1090,OFF-SU-10001351,"Stiletto Letter Opener, Steel",Office Supplies,Supplies
1091,OFF-AR-10002454,"Binney & Smith Canvas, Water Color",Office Supplies,Art
1092,OFF-BI-10004628,"Cardinal Binder, Durable",Office Supplies,Binders
1093,OFF-BI-10000323,"Wilson Jones 3-Hole Punch, Clear",Office Supplies,Binders
1094,OFF-PA-10001722,"SanDisk Message Books, Premium",Office Supplies,Paper
1095,OFF-SU-10002379,"Fiskars Letter Opener, High Speed",Office Supplies,Supplies
1096,OFF-LA-10003295,"Harbour Creations Color Coded Labels, Alphabetical",Office Supplies,Labels
1097,OFF-EN-10003049,"GlobeWeis Clasp Envelope, Security-Tint",Office Supplies,Envelopes
1098,OFF-AR-10000505,"Binney & Smith Pens, Easy-Erase",Office Supplies,Art
1099,OFF-SU-10002032,"Stiletto Scissors, Easy Grip",Office Supplies,Supplies
1100,OFF-FA-10001097,"Accos Paper Clips, Assorted Sizes",Office Supplies,Fasteners
1101,OFF-LA-10003503,"Smead Legal Exhibit Labels, Adjustable",Office Supplies,Labels
1102,OFF-ST-10000035,"Tenex Folders, Industrial",Office Supplies,Storage
1103,OFF-AR-10002805,"Boston Sketch Pad, Blue",Office Supplies,Art
1104,OFF-BI-10002459,"Cardinal Binding Machine, Recycled",Office Supplies,Binders
1105,OFF-SU-10004627,"Stiletto Box Cutter, High Speed",Office Supplies,Supplies
1106,OFF-AR-10003766,"BIC Sketch Pad, Easy-Erase",Office Supplies,Art
1107,OFF-ST-10004432,"Fellowes Folders, Blue",Office Supplies,Storage
1108,OFF-LA-10002295,"Novimex Shipping Labels, Alphabetical",Office Supplies,Labels
1109,OFF-PA-10000947,"Eaton Memo Slips, Premium",Office Supplies,Paper
1110,OFF-BI-10003708,"Avery Binder, Economy",Office Supplies,Binders
1111,OFF-ST-10000020,"Fellowes Folders, Single Width",Office Supplies,Storage
1112,OFF-SU-10001137,"Kleencut Scissors, High Speed",Office Supplies,Supplies
1113,OFF-EN-10003850,"GlobeWeis Clasp Envelope, Security-Tint",Office Supplies,Envelopes
1114,OFF-BI-10000440,"Acco Index Tab, Economy",Office Supplies,Binders
1115,OFF-FA-10000713,"Stockwell Clamps, 12 Pack",Office Supplies,Fasteners
1116,OFF-EN-10003529,"Ames Peel and Seal, Recycled",Office Supplies,Envelopes
1117,OFF-BI-10001304,"Cardinal 3-Hole Punch, Recycled",Office Supplies,Binders
1118,OFF-EN-10002348,"Cameo Peel and Seal, Set of 50",Office Supplies,Envelopes
1119,OFF-LA-10000236,"Avery Color Coded Labels, Laser Printer Compatible",Office Supplies,Labels
1120,OFF-AR-10002382,"Binney & Smith Pencil Sharpener, Water Color",Office Supplies,Art
1121,OFF-EN-10002710,"GlobeWeis Interoffice Envelope, with clear poly window",Office Supplies,Envelopes
1122,OFF-FA-10000487,"Stockwell Paper Clips, Bulk Pack",Office Supplies,Fasteners
1123,OFF-BI-10000542,"Wilson Jones 3-Hole Punch, Durable",Office Supplies,Binders
1124,OFF-LA-10004182,"Hon Color Coded Labels, 5000 Label Set",Office Supplies,Labels
1125,OFF-AR-10000124,"Binney & Smith Highlighters, Fluorescent",Office Supplies,Art
1126,OFF-EN-10002015,"GlobeWeis Peel and Seal, with clear poly window",Office Supplies,Envelopes
1127,OFF-LA-10004753,"Novimex Round Labels, Laser Printer Compatible",Office Supplies,Labels
1128,OFF-LA-10000039,"Smead Legal Exhibit Labels, Adjustable",Office Supplies,Labels
1129,OFF-BI-10001324,"Acco 3-Hole Punch, Economy",Office Supplies,Binders
1130,OFF-ST-10000718,"Fellowes Folders, Single Width",Office Supplies,Storage
1131,OFF-SU-10002337,"Elite Trimmer, High Speed",Office Supplies,Supplies
1132,OFF-AR-10004492,"BIC Canvas, Blue",Office Supplies,Art
1133,OFF-AR-10000184,"Boston Pencil Sharpener, Water Color",Office Supplies,Art
1134,OFF-SU-10002189,"Fiskars Shears, Easy Grip",Office Supplies,Supplies
1135,OFF-BI-10000620,"Wilson Jones Index Tab, Economy",Office Supplies,Binders
1136,OFF-BI-10000844,"Wilson Jones Hole Reinforcements, Economy",Office Supplies,Binders
1137,OFF-LA-10003084,"Avery File Folder Labels, Alphabetical",Office Supplies,Labels
1138,OFF-SU-10002544,"Kleencut Box Cutter, Serrated",Office Supplies,Supplies
1139,OFF-BI-10001384,"Cardinal Binder, Economy",Office Supplies,Binders
1140,OFF-AR-10000751,"Boston Highlighters, Fluorescent",Office Supplies,Art
1141,OFF-AP-10004569,"Hoover Coffee Grinder, Red",Office Supplies,Appliances
1142,OFF-BI-10004644,"Cardinal Index Tab, Durable",Office Supplies,Binders
1143,OFF-LA-10003827,"Avery Color Coded Labels, 5000 Label Set",Office Supplies,Labels
1144,OFF-LA-10004777,"Smead Shipping Labels, 5000 Label Set",Office Supplies,Labels
1145,OFF-FA-10003891,"Stockwell Push Pins, Metal",Office Supplies,Fasteners
1146,OFF-BI-10002414,"Ibico Index Tab, Economy",Office Supplies,Binders
1147,OFF-SU-10000925,"Fiskars Box Cutter, High Speed",Office Supplies,Supplies
1148,OFF-SU-10003758,"Fiskars Scissors, High Speed",Office Supplies,Supplies
1149,OFF-SU-10001421,"Acme Shears, Easy Grip",Office Supplies,Supplies
1150,OFF-AR-10001068,"BIC Sketch Pad, Easy-Erase",Office Supplies,Art
1151,OFF-BI-10004080,"Wilson Jones 3-Hole Punch, Economy",Office Supplies,Binders
1152,OFF-BI-10004624,"Wilson Jones Binder, Durable",Office Supplies,Binders
1153,OFF-FA-10000700,"OIC Thumb Tacks, 12 Pack",Office Supplies,Fasteners
1154,OFF-SU-10003474,"Elite Box Cutter, Easy Grip",Office Supplies,Supplies
1155,OFF-SU-10000130,"Fiskars Ruler, High Speed",Office Supplies,Supplies
1156,OFF-AR-10001720,"Stanley Canvas, Blue",Office Supplies,Art
1157,OFF-AP-10002223,"Cuisinart Coffee Grinder, Red",Office Supplies,Appliances
1158,OFF-SU-10003511,"Kleencut Ruler, High Speed",Office Supplies,Supplies
1159,OFF-LA-10003283,"Harbour Creations Removable Labels, Adjustable",Office Supplies,Labels
1160,OFF-AR-10000444,"BIC Highlighters, Blue",Office Supplies,Art
1161,OFF-PA-10004069,"SanDisk Parchment Paper, 8.5 x 11",Office Supplies,Paper
1162,OFF-EN-10002372,"GlobeWeis Manila Envelope, Security-Tint",Office Supplies,Envelopes
1163,OFF-PA-10001170,"Xerox Cards & Envelopes, Multicolor",Office Supplies,Paper
1164,OFF-ST-10000560,"Fellowes Trays, Industrial",Office Supplies,Storage
1165,OFF-LA-10000276,"Smead File Folder Labels, 5000 Label Set",Office Supplies,Labels
1166,OFF-FA-10001783,"Stockwell Rubber Bands, Metal",Office Supplies,Fasteners
1167,OFF-ST-10004800,"Eldon Folders, Industrial",Office Supplies,Storage
1168,OFF-AR-10000812,"Binney & Smith Pens, Fluorescent",Office Supplies,Art
1169,OFF-ST-10000557,"Tenex Box, Blue",Office Supplies,Storage
1170,OFF-AR-10000467,"Sanford Markers, Fluorescent",Office Supplies,Art
1171,OFF-ST-10000095,"Fellowes File Cart, Industrial",Office Supplies,Storage
1172,OFF-LA-10001800,"Hon Shipping Labels, Laser Printer Compatible",Office Supplies,Labels
1173,OFF-SU-10003137,"Fiskars Letter Opener, Steel",Office Supplies,Supplies
1174,OFF-LA-10000897,"Avery Round Labels, Laser Printer Compatible",Office Supplies,Labels
1175,OFF-BI-10003999,"Avery Hole Reinforcements, Clear",Office Supplies,Binders
1176,OFF-SU-10004911,"Acme Shears, High Speed",Office Supplies,Supplies
1177,OFF-BI-10002075,"Wilson Jones Hole Reinforcements, Durable",Office Supplies,Binders
1178,OFF-AR-10000409,"Sanford Canvas, Easy-Erase",Office Supplies,Art
1179,OFF-BI-10003058,"Acco Binder Covers, Economy",Office Supplies,Binders
1180,OFF-FA-10003496,"Stockwell Push Pins, Assorted Sizes",Office Supplies,Fasteners
1181,OFF-EN-10004190,"Cameo Mailers, Security-Tint",Office Supplies,Envelopes
1182,OFF-AR-10002583,"BIC Markers, Fluorescent",Office Supplies,Art
1183,OFF-AP-10003043,"Breville Blender, White",Office Supplies,Appliances
1184,OFF-SU-10004446,"Acme Ruler, Steel",Office Supplies,Supplies
1185,OFF-EN-10002008,"Cameo Mailers, Recycled",Office Supplies,Envelopes
1186,OFF-BI-10001058,"Ibico Binding Machine, Clear",Office Supplies,Binders
1187,OFF-LA-10000700,"Avery Legal Exhibit Labels, Laser Printer Compatible",Office Supplies,Labels
1188,OFF-LA-10002609,"Avery Color Coded Labels, Alphabetical",Office Supplies,Labels
1189,OFF-FA-10004265,"Stockwell Paper Clips, Assorted Sizes",Office Supplies,Fasteners
1190,OFF-PA-10003640,"Eaton Cards & Envelopes, Recycled",Office Supplies,Paper
1191,OFF-BI-10004195,"Wilson Jones Binding Machine, Clear",Office Supplies,Binders
1192,OFF-SAN-10001128,"Sanford Pens, Easy-Erase",Office Supplies,Art
1193,OFF-PA-10000070,"Eaton Computer Printout Paper, Recycled",Office Supplies,Paper
1194,OFF-FA-10003318,"Stockwell Clamps, Bulk Pack",Office Supplies,Fasteners
1195,OFF-SME-10000746,"Smead Lockers, Industrial",Office Supplies,Storage
1196,OFF-STO-10000347,"Stockwell Clamps, Assorted Sizes",Office Supplies,Fasteners
1197,OFF-FA-10004258,"OIC Thumb Tacks, Bulk Pack",Office Supplies,Fasteners
1198,OFF-EN-10003936,"Cameo Peel and Seal, with clear poly window",Office Supplies,Envelopes
1199,OFF-AR-10000307,"Binney & Smith Markers, Easy-Erase",Office Supplies,Art
1200,OFF-BIC-10002722,"BIC Pens, Water Color",Office Supplies,Art
1201,OFF-KRA-10002789,"Kraft Peel and Seal, with clear poly window",Office Supplies,Envelopes
1202,OFF-BI-10004868,"Wilson Jones Hole Reinforcements, Durable",Office Supplies,Binders
1203,OFF-EN-10003413,"Jiffy Interoffice Envelope, with clear poly window",Office Supplies,Envelopes
1204,OFF-PA-10002520,"Green Bar Cards & Envelopes, Recycled",Office Supplies,Paper
1205,OFF-BOS-10002558,"Boston Pencil Sharpener, Easy-Erase",Office Supplies,Art
1206,OFF-SAN-10004881,"Sanford Pencil Sharpener, Easy-Erase",Office Supplies,Art
1207,OFF-LA-10000438,"Novimex Legal Exhibit Labels, 5000 Label Set",Office Supplies,Labels
1208,OFF-AR-10003336,"Sanford Pencil Sharpener, Easy-Erase",Office Supplies,Art
1209,OFF-ST-10004496,"Tenex Box, Blue",Office Supplies,Storage
1210,OFF-AP-10002822,"KitchenAid Toaster, Red",Office Supplies,Appliances
1211,OFF-EN-10004424,"GlobeWeis Interoffice Envelope, Set of 50",Office Supplies,Envelopes
1212,OFF-BI-10004120,"Ibico 3-Hole Punch, Durable",Office Supplies,Binders
1213,OFF-PA-10000579,"Xerox Computer Printout Paper, Recycled",Office Supplies,Paper
1214,OFF-ST-10003334,"Smead Trays, Wire Frame",Office Supplies,Storage
1215,OFF-BI-10004651,"Cardinal Binding Machine, Clear",Office Supplies,Binders
1216,OFF-EN-10002140,"Jiffy Business Envelopes, Recycled",Office Supplies,Envelopes
1217,OFF-SU-10000649,"Fiskars Box Cutter, High Speed",Office Supplies,Supplies
1218,OFF-GRE-10004796,"Green Bar Computer Printout Paper, Multicolor",Office Supplies,Paper
1219,OFF-ST-10004583,"Eldon Shelving, Single Width",Office Supplies,Storage
1220,OFF-LA-10001191,"Harbour Creations File Folder Labels, Alphabetical",Office Supplies,Labels
1221,OFF-PA-10001164,"Green Bar Message Books, Recycled",Office Supplies,Paper
1222,OFF-FEL-10001343,"Fellowes Box, Wire Frame",Office Supplies,Storage
1223,OFF-ACC-10002220,"Acco Binding Machine, Economy",Office Supplies,Binders
1224,OFF-ELD-10002207,"Eldon Folders, Single Width",Office Supplies,Storage
1225,OFF-STI-10004202,"Stiletto Scissors, Steel",Office Supplies,Supplies
1226,OFF-EN-10000532,"Cameo Clasp Envelope, Set of 50",Office Supplies,Envelopes
1227,OFF-BI-10003579,"Avery 3-Hole Punch, Economy",Office Supplies,Binders
1228,OFF-AP-10004515,"Hamilton Beach Coffee Grinder, Red",Office Supplies,Appliances
1229,OFF-FA-10000563,"Accos Push Pins, Assorted Sizes",Office Supplies,Fasteners
1230,OFF-BI-10000280,"Ibico Hole Reinforcements, Economy",Office Supplies,Binders
1231,OFF-BI-10002523,"Wilson Jones Index Tab, Economy",Office Supplies,Binders
1232,OFF-LA-10003422,"Smead Color Coded Labels, Alphabetical",Office Supplies,Labels
1233,OFF-BI-10002126,"Wilson Jones Index Tab, Clear",Office Supplies,Binders
1234,OFF-FA-10000467,"Stockwell Push Pins, 12 Pack",Office Supplies,Fasteners
1235,OFF-LA-10003210,"Harbour Creations File Folder Labels, Laser Printer Compatible",Office Supplies,Labels
1236,OFF-BI-10000765,"Avery Hole Reinforcements, Durable",Office Supplies,Binders
1237,OFF-ST-10003800,"Rogers Folders, Wire Frame",Office Supplies,Storage
1238,OFF-SU-10001618,"Kleencut Letter Opener, Easy Grip",Office Supplies,Supplies
1239,OFF-STA-10000298,"Stanley Canvas, Blue",Office Supplies,Art
1240,OFF-AVE-10004556,"Avery Hole Reinforcements, Recycled",Office Supplies,Binders
1241,OFF-ACC-10004538,"Acco Binder Covers, Recycled",Office Supplies,Binders
1242,OFF-LA-10002199,"Harbour Creations Removable Labels, Adjustable",Office Supplies,Labels
1243,OFF-PA-10004027,"Xerox Cards & Envelopes, Recycled",Office Supplies,Paper
1244,OFF-AR-10000502,"BIC Highlighters, Easy-Erase",Office Supplies,Art
1245,OFF-BI-10003774,"Cardinal 3-Hole Punch, Durable",Office Supplies,Binders
1246,OFF-SU-10003267,"Stiletto Scissors, Easy Grip",Office Supplies,Supplies
1247,OFF-SAN-10002484,"Sanford Canvas, Blue",Office Supplies,Art
1248,OFF-BI-10000340,"Avery Binding Machine, Clear",Office Supplies,Binders
1249,OFF-SME-10001667,"Smead Shipping Labels, 5000 Label Set",Office Supplies,Labels
1250,OFF-AR-10001759,"Sanford Sketch Pad, Fluorescent",Office Supplies,Art
1251,OFF-BI-10002511,"Avery 3-Hole Punch, Clear",Office Supplies,Binders
1252,OFF-BI-10003899,"Avery 3-Hole Punch, Recycled",Office Supplies,Binders
1253,OFF-FA-10003462,"Stockwell Thumb Tacks, Assorted Sizes",Office Supplies,Fasteners
1254,OFF-ST-10004837,"Eldon File Cart, Single Width",Office Supplies,Storage
1255,OFF-KLE-10000527,"Kleencut Scissors, High Speed",Office Supplies,Supplies
1256,OFF-BI-10000854,"Acco Binder Covers, Economy",Office Supplies,Binders
1257,OFF-SU-10003221,"Acme Trimmer, Easy Grip",Office Supplies,Supplies
1258,OFF-FA-10002539,"Stockwell Rubber Bands, Metal",Office Supplies,Fasteners
1259,OFF-BI-10001254,"Avery Binding Machine, Recycled",Office Supplies,Binders
1260,OFF-FA-10003659,"Accos Paper Clips, Assorted Sizes",Office Supplies,Fasteners
1261,OFF-BI-10001326,"Cardinal Binder, Recycled",Office Supplies,Binders
1262,OFF-LA-10002875,"Novimex Shipping Labels, Adjustable",Office Supplies,Labels
1263,OFF-BI-10000827,"Acco Binder, Recycled",Office Supplies,Binders
1264,OFF-BI-10002364,"Acco Binder, Durable",Office Supplies,Binders
1265,OFF-AME-10002376,"Ames Manila Envelope, Recycled",Office Supplies,Envelopes
1266,OFF-LA-10003551,"Harbour Creations File Folder Labels, 5000 Label Set",Office Supplies,Labels
1267,OFF-PA-10002047,"Green Bar Cards & Envelopes, 8.5 x 11",Office Supplies,Paper
1268,OFF-AR-10001216,"BIC Pencil Sharpener, Easy-Erase",Office Supplies,Art
1269,OFF-FA-10000429,"Stockwell Push Pins, Bulk Pack",Office Supplies,Fasteners
1270,OFF-LA-10001292,"Smead File Folder Labels, Adjustable",Office Supplies,Labels
1271,OFF-ST-10004015,"Smead Trays, Blue",Office Supplies,Storage
1272,OFF-SU-10003629,"Fiskars Letter Opener, High Speed",Office Supplies,Supplies
1273,OFF-EN-10003537,"GlobeWeis Manila Envelope, Set of 50",Office Supplies,Envelopes
1274,OFF-CAR-10001428,"Cardinal Index Tab, Durable",Office Supplies,Binders
1275,OFF-EN-10003508,"GlobeWeis Peel and Seal, with clear poly window",Office Supplies,Envelopes
1276,OFF-SU-10001308,"Fiskars Trimmer, Serrated",Office Supplies,Supplies
1277,OFF-BIN-10000711,"Binney & Smith Markers, Fluorescent",Office Supplies,Art
1278,OFF-LA-10000190,"Harbour Creations Round Labels, 5000 Label Set",Office Supplies,Labels
1279,OFF-EN-10004422,"Cameo Peel and Seal, Set of 50",Office Supplies,Envelopes
1280,OFF-EN-10004518,"GlobeWeis Mailers, Recycled",Office Supplies,Envelopes
1281,OFF-PA-10002237,"Enermax Memo Slips, 8.5 x 11",Office Supplies,Paper
1282,OFF-AR-10001192,"Binney & Smith Canvas, Fluorescent",Office Supplies,Art
1283,OFF-ST-10004368,"Tenex Trays, Industrial",Office Supplies,Storage
1284,OFF-LA-10002225,"Hon Shipping Labels, 5000 Label Set",Office Supplies,Labels
1285,OFF-ST-10004482,"Rogers Shelving, Industrial",Office Supplies,Storage
1286,OFF-SU-10001813,"Kleencut Ruler, Easy Grip",Office Supplies,Supplies
1287,OFF-ST-10002873,"Fellowes Folders, Industrial",Office Supplies,Storage
1288,OFF-EN-10003175,"Ames Manila Envelope, Security-Tint",Office Supplies,Envelopes
1289,OFF-LA-10004058,"Hon Legal Exhibit Labels, 5000 Label Set",Office Supplies,Labels
1290,OFF-TEN-10000894,"Tenex Folders, Single Width",Office Supplies,Storage
1291,OFF-EN-10002035,"Kraft Mailers, Set of 50",Office Supplies,Envelopes
1292,OFF-EN-10003832,"Ames Business Envelopes, Set of 50",Office Supplies,Envelopes
1293,OFF-EN-10003425,"Cameo Mailers, Recycled",Office Supplies,Envelopes
1294,OFF-BI-10004632,"Avery 3-Hole Punch, Recycled",Office Supplies,Binders
1295,OFF-AR-10002096,"Binney & Smith Markers, Fluorescent",Office Supplies,Art
1296,OFF-PA-10004849,"Xerox Computer Printout Paper, Multicolor",Office Supplies,Paper
1297,OFF-PA-10000302,"Eaton Computer Printout Paper, Multicolor",Office Supplies,Paper
1298,OFF-AR-10004218,"Sanford Pencil Sharpener, Water Color",Office Supplies,Art
1299,OFF-FA-10003833,"OIC Thumb Tacks, Metal",Office Supplies,Fasteners
1300,OFF-FEL-10001630,"Fellowes Lockers, Industrial",Office Supplies,Storage
1301,OFF-LA-10002650,"Novimex Removable Labels, Laser Printer Compatible",Office Supplies,Labels
1302,OFF-PA-10002464,"Green Bar Computer Printout Paper, Multicolor",Office Supplies,Paper
1303,OFF-BI-10001399,"Avery Binder Covers, Clear",Office Supplies,Binders
1304,OFF-SU-10001080,"Acme Letter Opener, High Speed",Office Supplies,Supplies
1305,OFF-AP-10003334,"Cuisinart Coffee Grinder, Silver",Office Supplies,Appliances
1306,OFF-SU-10001689,"Acme Box Cutter, Easy Grip",Office Supplies,Supplies
1307,OFF-PA-10004589,"Green Bar Computer Printout Paper, Multicolor",Office Supplies,Paper
1308,OFF-EN-10004755,"Cameo Business Envelopes, Set of 50",Office Supplies,Envelopes
1309,OFF-FA-10001925,"Advantus Staples, 12 Pack",Office Supplies,Fasteners
1310,OFF-BI-10004903,"Ibico Hole Reinforcements, Durable",Office Supplies,Binders
1311,OFF-EN-10003898,"Ames Peel and Seal, Set of 50",Office Supplies,Envelopes
1312,OFF-PA-10002652,"Eaton Note Cards, Premium",Office Supplies,Paper
1313,OFF-ST-10004367,"Rogers Trays, Blue",Office Supplies,Storage
1314,OFF-ST-10001326,"Tenex Shelving, Single Width",Office Supplies,Storage
1315,OFF-EN-10003472,"Cameo Clasp Envelope, Security-Tint",Office Supplies,Envelopes
1316,OFF-AR-10001738,"Binney & Smith Canvas, Easy-Erase",Office Supplies,Art
1317,OFF-BI-10001183,"Avery 3-Hole Punch, Clear",Office Supplies,Binders
1318,OFF-EN-10000315,"Kraft Manila Envelope, Recycled",Office Supplies,Envelopes
1319,OFF-GRE-10001059,"Green Bar Note Cards, 8.5 x 11",Office Supplies,Paper
1320,OFF-AP-10004201,"Breville Refrigerator, White",Office Supplies,Appliances
1321,OFF-PA-10000752,"Xerox Note Cards, Premium",Office Supplies,Paper
1322,OFF-BI-10004554,"Avery Index Tab, Clear",Office Supplies,Binders
1323,OFF-BI-10002455,"Acco 3-Hole Punch, Durable",Office Supplies,Binders
1324,OFF-AP-10001776,"Hoover Refrigerator, Red",Office Supplies,Appliances
1325,OFF-BI-10004195,"Ibico Binder Covers, Durable",Office Supplies,Binders
1326,OFF-SME-10000538,"Smead File Cart, Single Width",Office Supplies,Storage
1327,OFF-BIC-10001823,"BIC Canvas, Fluorescent",Office Supplies,Art
1328,OFF-PA-10002371,"Green Bar Message Books, 8.5 x 11",Office Supplies,Paper
1329,OFF-AP-10003590,"KitchenAid Refrigerator, Black",Office Supplies,Appliances
1330,OFF-ST-10002151,"Eldon Box, Blue",Office Supplies,Storage
1331,OFF-BI-10001645,"Ibico Binding Machine, Recycled",Office Supplies,Binders
1332,OFF-GRE-10002738,"Green Bar Cards & Envelopes, Premium",Office Supplies,Paper
1333,OFF-STI-10002040,"Stiletto Ruler, Easy Grip",Office Supplies,Supplies
1334,OFF-OIC-10003366,"OIC Staples, Metal",Office Supplies,Fasteners
1335,OFF-EN-10004909,"GlobeWeis Peel and Seal, Recycled",Office Supplies,Envelopes
1336,OFF-ST-10004330,"Smead Folders, Single Width",Office Supplies,Storage
1337,OFF-EN-10004469,"Jiffy Manila Envelope, Recycled",Office Supplies,Envelopes
1338,OFF-AP-10001305,"Breville Microwave, White",Office Supplies,Appliances
1339,OFF-FA-10002388,"Accos Push Pins, Assorted Sizes",Office Supplies,Fasteners
1340,OFF-AP-10002998,"KitchenAid Microwave, Red",Office Supplies,Appliances
1341,OFF-PA-10002328,"Eaton Memo Slips, Recycled",Office Supplies,Paper
1342,OFF-AP-10001621,"Cuisinart Blender, Silver",Office Supplies,Appliances
1343,OFF-AP-10002017,"Cuisinart Blender, Red",Office Supplies,Appliances
1344,OFF-ACC-10000307,"Acco Index Tab, Clear",Office Supplies,Binders
1345,OFF-FEL-10001541,"Fellowes Lockers, Wire Frame",Office Supplies,Storage
1346,OFF-BI-10004177,"Wilson Jones 3-Hole Punch, Durable",Office Supplies,Binders
1347,OFF-EN-10002186,"Kraft Manila Envelope, Set of 50",Office Supplies,Envelopes
1348,OFF-WIL-10003532,"Wilson Jones Binding Machine, Economy",Office Supplies,Binders
1349,OFF-FA-10003885,"Stockwell Rubber Bands, Metal",Office Supplies,Fasteners
1350,OFF-LA-10000713,"Novimex Removable Labels, Adjustable",Office Supplies,Labels
1351,OFF-PA-10001495,"Xerox Parchment Paper, Recycled",Office Supplies,Paper
1352,OFF-STO-10001671,"Stockwell Staples, Assorted Sizes",Office Supplies,Fasteners
1353,OFF-SU-10001682,"Kleencut Letter Opener, High Speed",Office Supplies,Supplies
1354,OFF-LA-10000624,"Hon File Folder Labels, 5000 Label Set",Office Supplies,Labels
1355,OFF-EN-10004418,"GlobeWeis Clasp Envelope, Recycled",Office Supplies,Envelopes
1356,OFF-PA-10004946,"SanDisk Note Cards, Multicolor",Office Supplies,Paper
1357,OFF-BI-10001685,"Avery Index Tab, Durable",Office Supplies,Binders
1358,OFF-AR-10000659,"BIC Pencil Sharpener, Fluorescent",Office Supplies,Art
1359,OFF-BI-10003883,"Acco Binder, Economy",Office Supplies,Binders
1360,OFF-ST-10004835,"Fellowes File Cart, Wire Frame",Office Supplies,Storage
1361,OFF-STA-10001791,"Stanley Highlighters, Water Color",Office Supplies,Art
1362,OFF-BIN-10000327,"Binney & Smith Markers, Water Color",Office Supplies,Art
1363,OFF-AR-10000185,"Stanley Pens, Water Color",Office Supplies,Art
1364,OFF-LA-10003140,"Harbour Creations Round Labels, Alphabetical",Office Supplies,Labels
1365,OFF-ST-10004947,"Fellowes File Cart, Industrial",Office Supplies,Storage
1366,OFF-ST-10000103,"Smead Lockers, Industrial",Office Supplies,Storage
1367,OFF-ELI-10001904,"Elite Letter Opener, Steel",Office Supplies,Supplies
1368,OFF-AR-10001230,"Binney & Smith Markers, Water Color",Office Supplies,Art
1369,OFF-NOV-10002952,"Novimex Round Labels, Laser Printer Compatible",Office Supplies,Labels
1370,OFF-PA-10002295,"Xerox Cards & Envelopes, 8.5 x 11",Office Supplies,Paper
1371,OFF-EN-10003431,"Cameo Interoffice Envelope, Security-Tint",Office Supplies,Envelopes
1372,OFF-SME-10000335,"Smead Box, Wire Frame",Office Supplies,Storage
1373,OFF-BI-10003112,"Ibico Binder Covers, Economy",Office Supplies,Binders
1374,OFF-EN-10000890,"Ames Peel and Seal, Recycled",Office Supplies,Envelopes
1375,OFF-PA-10003115,"Enermax Note Cards, Premium",Office Supplies,Paper
1376,OFF-STO-10004503,"Stockwell Paper Clips, Metal",Office Supplies,Fasteners
1377,OFF-FEL-10001865,"Fellowes File Cart, Wire Frame",Office Supplies,Storage
1378,OFF-EAT-10000820,"Eaton Message Books, Multicolor",Office Supplies,Paper
1379,OFF-AR-10000785,"BIC Sketch Pad, Water Color",Office Supplies,Art
1380,OFF-PA-10003744,"Green Bar Parchment Paper, Multicolor",Office Supplies,Paper
1381,OFF-AR-10000266,"BIC Markers, Fluorescent",Office Supplies,Art
1382,OFF-STA-10001112,"Stanley Markers, Easy-Erase",Office Supplies,Art
1383,OFF-JIF-10003976,"Jiffy Mailers, with clear poly window",Office Supplies,Envelopes
1384,OFF-ST-10002271,"Rogers Shelving, Wire Frame",Office Supplies,Storage
1385,OFF-ST-10004930,"Tenex Trays, Single Width",Office Supplies,Storage
1386,OFF-AR-10001812,"Binney & Smith Markers, Easy-Erase",Office Supplies,Art
1387,OFF-SU-10004480,"Fiskars Box Cutter, Serrated",Office Supplies,Supplies
1388,OFF-AR-10004881,"Stanley Sketch Pad, Blue",Office Supplies,Art
1389,OFF-LA-10002651,"Novimex Round Labels, Adjustable",Office Supplies,Labels
1390,OFF-ST-10001858,"Tenex Shelving, Single Width",Office Supplies,Storage
1391,OFF-SU-10001923,"Kleencut Letter Opener, Easy Grip",Office Supplies,Supplies
1392,OFF-SAN-10004288,"Sanford Sketch Pad, Blue",Office Supplies,Art
1393,OFF-AP-10002371,"KitchenAid Blender, Silver",Office Supplies,Appliances
1394,OFF-EN-10002104,"Cameo Mailers, with clear poly window",Office Supplies,Envelopes
1395,OFF-BI-10003708,"Cardinal Binder, Recycled",Office Supplies,Binders
1396,OFF-HON-10000934,"Hon Legal Exhibit Labels, Laser Printer Compatible",Office Supplies,Labels
1397,OFF-LA-10000615,"Hon Removable Labels, Adjustable",Office Supplies,Labels
1398,OFF-EN-10003332,"Jiffy Interoffice Envelope, Recycled",Office Supplies,Envelopes
1399,OFF-PA-10002356,"Xerox Parchment Paper, Recycled",Office Supplies,Paper
1400,OFF-SU-10000283,"Stiletto Letter Opener, Easy Grip",Office Supplies,Supplies
1401,OFF-EN-10000378,"Jiffy Mailers, Set of 50",Office Supplies,Envelopes
1402,OFF-FA-10001115,"Accos Push Pins, Assorted Sizes",Office Supplies,Fasteners
1403,OFF-HOO-10001881,"Hoover Stove, White",Office Supplies,Appliances
1404,OFF-FA-10004374,"Accos Paper Clips, Bulk Pack",Office Supplies,Fasteners
1405,OFF-LA-10004929,"Novimex Color Coded Labels, Laser Printer Compatible",Office Supplies,Labels
1406,OFF-ST-10000423,"Rogers Trays, Blue",Office Supplies,Storage
1407,OFF-AR-10004373,"Boston Markers, Water Color",Office Supplies,Art
1408,OFF-EN-10004470,"Ames Clasp Envelope, Security-Tint",Office Supplies,Envelopes
1409,OFF-AR-10001770,"Binney & Smith Markers, Water Color",Office Supplies,Art
1410,OFF-SU-10002152,"Fiskars Shears, Serrated",Office Supplies,Supplies
1411,OFF-EN-10003577,"GlobeWeis Manila Envelope, with clear poly window",Office Supplies,Envelopes
1412,OFF-SU-10001868,"Elite Box Cutter, Steel",Office Supplies,Supplies
1413,OFF-BI-10002775,"Ibico Hole Reinforcements, Clear",Office Supplies,Binders
1414,OFF-BI-10001253,"Acco Binder Covers, Recycled",Office Supplies,Binders
1415,OFF-AR-10003829,"Boston Highlighters, Water Color",Office Supplies,Art
1416,OFF-EN-10001939,"Kraft Manila Envelope, Security-Tint",Office Supplies,Envelopes
1417,OFF-BI-10004369,"Ibico Hole Reinforcements, Recycled",Office Supplies,Binders
1418,OFF-ST-10002538,"Rogers File Cart, Single Width",Office Supplies,Storage
1419,OFF-LA-10000506,"Harbour Creations Legal Exhibit Labels, Laser Printer Compatible",Office Supplies,Labels
1420,OFF-AR-10003066,"Sanford Markers, Water Color",Office Supplies,Art
1421,OFF-EN-10002003,"Ames Clasp Envelope, Set of 50",Office Supplies,Envelopes
1422,OFF-TEN-10004210,"Tenex Trays, Wire Frame",Office Supplies,Storage
1423,OFF-IBI-10004323,"Ibico Binder Covers, Durable",Office Supplies,Binders
1424,OFF-HAR-10000187,"Harbour Creations Color Coded Labels, Alphabetical",Office Supplies,Labels
1425,OFF-ST-10002251,"Fellowes Shelving, Wire Frame",Office Supplies,Storage
1426,OFF-EN-10004560,"Cameo Business Envelopes, Security-Tint",Office Supplies,Envelopes
1427,OFF-EN-10000812,"GlobeWeis Clasp Envelope, Set of 50",Office Supplies,Envelopes
1428,OFF-LA-10004370,"Novimex File Folder Labels, 5000 Label Set",Office Supplies,Labels
1429,OFF-LA-10001701,"Novimex File Folder Labels, Adjustable",Office Supplies,Labels
1430,OFF-AR-10003913,"Binney & Smith Highlighters, Blue",Office Supplies,Art
1431,OFF-BI-10002080,"Acco Binder, Clear",Office Supplies,Binders
1432,OFF-FA-10003879,"Stockwell Thumb Tacks, Assorted Sizes",Office Supplies,Fasteners
1433,OFF-SU-10002983,"Acme Trimmer, High Speed",Office Supplies,Supplies
1434,OFF-AP-10002536,"Hoover Refrigerator, White",Office Supplies,Appliances
1435,OFF-AP-10001041,"Hoover Stove, White",Office Supplies,Appliances
1436,OFF-BI-10002424,"Avery Binder, Economy",Office Supplies,Binders
1437,OFF-BIC-10002403,"BIC Sketch Pad, Easy-Erase",Office Supplies,Art
1438,OFF-AR-10001278,"Binney & Smith Pens, Water Color",Office Supplies,Art
1439,OFF-SU-10003592,"Acme Ruler, High Speed",Office Supplies,Supplies
1440,OFF-PA-10002514,"Xerox Memo Slips, Premium",Office Supplies,Paper
1441,OFF-AR-10002975,"Stanley Sketch Pad, Fluorescent",Office Supplies,Art
1442,OFF-LA-10000356,"Novimex Round Labels, 5000 Label Set",Office Supplies,Labels
1443,OFF-AP-10002252,"Cuisinart Stove, Black",Office Supplies,Appliances
1444,OFF-EN-10003939,"Kraft Interoffice Envelope, Set of 50",Office Supplies,Envelopes
1445,OFF-FA-10001237,"Stockwell Push Pins, Bulk Pack",Office Supplies,Fasteners
1446,OFF-SU-10002816,"Kleencut Shears, Serrated",Office Supplies,Supplies
1447,OFF-AR-10003630,"Stanley Sketch Pad, Easy-Erase",Office Supplies,Art
1448,OFF-STA-10000054,"Stanley Pens, Fluorescent",Office Supplies,Art
1449,OFF-AP-10003431,"Hamilton Beach Toaster, Red",Office Supplies,Appliances
1450,OFF-ST-10001824,"Rogers Box, Single Width",Office Supplies,Storage
1451,OFF-EN-10003498,"Cameo Interoffice Envelope, Recycled",Office Supplies,Envelopes
1452,OFF-EN-10000219,"Jiffy Clasp Envelope, Recycled",Office Supplies,Envelopes
1453,OFF-PA-10001385,"Xerox Memo Slips, 8.5 x 11",Office Supplies,Paper
1454,OFF-EN-10004473,"Ames Interoffice Envelope, with clear poly window",Office Supplies,Envelopes
1455,OFF-FA-10001297,"OIC Staples, 12 Pack",Office Supplies,Fasteners
1456,OFF-ST-10004365,"Fellowes Shelving, Wire Frame",Office Supplies,Storage
1457,OFF-SU-10003537,"Kleencut Scissors, Steel",Office Supplies,Supplies
1458,OFF-FA-10002427,"Stockwell Push Pins, 12 Pack",Office Supplies,Fasteners
1459,OFF-EN-10003689,"Kraft Business Envelopes, Security-Tint",Office Supplies,Envelopes
1460,OFF-FA-10000038,"Stockwell Clamps, Assorted Sizes",Office Supplies,Fasteners
1461,OFF-EN-10000826,"GlobeWeis Manila Envelope, Set of 50",Office Supplies,Envelopes
1462,OFF-AR-10000079,"Stanley Pencil Sharpener, Fluorescent",Office Supplies,Art
1463,OFF-ST-10003164,"Fellowes Box, Wire Frame",Office Supplies,Storage
1464,OFF-PA-10003390,"Enermax Computer Printout Paper, Recycled",Office Supplies,Paper
1465,OFF-SU-10004244,"Elite Letter Opener, Easy Grip",Office Supplies,Supplies
1466,OFF-SU-10004316,"Elite Shears, High Speed",Office Supplies,Supplies
1467,OFF-PA-10000453,"Xerox Cards & Envelopes, 8.5 x 11",Office Supplies,Paper
1468,OFF-AR-10003245,"Binney & Smith Canvas, Blue",Office Supplies,Art
1469,OFF-TEN-10002065,"Tenex Shelving, Industrial",Office Supplies,Storage
1470,OFF-AP-10001402,"KitchenAid Coffee Grinder, White",Office Supplies,Appliances
1471,OFF-LA-10002323,"Harbour Creations Shipping Labels, 5000 Label Set",Office Supplies,Labels
1472,OFF-AR-10003673,"Sanford Markers, Fluorescent",Office Supplies,Art
1473,OFF-FA-10001026,"Stockwell Paper Clips, Assorted Sizes",Office Supplies,Fasteners
1474,OFF-SU-10000304,"Kleencut Ruler, Serrated",Office Supplies,Supplies
1475,OFF-BI-10004227,"Avery Binding Machine, Economy",Office Supplies,Binders
1476,OFF-LA-10004062,"Hon Removable Labels, 5000 Label Set",Office Supplies,Labels
1477,OFF-IBI-10001123,"Ibico 3-Hole Punch, Recycled",Office Supplies,Binders
1478,OFF-SAN-10002441,"Sanford Highlighters, Blue",Office Supplies,Art
1479,OFF-LA-10002674,"Harbour Creations Color Coded Labels, 5000 Label Set",Office Supplies,Labels
1480,OFF-ST-10002395,"Rogers Lockers, Single Width",Office Supplies,Storage
1481,OFF-SME-10001853,"Smead Folders, Blue",Office Supplies,Storage
1482,OFF-EN-10004053,"GlobeWeis Manila Envelope, with clear poly window",Office Supplies,Envelopes
1483,OFF-STA-10000155,"Stanley Pencil Sharpener, Water Color",Office Supplies,Art
1484,OFF-NOV-10000141,"Novimex Round Labels, 5000 Label Set",Office Supplies,Labels
1485,OFF-BI-10000621,"Ibico 3-Hole Punch, Economy",Office Supplies,Binders
1486,OFF-ST-10002791,"Tenex Shelving, Blue",Office Supplies,Storage
1487,OFF-FEL-10004224,"Fellowes Trays, Wire Frame",Office Supplies,Storage
1488,OFF-SU-10001980,"Acme Letter Opener, High Speed",Office Supplies,Supplies
1489,OFF-PA-10002073,"Green Bar Parchment Paper, 8.5 x 11",Office Supplies,Paper
1490,OFF-ST-10003017,"Tenex Box, Industrial",Office Supplies,Storage
1491,OFF-LA-10000425,"Avery Shipping Labels, Alphabetical",Office Supplies,Labels
1492,OFF-AP-10001682,"Hamilton Beach Blender, Black",Office Supplies,Appliances
1493,OFF-ST-10001222,"Eldon Shelving, Single Width",Office Supplies,Storage
1494,OFF-PA-10003920,"Xerox Parchment Paper, Premium",Office Supplies,Paper
1495,OFF-CAR-10000687,"Cardinal Binder Covers, Economy",Office Supplies,Binders
1496,OFF-WIL-10002787,"Wilson Jones Binder, Recycled",Office Supplies,Binders
1497,OFF-AR-10003031,"Binney & Smith Pens, Fluorescent",Office Supplies,Art
1498,OFF-AR-10000399,"Stanley Canvas, Water Color",Office Supplies,Art
1499,OFF-AR-10001672,"Boston Sketch Pad, Easy-Erase",Office Supplies,Art
1500,OFF-SU-10002346,"Elite Ruler, High Speed",Office Supplies,Supplies
1501,OFF-BI-10000769,"Ibico Binder Covers, Clear",Office Supplies,Binders
1502,OFF-ST-10002605,"Smead Box, Wire Frame",Office Supplies,Storage
1503,OFF-ST-10003929,"Tenex Lockers, Blue",Office Supplies,Storage
1504,OFF-EN-10000975,"Ames Manila Envelope, Set of 50",Office Supplies,Envelopes
1505,OFF-ST-10004748,"Smead Lockers, Blue",Office Supplies,Storage
1506,OFF-ST-10000007,"Fellowes File Cart, Single Width",Office Supplies,Storage
1507,OFF-ST-10001534,"Smead Folders, Industrial",Office Supplies,Storage
1508,OFF-BI-10003142,"Acco Binder Covers, Clear",Office Supplies,Binders
1509,OFF-SU-10001515,"Kleencut Box Cutter, Easy Grip",Office Supplies,Supplies
1510,OFF-AP-10001941,"KitchenAid Blender, White",Office Supplies,Appliances
1511,OFF-LA-10002596,"Harbour Creations Round Labels, Laser Printer Compatible",Office Supplies,Labels
1512,OFF-AP-10000423,"Breville Refrigerator, Red",Office Supplies,Appliances
1513,OFF-FA-10002459,"Advantus Clamps, Bulk Pack",Office Supplies,Fasteners
1514,OFF-PA-10003407,"Enermax Memo Slips, Recycled",Office Supplies,Paper
1515,OFF-FA-10004997,"Accos Paper Clips, Bulk Pack",Office Supplies,Fasteners
1516,OFF-ROG-10003898,"Rogers Lockers, Single Width",Office Supplies,Storage
1517,OFF-ST-10000287,"Rogers Box, Blue",Office Supplies,Storage
1518,OFF-LA-10000692,"Avery Legal Exhibit Labels, Adjustable",Office Supplies,Labels
1519,OFF-SU-10002993,"Fiskars Trimmer, High Speed",Office Supplies,Supplies
1520,OFF-ST-10001991,"Eldon Shelving, Wire Frame",Office Supplies,Storage
1521,OFF-KLE-10003497,"Kleencut Box Cutter, Steel",Office Supplies,Supplies
1522,OFF-PA-10000951,"Enermax Note Cards, Multicolor",Office Supplies,Paper
1523,OFF-HON-10002389,"Hon Legal Exhibit Labels, 5000 Label Set",Office Supplies,Labels
1524,OFF-FEL-10004016,"Fellowes Shelving, Blue",Office Supplies,Storage
1525,OFF-ROG-10004393,"Rogers Folders, Industrial",Office Supplies,Storage
1526,OFF-ST-10000990,"Eldon Lockers, Single Width",Office Supplies,Storage
1527,OFF-ST-10000028,"Rogers Shelving, Blue",Office Supplies,Storage
1528,OFF-AR-10000019,"BIC Highlighters, Blue",Office Supplies,Art
1529,OFF-ST-10002233,"Smead Trays, Single Width",Office Supplies,Storage
1530,OFF-EN-10000139,"Ames Manila Envelope, Recycled",Office Supplies,Envelopes
1531,OFF-LA-10001915,"Avery Legal Exhibit Labels, 5000 Label Set",Office Supplies,Labels
1532,OFF-EN-10003559,"Jiffy Clasp Envelope, with clear poly window",Office Supplies,Envelopes
1533,OFF-HOO-10000318,"Hoover Microwave, Silver",Office Supplies,Appliances
1534,OFF-EN-10002559,"Kraft Clasp Envelope, Recycled",Office Supplies,Envelopes
1535,OFF-FA-10003186,"Accos Push Pins, Bulk Pack",Office Supplies,Fasteners
1536,OFF-SU-10004299,"Stiletto Trimmer, High Speed",Office Supplies,Supplies
1537,OFF-PA-10002196,"Green Bar Message Books, Recycled",Office Supplies,Paper
1538,OFF-FA-10002791,"OIC Push Pins, Assorted Sizes",Office Supplies,Fasteners
1539,OFF-BI-10000136,"Ibico Index Tab, Durable",Office Supplies,Binders
1540,OFF-ST-10004660,"Fellowes Box, Single Width",Office Supplies,Storage
1541,OFF-ENE-10003409,"Enermax Memo Slips, Recycled",Office Supplies,Paper
1542,OFF-SAN-10001542,"SanDisk Note Cards, Multicolor",Office Supplies,Paper
1543,OFF-AP-10002439,"Cuisinart Blender, Silver",Office Supplies,Appliances
1544,OFF-AR-10003005,"Boston Markers, Fluorescent",Office Supplies,Art
1545,OFF-CUI-10001965,"Cuisinart Microwave, White",Office Supplies,Appliances
1546,OFF-KIT-10001245,"KitchenAid Blender, Black",Office Supplies,Appliances
1547,OFF-SAN-10001326,"SanDisk Note Cards, 8.5 x 11",Office Supplies,Paper
1548,OFF-ACM-10002713,"Acme Box Cutter, Steel",Office Supplies,Supplies
1549,OFF-WIL-10001889,"Wilson Jones Hole Reinforcements, Economy",Office Supplies,Binders
1550,OFF-AR-10004348,"Boston Sketch Pad, Easy-Erase",Office Supplies,Art
1551,OFF-AR-10002564,"Boston Pens, Easy-Erase",Office Supplies,Art
1552,OFF-SU-10003115,"Acme Scissors, Serrated",Office Supplies,Supplies
1553,OFF-SU-10003556,"Fiskars Trimmer, Easy Grip",Office Supplies,Supplies
1554,OFF-ST-10004754,"Fellowes Lockers, Single Width",Office Supplies,Storage
1555,OFF-ST-10000624,"Eldon File Cart, Single Width",Office Supplies,Storage
1556,OFF-AR-10004552,"Boston Markers, Blue",Office Supplies,Art
1557,OFF-AR-10003521,"Stanley Highlighters, Easy-Erase",Office Supplies,Art
1558,OFF-ST-10002714,"Eldon Box, Industrial",Office Supplies,Storage
1559,OFF-EN-10004144,"Cameo Clasp Envelope, Security-Tint",Office Supplies,Envelopes
1560,OFF-FA-10003745,"Accos Rubber Bands, Metal",Office Supplies,Fasteners
1561,OFF-AME-10003180,"Ames Business Envelopes, Set of 50",Office Supplies,Envelopes
1562,OFF-AR-10000242,"BIC Pencil Sharpener, Blue",Office Supplies,Art
1563,OFF-LA-10002752,"Smead Legal Exhibit Labels, 5000 Label Set",Office Supplies,Labels
1564,OFF-FA-10003139,"Advantus Push Pins, Assorted Sizes",Office Supplies,Fasteners
1565,OFF-BIN-10004563,"Binney & Smith Pencil Sharpener, Easy-Erase",Office Supplies,Art
1566,OFF-BI-10001598,"Avery Hole Reinforcements, Recycled",Office Supplies,Binders
1567,OFF-LA-10003487,"Smead Shipping Labels, Adjustable",Office Supplies,Labels
1568,OFF-PA-10004020,"SanDisk Message Books, 8.5 x 11",Office Supplies,Paper
1569,OFF-PA-10004359,"Xerox Computer Printout Paper, Premium",Office Supplies,Paper
1570,OFF-AVE-10003465,"Avery Binder, Economy",Office Supplies,Binders
1571,OFF-BI-10000346,"Ibico 3-Hole Punch, Clear",Office Supplies,Binders
1572,OFF-LA-10004919,"Smead Color Coded Labels, Alphabetical",Office Supplies,Labels
1573,OFF-PA-10003252,"Xerox Note Cards, 8.5 x 11",Office Supplies,Paper
1574,OFF-BOS-10004950,"Boston Pens, Fluorescent",Office Supplies,Art
1575,OFF-AR-10001482,"Stanley Markers, Easy-Erase",Office Supplies,Art
1576,OFF-EN-10003632,"Jiffy Mailers, Recycled",Office Supplies,Envelopes
1577,OFF-FA-10001892,"Advantus Clamps, Metal",Office Supplies,Fasteners
1578,OFF-AVE-10001847,"Avery Binder, Clear",Office Supplies,Binders
1579,OFF-CAR-10001911,"Cardinal Binder Covers, Clear",Office Supplies,Binders
1580,OFF-AR-10001862,"Boston Pens, Water Color",Office Supplies,Art
1581,OFF-EN-10003484,"Ames Clasp Envelope, Recycled",Office Supplies,Envelopes
1582,OFF-FA-10003893,"OIC Paper Clips, 12 Pack",Office Supplies,Fasteners
1583,OFF-ST-10002460,"Rogers Shelving, Single Width",Office Supplies,Storage
1584,OFF-ST-10001590,"Eldon Folders, Blue",Office Supplies,Storage
1585,OFF-LA-10003132,"Hon File Folder Labels, Adjustable",Office Supplies,Labels
1586,OFF-EN-10000556,"Kraft Interoffice Envelope, Security-Tint",Office Supplies,Envelopes
1587,OFF-SU-10004192,"Fiskars Ruler, Easy Grip",Office Supplies,Supplies
1588,OFF-BI-10001900,"Wilson Jones Binder Covers, Clear",Office Supplies,Binders
1589,OFF-LA-10002486,"Harbour Creations Legal Exhibit Labels, Adjustable",Office Supplies,Labels
1590,OFF-SU-10004794,"Stiletto Shears, Steel",Office Supplies,Supplies
1591,OFF-SAN-10002639,"Sanford Markers, Easy-Erase",Office Supplies,Art
1592,OFF-ST-10002343,"Smead Trays, Blue",Office Supplies,Storage
1593,OFF-EN-10000927,"Ames Business Envelopes, Set of 50",Office Supplies,Envelopes
1594,OFF-AR-10003117,"BIC Pencil Sharpener, Blue",Office Supplies,Art
1595,OFF-SU-10000429,"Elite Ruler, Easy Grip",Office Supplies,Supplies
1596,OFF-LA-10000271,"Harbour Creations Shipping Labels, Alphabetical",Office Supplies,Labels
1597,OFF-PA-10003224,"Eaton Computer Printout Paper, Premium",Office Supplies,Paper
1598,OFF-AP-10004464,"Cuisinart Stove, White",Office Supplies,Appliances
1599,OFF-WIL-10000164,"Wilson Jones Binding Machine, Durable",Office Supplies,Binders
1600,OFF-NOV-10000808,"Novimex Round Labels, Adjustable",Office Supplies,Labels
1601,OFF-EN-10004895,"Kraft Mailers, Security-Tint",Office Supplies,Envelopes
1602,OFF-EN-10002700,"Kraft Interoffice Envelope, with clear poly window",Office Supplies,Envelopes
1603,OFF-ST-10003931,"Smead Trays, Wire Frame",Office Supplies,Storage
1604,OFF-BIN-10002061,"Binney & Smith Sketch Pad, Blue",Office Supplies,Art
1605,OFF-ACC-10003636,"Acco Binding Machine, Durable",Office Supplies,Binders
1606,OFF-PA-10004694,"Green Bar Cards & Envelopes, 8.5 x 11",Office Supplies,Paper
1607,OFF-PA-10003518,"Enermax Computer Printout Paper, Multicolor",Office Supplies,Paper
1608,OFF-AR-10000316,"Stanley Pens, Blue",Office Supplies,Art
1609,OFF-FA-10001698,"Stockwell Clamps, Assorted Sizes",Office Supplies,Fasteners
1610,OFF-LA-10003271,"Novimex Shipping Labels, Adjustable",Office Supplies,Labels
1611,OFF-BI-10004436,"Acco Hole Reinforcements, Recycled",Office Supplies,Binders
1612,OFF-EN-10001733,"Cameo Interoffice Envelope, with clear poly window",Office Supplies,Envelopes
1613,OFF-AR-10002882,"BIC Sketch Pad, Water Color",Office Supplies,Art
1614,OFF-SU-10004279,"Kleencut Shears, Serrated",Office Supplies,Supplies
1615,OFF-TEN-10003948,"Tenex Box, Blue",Office Supplies,Storage
1616,OFF-SU-10001831,"Stiletto Scissors, High Speed",Office Supplies,Supplies
1617,OFF-SU-10001851,"Stiletto Ruler, Steel",Office Supplies,Supplies
1618,OFF-AVE-10000608,"Avery Index Tab, Economy",Office Supplies,Binders
1619,OFF-JIF-10002184,"Jiffy Business Envelopes, Recycled",Office Supplies,Envelopes
1620,OFF-STA-10002654,"Stanley Pencil Sharpener, Fluorescent",Office Supplies,Art
1621,OFF-CAR-10000150,"Cardinal Binder, Clear",Office Supplies,Binders
1622,OFF-KLE-10000050,"Kleencut Trimmer, High Speed",Office Supplies,Supplies
1623,OFF-BIN-10004512,"Binney & Smith Pens, Easy-Erase",Office Supplies,Art
1624,OFF-ACC-10001703,"Acco Binder, Recycled",Office Supplies,Binders
1625,OFF-STO-10003342,"Stockwell Rubber Bands, Assorted Sizes",Office Supplies,Fasteners
1626,OFF-ELD-10001037,"Eldon Trays, Wire Frame",Office Supplies,Storage
1627,OFF-ROG-10002818,"Rogers Trays, Industrial",Office Supplies,Storage
1628,OFF-BOS-10000577,"Boston Highlighters, Blue",Office Supplies,Art
1629,OFF-AVE-10004251,"Avery Binding Machine, Economy",Office Supplies,Binders
1630,OFF-CAM-10004269,"Cameo Business Envelopes, Security-Tint",Office Supplies,Envelopes
1631,OFF-SME-10002823,"Smead Trays, Blue",Office Supplies,Storage
1632,OFF-IBI-10001951,"Ibico Hole Reinforcements, Clear",Office Supplies,Binders
1633,OFF-STO-10003098,"Stockwell Thumb Tacks, Metal",Office Supplies,Fasteners
1634,OFF-NOV-10000092,"Novimex Color Coded Labels, 5000 Label Set",Office Supplies,Labels
1635,OFF-STA-10001747,"Stanley Pencil Sharpener, Water Color",Office Supplies,Art
1636,OFF-SAN-10004746,"Sanford Highlighters, Fluorescent",Office Supplies,Art
1637,OFF-ACC-10000808,"Acco 3-Hole Punch, Economy",Office Supplies,Binders
1638,OFF-BIC-10004976,"BIC Markers, Water Color",Office Supplies,Art
1639,OFF-STI-10003510,"Stiletto Trimmer, Easy Grip",Office Supplies,Supplies
1640,OFF-ACC-10004364,"Accos Push Pins, Bulk Pack",Office Supplies,Fasteners
1641,OFF-HON-10002610,"Hon Removable Labels, Adjustable",Office Supplies,Labels
1642,OFF-ELD-10002240,"Eldon Shelving, Wire Frame",Office Supplies,Storage
1643,OFF-GRE-10002510,"Green Bar Computer Printout Paper, Recycled",Office Supplies,Paper
1644,OFF-CAR-10001358,"Cardinal Hole Reinforcements, Clear",Office Supplies,Binders
1645,OFF-ELD-10001832,"Eldon Shelving, Single Width",Office Supplies,Storage
1646,OFF-KRA-10000916,"Kraft Interoffice Envelope, Recycled",Office Supplies,Envelopes
1647,OFF-ROG-10002132,"Rogers Lockers, Industrial",Office Supplies,Storage
1648,OFF-CAR-10003259,"Cardinal Binder, Recycled",Office Supplies,Binders
1649,OFF-CAM-10001690,"Cameo Clasp Envelope, Recycled",Office Supplies,Envelopes
1650,OFF-CAR-10002931,"Cardinal Hole Reinforcements, Recycled",Office Supplies,Binders
1651,OFF-WIL-10000986,"Wilson Jones Binder Covers, Economy",Office Supplies,Binders
1652,OFF-STA-10004327,"Stanley Markers, Blue",Office Supplies,Art
1653,OFF-HAR-10000501,"Harbour Creations File Folder Labels, Laser Printer Compatible",Office Supplies,Labels
1654,OFF-STI-10000697,"Stiletto Ruler, High Speed",Office Supplies,Supplies
1655,OFF-ACM-10002301,"Acme Trimmer, Serrated",Office Supplies,Supplies
1656,OFF-BIC-10000041,"BIC Markers, Blue",Office Supplies,Art
1657,OFF-CAM-10004002,"Cameo Business Envelopes, Set of 50",Office Supplies,Envelopes
1658,OFF-WIL-10002233,"Wilson Jones Index Tab, Durable",Office Supplies,Binders
1659,OFF-KRA-10000113,"Kraft Peel and Seal, Recycled",Office Supplies,Envelopes
1660,OFF-HAR-10000681,"Harbour Creations Legal Exhibit Labels, 5000 Label Set",Office Supplies,Labels
1661,OFF-ACC-10004910,"Accos Rubber Bands, Metal",Office Supplies,Fasteners
1662,OFF-STA-10003803,"Stanley Highlighters, Fluorescent",Office Supplies,Art
1663,OFF-ACC-10001285,"Acco Index Tab, Clear",Office Supplies,Binders
1664,OFF-STO-10001239,"Stockwell Clamps, Metal",Office Supplies,Fasteners
1665,OFF-STA-10000247,"Stanley Canvas, Fluorescent",Office Supplies,Art
1666,OFF-ROG-10004646,"Rogers File Cart, Blue",Office Supplies,Storage
1667,OFF-ACM-10001029,"Acme Box Cutter, Serrated",Office Supplies,Supplies
1668,OFF-ROG-10001340,"Rogers File Cart, Industrial",Office Supplies,Storage
1669,OFF-FIS-10001797,"Fiskars Trimmer, Steel",Office Supplies,Supplies
1670,OFF-TEN-10002835,"Tenex Lockers, Industrial",Office Supplies,Storage
1671,OFF-IBI-10004916,"Ibico Binder Covers, Recycled",Office Supplies,Binders
1672,OFF-STA-10001895,"Stanley Pens, Easy-Erase",Office Supplies,Art
1673,OFF-ROG-10001418,"Rogers Trays, Wire Frame",Office Supplies,Storage
1674,OFF-FIS-10004787,"Fiskars Box Cutter, Steel",Office Supplies,Supplies
1675,OFF-IBI-10003422,"Ibico Binder, Durable",Office Supplies,Binders
1676,OFF-BOS-10003699,"Boston Sketch Pad, Fluorescent",Office Supplies,Art
1677,OFF-ROG-10002294,"Rogers File Cart, Single Width",Office Supplies,Storage
1678,OFF-HON-10004621,"Hon Color Coded Labels, Adjustable",Office Supplies,Labels
1679,OFF-CUI-10003993,"Cuisinart Microwave, Red",Office Supplies,Appliances
1680,OFF-ELD-10000124,"Eldon Trays, Single Width",Office Supplies,Storage
1681,OFF-SME-10002417,"Smead Trays, Single Width",Office Supplies,Storage
1682,OFF-ACC-10000798,"Acco Hole Reinforcements, Economy",Office Supplies,Binders
1683,OFF-NOV-10004223,"Novimex Shipping Labels, Adjustable",Office Supplies,Labels
1684,OFF-ACC-10000218,"Acco Hole Reinforcements, Durable",Office Supplies,Binders
1685,OFF-BOS-10002073,"Boston Canvas, Water Color",Office Supplies,Art
1686,OFF-STO-10000924,"Stockwell Rubber Bands, Metal",Office Supplies,Fasteners
1687,OFF-HON-10001508,"Hon Removable Labels, 5000 Label Set",Office Supplies,Labels
1688,OFF-CAR-10002375,"Cardinal Binder Covers, Durable",Office Supplies,Binders
1689,OFF-XER-10003901,"Xerox Computer Printout Paper, 8.5 x 11",Office Supplies,Paper
1690,OFF-CUI-10003665,"Cuisinart Blender, Red",Office Supplies,Appliances
1691,OFF-OIC-10000121,"OIC Paper Clips, 12 Pack",Office Supplies,Fasteners
1692,OFF-FEL-10003785,"Fellowes Shelving, Industrial",Office Supplies,Storage
1693,OFF-EAT-10004908,"Eaton Message Books, Recycled",Office Supplies,Paper
1694,OFF-HAR-10002083,"Harbour Creations Round Labels, 5000 Label Set",Office Supplies,Labels
1695,OFF-IBI-10000080,"Ibico Binder, Recycled",Office Supplies,Binders
1696,OFF-STO-10003604,"Stockwell Staples, Metal",Office Supplies,Fasteners
1697,OFF-EAT-10003338,"Eaton Message Books, 8.5 x 11",Office Supplies,Paper
1698,OFF-HAR-10002479,"Harbour Creations Color Coded Labels, 5000 Label Set",Office Supplies,Labels
1699,OFF-CAM-10001177,"Cameo Manila Envelope, Recycled",Office Supplies,Envelopes
1700,OFF-OIC-10002625,"OIC Thumb Tacks, 12 Pack",Office Supplies,Fasteners
1701,OFF-BIC-10004557,"BIC Canvas, Blue",Office Supplies,Art
1702,OFF-AVE-10002014,"Avery Shipping Labels, Adjustable",Office Supplies,Labels
1703,OFF-AVE-10000909,"Avery Shipping Labels, Laser Printer Compatible",Office Supplies,Labels
1704,OFF-ACM-10000671,"Acme Ruler, Steel",Office Supplies,Supplies
1705,OFF-STA-10003908,"Stanley Highlighters, Blue",Office Supplies,Art
1706,OFF-AVE-10004708,"Avery Binder, Recycled",Office Supplies,Binders
1707,OFF-ACC-10002343,"Acco 3-Hole Punch, Durable",Office Supplies,Binders
1708,OFF-CAR-10004293,"Cardinal Binding Machine, Durable",Office Supplies,Binders
1709,OFF-WIL-10000390,"Wilson Jones Binder, Durable",Office Supplies,Binders
1710,OFF-FEL-10000070,"Fellowes Box, Industrial",Office Supplies,Storage
1711,OFF-XER-10002982,"Xerox Memo Slips, 8.5 x 11",Office Supplies,Paper
1712,OFF-AVE-10002892,"Avery 3-Hole Punch, Recycled",Office Supplies,Binders
1713,OFF-FEL-10001796,"Fellowes Trays, Single Width",Office Supplies,Storage
1714,OFF-ELI-10000797,"Elite Ruler, High Speed",Office Supplies,Supplies
1715,OFF-ROG-10004949,"Rogers Shelving, Industrial",Office Supplies,Storage
1716,OFF-FEL-10001405,"Fellowes File Cart, Industrial",Office Supplies,Storage
1717,OFF-BOS-10001375,"Boston Canvas, Easy-Erase",Office Supplies,Art
1718,OFF-CAR-10000202,"Cardinal Binding Machine, Clear",Office Supplies,Binders
1719,OFF-WIL-10003774,"Wilson Jones Index Tab, Economy",Office Supplies,Binders
1720,OFF-STA-10004885,"Stanley Sketch Pad, Easy-Erase",Office Supplies,Art
1721,OFF-ROG-10000566,"Rogers Trays, Single Width",Office Supplies,Storage
1722,OFF-TEN-10001129,"Tenex Shelving, Blue",Office Supplies,Storage
1723,OFF-HON-10001102,"Hon Legal Exhibit Labels, Adjustable",Office Supplies,Labels
1724,OFF-STO-10004910,"Stockwell Clamps, 12 Pack",Office Supplies,Fasteners
1725,OFF-GRE-10000216,"Green Bar Note Cards, Premium",Office Supplies,Paper
1726,OFF-ENE-10000516,"Enermax Note Cards, Multicolor",Office Supplies,Paper
1727,OFF-XER-10004519,"Xerox Cards & Envelopes, Multicolor",Office Supplies,Paper
1728,OFF-BRE-10003295,"Breville Microwave, Red",Office Supplies,Appliances
1729,OFF-ELI-10001685,"Elite Ruler, Steel",Office Supplies,Supplies
1730,OFF-ELI-10002160,"Elite Scissors, Easy Grip",Office Supplies,Supplies
1731,OFF-JIF-10003842,"Jiffy Clasp Envelope, Security-Tint",Office Supplies,Envelopes
1732,OFF-KLE-10004771,"Kleencut Shears, Serrated",Office Supplies,Supplies
1733,OFF-BIC-10001682,"BIC Pens, Fluorescent",Office Supplies,Art
1734,OFF-SAN-10004232,"Sanford Markers, Fluorescent",Office Supplies,Art
1735,OFF-WIL-10001801,"Wilson Jones 3-Hole Punch, Economy",Office Supplies,Binders
1736,OFF-OIC-10001155,"OIC Paper Clips, Bulk Pack",Office Supplies,Fasteners
1737,OFF-GRE-10004604,"Green Bar Cards & Envelopes, 8.5 x 11",Office Supplies,Paper
1738,OFF-TEN-10004270,"Tenex File Cart, Single Width",Office Supplies,Storage
1739,OFF-GLO-10001348,"GlobeWeis Manila Envelope, Security-Tint",Office Supplies,Envelopes
1740,OFF-SME-10004160,"Smead Folders, Wire Frame",Office Supplies,Storage
1741,OFF-FEL-10002867,"Fellowes Lockers, Single Width",Office Supplies,Storage
1742,OFF-SME-10003033,"Smead Trays, Industrial",Office Supplies,Storage
1743,OFF-CUI-10002314,"Cuisinart Coffee Grinder, Silver",Office Supplies,Appliances
1744,OFF-ELD-10000024,"Eldon Folders, Blue",Office Supplies,Storage
1745,OFF-BIC-10003654,"BIC Pens, Blue",Office Supplies,Art
1746,OFF-FEL-10002399,"Fellowes Box, Blue",Office Supplies,Storage
1747,OFF-AME-10000851,"Ames Mailers, with clear poly window",Office Supplies,Envelopes
1748,OFF-XER-10001746,"Xerox Message Books, Premium",Office Supplies,Paper
1749,OFF-SAN-10003285,"Sanford Pens, Fluorescent",Office Supplies,Art
1750,OFF-ADV-10000331,"Advantus Paper Clips, Assorted Sizes",Office Supplies,Fasteners
1751,OFF-HAR-10003514,"Harbour Creations Removable Labels, Laser Printer Compatible",Office Supplies,Labels
1752,OFF-STO-10003021,"Stockwell Thumb Tacks, 12 Pack",Office Supplies,Fasteners
1753,OFF-STO-10001839,"Stockwell Rubber Bands, Bulk Pack",Office Supplies,Fasteners
1754,OFF-BRE-10004073,"Breville Refrigerator, Red",Office Supplies,Appliances
1755,OFF-BIN-10000837,"Binney & Smith Markers, Easy-Erase",Office Supplies,Art
1756,OFF-STO-10003395,"Stockwell Rubber Bands, Metal",Office Supplies,Fasteners
1757,OFF-TEN-10001031,"Tenex Shelving, Single Width",Office Supplies,Storage
1758,OFF-ENE-10002922,"Enermax Note Cards, Premium",Office Supplies,Paper
1759,OFF-SME-10001278,"Smead Shipping Labels, Alphabetical",Office Supplies,Labels
1760,OFF-ADV-10001124,"Advantus Clamps, 12 Pack",Office Supplies,Fasteners
1761,OFF-HON-10000137,"Hon Round Labels, Laser Printer Compatible",Office Supplies,Labels
1762,OFF-FEL-10002897,"Fellowes Shelving, Single Width",Office Supplies,Storage
1763,OFF-XER-10003104,"Xerox Memo Slips, Recycled",Office Supplies,Paper
1764,OFF-BI-10001621,"Cardinal Binding Machine, Economy",Office Supplies,Binders
1765,OFF-AR-10003113,"Binney & Smith Pens, Blue",Office Supplies,Art
1766,OFF-FA-10001228,"Accos Clamps, Bulk Pack",Office Supplies,Fasteners
1767,OFF-LA-10000668,"Smead Removable Labels, Adjustable",Office Supplies,Labels
1768,OFF-EN-10002166,"Cameo Manila Envelope, with clear poly window",Office Supplies,Envelopes
1769,OFF-AR-10004422,"Boston Sketch Pad, Blue",Office Supplies,Art
1770,OFF-AP-10003800,"Cuisinart Coffee Grinder, White",Office Supplies,Appliances
1771,OFF-LA-10002183,"Novimex Legal Exhibit Labels, Alphabetical",Office Supplies,Labels
1772,OFF-AR-10000431,"Sanford Pens, Blue",Office Supplies,Art
1773,OFF-FA-10001051,"OIC Rubber Bands, Metal",Office Supplies,Fasteners
1774,OFF-AP-10001617,"KitchenAid Blender, Silver",Office Supplies,Appliances
1775,OFF-ACC-10003422,"Acco Binder, Durable",Office Supplies,Binders
1776,OFF-LA-10000379,"Harbour Creations Legal Exhibit Labels, 5000 Label Set",Office Supplies,Labels
1777,OFF-EN-10004410,"GlobeWeis Mailers, Security-Tint",Office Supplies,Envelopes
1778,OFF-PA-10001006,"Eaton Message Books, Recycled",Office Supplies,Paper
1779,OFF-AR-10002486,"Sanford Pencil Sharpener, Water Color",Office Supplies,Art
1780,OFF-EN-10000648,"Jiffy Peel and Seal, with clear poly window",Office Supplies,Envelopes
1781,OFF-ELI-10000711,"Elite Scissors, Serrated",Office Supplies,Supplies
1782,OFF-BOS-10001511,"Boston Canvas, Fluorescent",Office Supplies,Art
1783,OFF-LA-10004320,"Avery Legal Exhibit Labels, Alphabetical",Office Supplies,Labels
1784,OFF-SAN-10003041,"Sanford Markers, Water Color",Office Supplies,Art
1785,OFF-ELD-10001318,"Eldon Lockers, Industrial",Office Supplies,Storage
1786,OFF-BI-10000289,"Wilson Jones Binder Covers, Recycled",Office Supplies,Binders
1787,OFF-AR-10001190,"Boston Canvas, Easy-Erase",Office Supplies,Art
1788,OFF-BIN-10004569,"Binney & Smith Highlighters, Blue",Office Supplies,Art
1789,OFF-SME-10001754,"Smead File Folder Labels, 5000 Label Set",Office Supplies,Labels
1790,OFF-EN-10003373,"GlobeWeis Interoffice Envelope, Recycled",Office Supplies,Envelopes
1791,OFF-AR-10002145,"Binney & Smith Sketch Pad, Fluorescent",Office Supplies,Art
1792,OFF-PA-10000867,"SanDisk Message Books, Multicolor",Office Supplies,Paper
1793,OFF-PA-10002725,"Eaton Cards & Envelopes, Premium",Office Supplies,Paper
1794,OFF-AR-10000655,"Stanley Sketch Pad, Blue",Office Supplies,Art
1795,OFF-ST-10002122,"Smead Box, Industrial",Office Supplies,Storage
1796,OFF-BI-10003132,"Cardinal Binding Machine, Clear",Office Supplies,Binders
1797,OFF-ST-10004331,"Eldon Folders, Single Width",Office Supplies,Storage
1798,OFF-AR-10001002,"BIC Sketch Pad, Fluorescent",Office Supplies,Art
1799,OFF-AP-10004245,"Hoover Stove, Black",Office Supplies,Appliances
1800,OFF-FA-10000411,"Accos Clamps, Assorted Sizes",Office Supplies,Fasteners
1801,OFF-BIN-10001257,"Binney & Smith Sketch Pad, Easy-Erase",Office Supplies,Art
1802,OFF-AR-10001529,"Binney & Smith Pencil Sharpener, Easy-Erase",Office Supplies,Art
1803,OFF-BI-10004328,"Wilson Jones Binding Machine, Economy",Office Supplies,Binders
1804,OFF-AVE-10003740,"Avery Binding Machine, Clear",Office Supplies,Binders
1805,OFF-CUI-10000140,"Cuisinart Microwave, Silver",Office Supplies,Appliances
1806,OFF-ACM-10000476,"Acme Letter Opener, Easy Grip",Office Supplies,Supplies
1807,OFF-AP-10004937,"Hoover Microwave, White",Office Supplies,Appliances
1808,OFF-AP-10004248,"Hoover Toaster, White",Office Supplies,Appliances
1809,OFF-SU-10001087,"Kleencut Box Cutter, Serrated",Office Supplies,Supplies
1810,OFF-BI-10003152,"Avery Hole Reinforcements, Recycled",Office Supplies,Binders
1811,OFF-AP-10000935,"Cuisinart Toaster, White",Office Supplies,Appliances
1812,OFF-LA-10002992,"Novimex Removable Labels, 5000 Label Set",Office Supplies,Labels
1813,OFF-EN-10004759,"Cameo Interoffice Envelope, Recycled",Office Supplies,Envelopes
1814,OFF-ST-10004317,"Smead Folders, Blue",Office Supplies,Storage
1815,OFF-FA-10000194,"OIC Push Pins, Metal",Office Supplies,Fasteners
1816,OFF-ST-10002642,"Eldon Lockers, Single Width",Office Supplies,Storage
1817,OFF-AR-10000715,"Boston Markers, Blue",Office Supplies,Art
1818,OFF-FA-10002286,"OIC Push Pins, Bulk Pack",Office Supplies,Fasteners
1819,OFF-LA-10004285,"Smead Legal Exhibit Labels, Laser Printer Compatible",Office Supplies,Labels
1820,OFF-BI-10003642,"Wilson Jones Binder, Economy",Office Supplies,Binders
1821,OFF-ST-10000355,"Eldon Box, Wire Frame",Office Supplies,Storage
1822,OFF-LA-10004495,"Novimex Round Labels, Alphabetical",Office Supplies,Labels
1823,OFF-PA-10000423,"Enermax Computer Printout Paper, Recycled",Office Supplies,Paper
1824,OFF-AP-10001568,"Hamilton Beach Toaster, Silver",Office Supplies,Appliances
1825,OFF-SU-10002451,"Elite Letter Opener, High Speed",Office Supplies,Supplies
1826,OFF-BOS-10001348,"Boston Pencil Sharpener, Water Color",Office Supplies,Art
1827,OFF-KIT-10004515,"KitchenAid Microwave, Red",Office Supplies,Appliances
1828,OFF-BI-10000185,"Cardinal Binder Covers, Recycled",Office Supplies,Binders
1829,OFF-LA-10000989,"Smead Round Labels, Adjustable",Office Supplies,Labels
1830,OFF-BI-10001430,"Cardinal Index Tab, Clear",Office Supplies,Binders
1831,OFF-HOO-10001448,"Hoover Blender, White",Office Supplies,Appliances
1832,OFF-PA-10004200,"Xerox Note Cards, Multicolor",Office Supplies,Paper
1833,OFF-AR-10001546,"Binney & Smith Sketch Pad, Easy-Erase",Office Supplies,Art
1834,OFF-AR-10002094,"Boston Pencil Sharpener, Water Color",Office Supplies,Art
1835,OFF-SU-10004119,"Acme Trimmer, Steel",Office Supplies,Supplies
1836,OFF-CAR-10004229,"Cardinal Index Tab, Clear",Office Supplies,Binders
1837,OFF-LA-10002868,"Hon Removable Labels, 5000 Label Set",Office Supplies,Labels
1838,OFF-LA-10004239,"Smead Color Coded Labels, Adjustable",Office Supplies,Labels
1839,OFF-PA-10004429,"Xerox Memo Slips, Premium",Office Supplies,Paper
1840,OFF-FEL-10004974,"Fellowes Folders, Industrial",Office Supplies,Storage
1841,OFF-ST-10004185,"Fellowes Trays, Single Width",Office Supplies,Storage
1842,OFF-AR-10001053,"Boston Pencil Sharpener, Easy-Erase",Office Supplies,Art
1843,OFF-AR-10000974,"Stanley Pens, Fluorescent",Office Supplies,Art
1844,OFF-BI-10003952,"Acco Binding Machine, Recycled",Office Supplies,Binders
1845,OFF-AP-10000615,"KitchenAid Toaster, Silver",Office Supplies,Appliances
1846,OFF-ELD-10003038,"Eldon Shelving, Blue",Office Supplies,Storage
1847,OFF-BI-10000029,"Ibico Binding Machine, Recycled",Office Supplies,Binders
1848,OFF-FIS-10004915,"Fiskars Trimmer, Easy Grip",Office Supplies,Supplies
1849,OFF-AR-10000681,"Binney & Smith Sketch Pad, Water Color",Office Supplies,Art
1850,OFF-LA-10003057,"Harbour Creations Legal Exhibit Labels, Adjustable",Office Supplies,Labels
1851,OFF-LA-10000779,"Hon Removable Labels, Laser Printer Compatible",Office Supplies,Labels
1852,OFF-STO-10004363,"Stockwell Paper Clips, Bulk Pack",Office Supplies,Fasteners
1853,OFF-SU-10002131,"Elite Scissors, Serrated",Office Supplies,Supplies
1854,OFF-STO-10000923,"Stockwell Staples, Bulk Pack",Office Supplies,Fasteners
1855,OFF-FA-10000790,"Stockwell Rubber Bands, Bulk Pack",Office Supplies,Fasteners
1856,OFF-ROG-10000332,"Rogers Box, Single Width",Office Supplies,Storage
1857,OFF-FA-10000046,"Advantus Staples, Bulk Pack",Office Supplies,Fasteners
1858,OFF-PA-10001620,"SanDisk Memo Slips, Recycled",Office Supplies,Paper
1859,OFF-AR-10004986,"Boston Pens, Easy-Erase",Office Supplies,Art
1860,OFF-SU-10003162,"Acme Letter Opener, Steel",Office Supplies,Supplies
1861,OFF-ENE-10003274,"Enermax Memo Slips, 8.5 x 11",Office Supplies,Paper
1862,OFF-CAR-10002031,"Cardinal 3-Hole Punch, Durable",Office Supplies,Binders
1863,OFF-LA-10004749,"Novimex Removable Labels, Adjustable",Office Supplies,Labels
1864,OFF-ST-10004325,"Eldon Box, Single Width",Office Supplies,Storage
1865,OFF-PA-10004648,"Xerox Message Books, Recycled",Office Supplies,Paper
1866,OFF-ST-10000016,"Eldon Folders, Blue",Office Supplies,Storage
1867,OFF-PA-10004923,"Xerox Memo Slips, Multicolor",Office Supplies,Paper
1868,OFF-ST-10003018,"Smead File Cart, Industrial",Office Supplies,Storage
1869,OFF-BI-10002853,"Avery Binder Covers, Recycled",Office Supplies,Binders
1870,OFF-KRA-10001967,"Kraft Business Envelopes, Set of 50",Office Supplies,Envelopes
1871,OFF-LA-10002972,"Avery File Folder Labels, Alphabetical",Office Supplies,Labels
1872,OFF-NOV-10004968,"Novimex Removable Labels, Adjustable",Office Supplies,Labels
1873,OFF-ST-10004342,"Eldon Box, Industrial",Office Supplies,Storage
1874,OFF-PA-10001348,"Eaton Note Cards, Multicolor",Office Supplies,Paper
1875,OFF-FA-10002100,"OIC Paper Clips, 12 Pack",Office Supplies,Fasteners
1876,OFF-PA-10003492,"Green Bar Computer Printout Paper, Recycled",Office Supplies,Paper
1877,OFF-ST-10003760,"Eldon Trays, Blue",Office Supplies,Storage
1878,OFF-PA-10001536,"SanDisk Message Books, 8.5 x 11",Office Supplies,Paper
1879,OFF-AR-10000356,"Boston Highlighters, Fluorescent",Office Supplies,Art
1880,OFF-EN-10000938,"Jiffy Business Envelopes, Security-Tint",Office Supplies,Envelopes
1881,OFF-EN-10004649,"Cameo Mailers, with clear poly window",Office Supplies,Envelopes
1882,OFF-BI-10004589,"Avery Binding Machine, Economy",Office Supplies,Binders
1883,OFF-EN-10000387,"Kraft Clasp Envelope, Recycled",Office Supplies,Envelopes
1884,OFF-EN-10001832,"Kraft Clasp Envelope, Set of 50",Office Supplies,Envelopes
1885,OFF-ELI-10001057,"Elite Trimmer, Serrated",Office Supplies,Supplies
1886,OFF-ELD-10002297,"Eldon Lockers, Blue",Office Supplies,Storage
1887,OFF-FA-10003530,"OIC Clamps, Bulk Pack",Office Supplies,Fasteners
1888,OFF-SU-10002670,"Stiletto Box Cutter, High Speed",Office Supplies,Supplies
1889,OFF-SU-10003019,"Acme Letter Opener, Serrated",Office Supplies,Supplies
1890,OFF-EN-10001157,"Ames Business Envelopes, Security-Tint",Office Supplies,Envelopes
1891,OFF-BI-10002277,"Wilson Jones 3-Hole Punch, Recycled",Office Supplies,Binders
1892,OFF-PA-10000655,"Enermax Parchment Paper, Multicolor",Office Supplies,Paper
1893,OFF-FA-10002619,"Stockwell Rubber Bands, Metal",Office Supplies,Fasteners
1894,OFF-BI-10000894,"Avery Binder Covers, Clear",Office Supplies,Binders
1895,OFF-BI-10000312,"Cardinal Binder Covers, Economy",Office Supplies,Binders
1896,OFF-LA-10002733,"Novimex File Folder Labels, Alphabetical",Office Supplies,Labels
1897,OFF-AR-10000249,"Sanford Highlighters, Fluorescent",Office Supplies,Art
1898,OFF-BI-10000423,"Acco 3-Hole Punch, Recycled",Office Supplies,Binders
1899,OFF-AP-10000800,"Breville Stove, Red",Office Supplies,Appliances
1900,OFF-AR-10000833,"Sanford Canvas, Easy-Erase",Office Supplies,Art
1901,OFF-ST-10000880,"Rogers Box, Blue",Office Supplies,Storage
1902,OFF-BI-10003025,"Cardinal Binding Machine, Durable",Office Supplies,Binders
1903,OFF-ST-10000922,"Eldon File Cart, Blue",Office Supplies,Storage
1904,OFF-AR-10001061,"Stanley Sketch Pad, Water Color",Office Supplies,Art
1905,OFF-PA-10003708,"Green Bar Computer Printout Paper, Premium",Office Supplies,Paper
1906,OFF-ST-10003088,"Fellowes Box, Wire Frame",Office Supplies,Storage
1907,OFF-FA-10002719,"OIC Rubber Bands, Bulk Pack",Office Supplies,Fasteners
1908,OFF-SU-10001869,"Stiletto Scissors, Steel",Office Supplies,Supplies
1909,OFF-LA-10000341,"Smead Shipping Labels, 5000 Label Set",Office Supplies,Labels
1910,OFF-SU-10004822,"Acme Letter Opener, Serrated",Office Supplies,Supplies
1911,OFF-EN-10001852,"Cameo Manila Envelope, with clear poly window",Office Supplies,Envelopes
1912,OFF-AR-10000720,"Binney & Smith Markers, Fluorescent",Office Supplies,Art
1913,OFF-BIC-10003841,"BIC Canvas, Water Color",Office Supplies,Art
1914,OFF-LA-10001184,"Novimex Legal Exhibit Labels, 5000 Label Set",Office Supplies,Labels
1915,OFF-SME-10001745,"Smead Shelving, Blue",Office Supplies,Storage
1916,OFF-ST-10003256,"Eldon Shelving, Wire Frame",Office Supplies,Storage
1917,OFF-IBI-10000779,"Ibico Index Tab, Economy",Office Supplies,Binders
1918,OFF-CUI-10002022,"Cuisinart Refrigerator, Black",Office Supplies,Appliances
1919,OFF-BIC-10000718,"BIC Pencil Sharpener, Fluorescent",Office Supplies,Art
1920,OFF-STI-10001162,"Stiletto Letter Opener, Steel",Office Supplies,Supplies
1921,OFF-AVE-10001079,"Avery File Folder Labels, Laser Printer Compatible",Office Supplies,Labels
1922,OFF-LA-10002598,"Harbour Creations Removable Labels, Laser Printer Compatible",Office Supplies,Labels
1923,OFF-BI-10000341,"Ibico Binding Machine, Recycled",Office Supplies,Binders
1924,OFF-SU-10001633,"Stiletto Letter Opener, Easy Grip",Office Supplies,Supplies
1925,OFF-ST-10003056,"Tenex Folders, Single Width",Office Supplies,Storage
1926,OFF-AR-10002037,"Stanley Sketch Pad, Fluorescent",Office Supplies,Art
1927,OFF-HOO-10001248,"Hoover Coffee Grinder, Silver",Office Supplies,Appliances
1928,OFF-AVE-10004308,"Avery Binder, Durable",Office Supplies,Binders
1929,OFF-WIL-10003299,"Wilson Jones Binding Machine, Recycled",Office Supplies,Binders
1930,OFF-BI-10002465,"Avery Binding Machine, Clear",Office Supplies,Binders
1931,OFF-LA-10004114,"Avery File Folder Labels, Alphabetical",Office Supplies,Labels
1932,OFF-TEN-10001480,"Tenex Trays, Single Width",Office Supplies,Storage
1933,OFF-SU-10004655,"Stiletto Trimmer, Steel",Office Supplies,Supplies
1934,OFF-FEL-10004665,"Fellowes Lockers, Blue",Office Supplies,Storage
1935,OFF-ST-10002632,"Smead Shelving, Industrial",Office Supplies,Storage
1936,OFF-PA-10001878,"Enermax Cards & Envelopes, Premium",Office Supplies,Paper
1937,OFF-LA-10002159,"Hon Removable Labels, Adjustable",Office Supplies,Labels
1938,OFF-ROG-10003733,"Rogers Folders, Wire Frame",Office Supplies,Storage
1939,OFF-AR-10004454,"BIC Pens, Easy-Erase",Office Supplies,Art
1940,OFF-ACC-10004748,"Accos Push Pins, 12 Pack",Office Supplies,Fasteners
1941,OFF-ST-10004703,"Tenex Folders, Single Width",Office Supplies,Storage
1942,OFF-AR-10002113,"Boston Highlighters, Easy-Erase",Office Supplies,Art
1943,OFF-BIC-10002440,"BIC Sketch Pad, Blue",Office Supplies,Art
1944,OFF-BI-10003763,"Ibico Index Tab, Economy",Office Supplies,Binders
1945,OFF-AR-10001418,"BIC Markers, Easy-Erase",Office Supplies,Art
1946,OFF-FA-10001613,"OIC Thumb Tacks, Bulk Pack",Office Supplies,Fasteners
1947,OFF-AR-10001271,"Sanford Markers, Fluorescent",Office Supplies,Art
1948,OFF-AR-10003685,"Stanley Canvas, Water Color",Office Supplies,Art
1949,OFF-SAN-10004420,"Sanford Sketch Pad, Water Color",Office Supplies,Art
1950,OFF-NOV-10003499,"Novimex Removable Labels, Adjustable",Office Supplies,Labels
1951,OFF-EN-10002449,"Ames Interoffice Envelope, Security-Tint",Office Supplies,Envelopes
1952,OFF-EN-10004938,"Ames Business Envelopes, Set of 50",Office Supplies,Envelopes
1953,OFF-BI-10003917,"Wilson Jones 3-Hole Punch, Recycled",Office Supplies,Binders
1954,OFF-STI-10000305,"Stiletto Shears, High Speed",Office Supplies,Supplies
1955,OFF-SU-10001592,"Kleencut Letter Opener, Easy Grip",Office Supplies,Supplies
1956,OFF-AR-10000594,"Binney & Smith Highlighters, Water Color",Office Supplies,Art
1957,OFF-EAT-10004051,"Eaton Memo Slips, Recycled",Office Supplies,Paper
1958,OFF-SU-10004818,"Stiletto Trimmer, Steel",Office Supplies,Supplies
1959,OFF-ST-10003102,"Rogers Lockers, Single Width",Office Supplies,Storage
1960,OFF-WIL-10001979,"Wilson Jones Binder Covers, Clear",Office Supplies,Binders
1961,OFF-AR-10003085,"Stanley Markers, Easy-Erase",Office Supplies,Art
1962,OFF-NOV-10003401,"Novimex Color Coded Labels, Alphabetical",Office Supplies,Labels
1963,OFF-EAT-10001303,"Eaton Message Books, Premium",Office Supplies,Paper
1964,OFF-SAN-10004824,"Sanford Pencil Sharpener, Water Color",Office Supplies,Art
1965,OFF-FA-10004899,"OIC Clamps, 12 Pack",Office Supplies,Fasteners
1966,OFF-BI-10001293,"Acco 3-Hole Punch, Clear",Office Supplies,Binders
1967,OFF-IBI-10003191,"Ibico 3-Hole Punch, Durable",Office Supplies,Binders
1968,OFF-SAN-10002839,"Sanford Canvas, Fluorescent",Office Supplies,Art
1969,OFF-KLE-10002869,"Kleencut Letter Opener, High Speed",Office Supplies,Supplies
1970,OFF-EN-10001136,"Kraft Interoffice Envelope, Recycled",Office Supplies,Envelopes
1971,OFF-ST-10000704,"Rogers File Cart, Blue",Office Supplies,Storage
1972,OFF-AR-10004918,"Binney & Smith Pens, Fluorescent",Office Supplies,Art
1973,OFF-BI-10002281,"Ibico Binder Covers, Clear",Office Supplies,Binders
1974,OFF-FA-10003734,"OIC Rubber Bands, Metal",Office Supplies,Fasteners
1975,OFF-BIN-10001385,"Binney & Smith Pens, Fluorescent",Office Supplies,Art
1976,OFF-EN-10002434,"Kraft Manila Envelope, Recycled",Office Supplies,Envelopes
1977,OFF-FA-10000227,"OIC Clamps, Metal",Office Supplies,Fasteners
1978,OFF-FA-10000474,"OIC Staples, 12 Pack",Office Supplies,Fasteners
1979,OFF-PA-10002338,"Green Bar Parchment Paper, Recycled",Office Supplies,Paper
1980,OFF-AR-10002111,"Sanford Highlighters, Easy-Erase",Office Supplies,Art
1981,OFF-FA-10001184,"Stockwell Staples, Assorted Sizes",Office Supplies,Fasteners
1982,OFF-ACC-10002772,"Acco Index Tab, Economy",Office Supplies,Binders
1983,OFF-SAN-10001074,"SanDisk Message Books, Premium",Office Supplies,Paper
1984,OFF-BI-10001867,"Acco Binder Covers, Recycled",Office Supplies,Binders
1985,OFF-BI-10002562,"Ibico Binding Machine, Durable",Office Supplies,Binders
1986,OFF-IBI-10001772,"Ibico Index Tab, Clear",Office Supplies,Binders
1987,OFF-LA-10003511,"Avery Round Labels, Adjustable",Office Supplies,Labels
1988,OFF-ST-10004267,"Smead File Cart, Single Width",Office Supplies,Storage
1989,OFF-BI-10000816,"Ibico 3-Hole Punch, Recycled",Office Supplies,Binders
1990,OFF-PA-10001236,"Enermax Message Books, Recycled",Office Supplies,Paper
1991,OFF-FA-10000406,"Advantus Thumb Tacks, Metal",Office Supplies,Fasteners
1992,OFF-PA-10002022,"Xerox Message Books, 8.5 x 11",Office Supplies,Paper
1993,OFF-SU-10004846,"Acme Box Cutter, Serrated",Office Supplies,Supplies
1994,OFF-EN-10004150,"GlobeWeis Business Envelopes, Recycled",Office Supplies,Envelopes
1995,OFF-ST-10002161,"Tenex Trays, Single Width",Office Supplies,Storage
1996,OFF-ST-10000362,"Eldon File Cart, Blue",Office Supplies,Storage
1997,OFF-AR-10002672,"Boston Highlighters, Blue",Office Supplies,Art
1998,OFF-AR-10000539,"Boston Markers, Easy-Erase",Office Supplies,Art
1999,OFF-PA-10002974,"Enermax Note Cards, 8.5 x 11",Office Supplies,Paper
2000,OFF-SU-10001731,"Acme Letter Opener, Serrated",Office Supplies,Supplies
2001,OFF-AR-10001813,"Stanley Markers, Fluorescent",Office Supplies,Art
2002,OFF-LA-10001731,"Avery Removable Labels, Alphabetical",Office Supplies,Labels
2003,OFF-FA-10004813,"Stockwell Rubber Bands, Bulk Pack",Office Supplies,Fasteners
2004,OFF-SU-10004872,"Elite Letter Opener, Easy Grip",Office Supplies,Supplies
2005,OFF-SU-10004663,"Kleencut Letter Opener, Easy Grip",Office Supplies,Supplies
2006,OFF-FA-10004946,"Advantus Staples, Metal",Office Supplies,Fasteners
2007,OFF-BI-10001717,"Avery Hole Reinforcements, Durable",Office Supplies,Binders
2008,OFF-PA-10003365,"Eaton Cards & Envelopes, Multicolor",Office Supplies,Paper
2009,OFF-AR-10000481,"BIC Markers, Blue",Office Supplies,Art
2010,OFF-AR-10001952,"BIC Canvas, Easy-Erase",Office Supplies,Art
2011,OFF-SU-10003924,"Elite Trimmer, Steel",Office Supplies,Supplies
2012,OFF-EN-10000296,"Cameo Business Envelopes, Security-Tint",Office Supplies,Envelopes
2013,OFF-FA-10003819,"Advantus Paper Clips, Assorted Sizes",Office Supplies,Fasteners
2014,OFF-AR-10002747,"Boston Canvas, Fluorescent",Office Supplies,Art
2015,OFF-AR-10000091,"BIC Highlighters, Water Color",Office Supplies,Art
2016,OFF-ST-10003952,"Rogers Trays, Single Width",Office Supplies,Storage
2017,OFF-BI-10000325,"Wilson Jones Binder Covers, Recycled",Office Supplies,Binders
2018,OFF-BI-10001984,"Ibico Binding Machine, Economy",Office Supplies,Binders
2019,OFF-PA-10002524,"Enermax Note Cards, 8.5 x 11",Office Supplies,Paper
2020,OFF-SU-10000707,"Stiletto Shears, Serrated",Office Supplies,Supplies
2021,OFF-AR-10003897,"Stanley Pencil Sharpener, Water Color",Office Supplies,Art
2022,OFF-LA-10002334,"Smead Shipping Labels, Alphabetical",Office Supplies,Labels
2023,OFF-BI-10004685,"Acco Binder, Economy",Office Supplies,Binders
2024,OFF-LA-10004007,"Harbour Creations Color Coded Labels, Adjustable",Office Supplies,Labels
2025,OFF-BI-10003372,"Ibico Binding Machine, Durable",Office Supplies,Binders
2026,OFF-EN-10000061,"Cameo Business Envelopes, Set of 50",Office Supplies,Envelopes
2027,OFF-FA-10000470,"Stockwell Paper Clips, Assorted Sizes",Office Supplies,Fasteners
2028,OFF-BI-10004908,"Avery Binder Covers, Economy",Office Supplies,Binders
2029,OFF-BI-10003705,"Wilson Jones Binding Machine, Recycled",Office Supplies,Binders
2030,OFF-FA-10002163,"Stockwell Rubber Bands, Assorted Sizes",Office Supplies,Fasteners
2031,OFF-EN-10003529,"GlobeWeis Manila Envelope, Recycled",Office Supplies,Envelopes
2032,OFF-LA-10000738,"Avery File Folder Labels, Adjustable",Office Supplies,Labels
2033,OFF-LA-10002180,"Hon Color Coded Labels, 5000 Label Set",Office Supplies,Labels
2034,OFF-SU-10001442,"Acme Scissors, Steel",Office Supplies,Supplies
2035,OFF-SU-10001697,"Fiskars Scissors, Easy Grip",Office Supplies,Supplies
2036,OFF-ST-10004017,"Smead Trays, Industrial",Office Supplies,Storage
2037,OFF-ST-10003121,"Rogers Box, Industrial",Office Supplies,Storage
2038,OFF-EN-10003601,"GlobeWeis Clasp Envelope, Set of 50",Office Supplies,Envelopes
2039,OFF-AR-10001607,"Stanley Pencil Sharpener, Water Color",Office Supplies,Art
2040,OFF-AR-10000404,"Stanley Pencil Sharpener, Easy-Erase",Office Supplies,Art
2041,OFF-SU-10004705,"Fiskars Ruler, Serrated",Office Supplies,Supplies
2042,OFF-AR-10001694,"Sanford Canvas, Blue",Office Supplies,Art
2043,OFF-LA-10004034,"Harbour Creations Color Coded Labels, Alphabetical",Office Supplies,Labels
2044,OFF-PA-10004727,"Eaton Note Cards, 8.5 x 11",Office Supplies,Paper
2045,OFF-FA-10002393,"Accos Push Pins, Bulk Pack",Office Supplies,Fasteners
2046,OFF-ST-10000154,"Smead Box, Single Width",Office Supplies,Storage
2047,OFF-SU-10003343,"Kleencut Shears, Steel",Office Supplies,Supplies
2048,OFF-EN-10002679,"Kraft Mailers, with clear poly window",Office Supplies,Envelopes
2049,OFF-BI-10000721,"Ibico Binder Covers, Recycled",Office Supplies,Binders
2050,OFF-BI-10000814,"Wilson Jones Binder, Recycled",Office Supplies,Binders
2051,OFF-LA-10000590,"Smead Color Coded Labels, 5000 Label Set",Office Supplies,Labels
2052,OFF-BI-10000335,"Cardinal 3-Hole Punch, Durable",Office Supplies,Binders
2053,OFF-EN-10001375,"GlobeWeis Mailers, with clear poly window",Office Supplies,Envelopes
2054,OFF-AP-10001548,"Hoover Toaster, Silver",Office Supplies,Appliances
2055,OFF-SU-10002962,"Acme Scissors, Serrated",Office Supplies,Supplies
2056,OFF-SU-10004496,"Kleencut Scissors, Easy Grip",Office Supplies,Supplies
2057,OFF-AR-10000799,"Sanford Highlighters, Easy-Erase",Office Supplies,Art
2058,OFF-AR-10004068,"Boston Markers, Fluorescent",Office Supplies,Art
2059,OFF-ST-10003810,"Tenex Box, Single Width",Office Supplies,Storage
2060,OFF-BI-10003903,"Cardinal Binder, Economy",Office Supplies,Binders
2061,OFF-FA-10004027,"OIC Staples, Bulk Pack",Office Supplies,Fasteners
2062,OFF-PA-10003774,"Enermax Computer Printout Paper, Recycled",Office Supplies,Paper
2063,OFF-BI-10000389,"Ibico Binding Machine, Clear",Office Supplies,Binders
2064,OFF-BI-10001150,"Avery Index Tab, Economy",Office Supplies,Binders
2065,OFF-AP-10003625,"Hoover Microwave, White",Office Supplies,Appliances
2066,OFF-LA-10003955,"Avery Shipping Labels, 5000 Label Set",Office Supplies,Labels
2067,OFF-LA-10000990,"Harbour Creations Legal Exhibit Labels, Alphabetical",Office Supplies,Labels
2068,OFF-EN-10000776,"Jiffy Peel and Seal, Set of 50",Office Supplies,Envelopes
2069,OFF-BI-10002172,"Acco Binding Machine, Recycled",Office Supplies,Binders
2070,OFF-SU-10000164,"Kleencut Box Cutter, High Speed",Office Supplies,Supplies
2071,OFF-AP-10003380,"KitchenAid Coffee Grinder, Black",Office Supplies,Appliances
2072,OFF-BI-10003114,"Ibico Hole Reinforcements, Economy",Office Supplies,Binders
2073,OFF-LA-10002575,"Smead Legal Exhibit Labels, 5000 Label Set",Office Supplies,Labels
2074,OFF-LA-10000760,"Smead Shipping Labels, Laser Printer Compatible",Office Supplies,Labels
2075,OFF-SU-10003535,"Elite Box Cutter, Easy Grip",Office Supplies,Supplies
2076,OFF-AR-10000503,"Stanley Pens, Blue",Office Supplies,Art
2077,OFF-AR-10002335,"Sanford Canvas, Fluorescent",Office Supplies,Art
2078,OFF-PA-10003686,"SanDisk Message Books, Multicolor",Office Supplies,Paper
2079,OFF-ST-10002354,"Eldon Lockers, Wire Frame",Office Supplies,Storage
2080,OFF-ST-10004377,"Rogers File Cart, Single Width",Office Supplies,Storage
2081,OFF-AR-10000058,"Stanley Canvas, Water Color",Office Supplies,Art
2082,OFF-AR-10002499,"Binney & Smith Pencil Sharpener, Easy-Erase",Office Supplies,Art
2083,OFF-SU-10001476,"Fiskars Scissors, Easy Grip",Office Supplies,Supplies
2084,OFF-AP-10002932,"Breville Refrigerator, White",Office Supplies,Appliances
2085,OFF-SU-10002653,"Kleencut Letter Opener, High Speed",Office Supplies,Supplies
2086,OFF-ST-10002085,"Tenex File Cart, Industrial",Office Supplies,Storage
2087,OFF-AR-10003816,"Binney & Smith Highlighters, Easy-Erase",Office Supplies,Art
2088,OFF-PA-10003899,"SanDisk Memo Slips, Premium",Office Supplies,Paper
2089,OFF-AR-10003446,"BIC Highlighters, Water Color",Office Supplies,Art
2090,OFF-BI-10004541,"Wilson Jones Binder, Durable",Office Supplies,Binders
2091,OFF-SU-10004246,"Fiskars Letter Opener, Easy Grip",Office Supplies,Supplies
2092,OFF-PA-10002011,"SanDisk Parchment Paper, Premium",Office Supplies,Paper
2093,OFF-AR-10001922,"Sanford Pens, Blue",Office Supplies,Art
2094,OFF-BI-10002799,"Cardinal Binder Covers, Clear",Office Supplies,Binders
2095,OFF-BI-10003166,"Cardinal Hole Reinforcements, Durable",Office Supplies,Binders
2096,OFF-BI-10002684,"Avery Hole Reinforcements, Clear",Office Supplies,Binders
2097,OFF-ST-10002042,"Fellowes Folders, Industrial",Office Supplies,Storage
2098,OFF-SU-10004230,"Kleencut Scissors, Serrated",Office Supplies,Supplies
2099,OFF-AR-10004780,"Stanley Markers, Blue",Office Supplies,Art
2100,OFF-ST-10004608,"Smead Shelving, Industrial",Office Supplies,Storage
2101,OFF-SU-10000723,"Kleencut Shears, Steel",Office Supplies,Supplies
2102,OFF-BI-10000501,"Cardinal Binder, Durable",Office Supplies,Binders
2103,OFF-ST-10004464,"Eldon Trays, Blue",Office Supplies,Storage
2104,OFF-EN-10000904,"Ames Mailers, with clear poly window",Office Supplies,Envelopes
2105,OFF-AR-10002156,"Stanley Highlighters, Blue",Office Supplies,Art
2106,OFF-AP-10004869,"KitchenAid Toaster, White",Office Supplies,Appliances
2107,OFF-SU-10003157,"Elite Letter Opener, Steel",Office Supplies,Supplies
2108,OFF-EN-10000274,"Kraft Business Envelopes, Recycled",Office Supplies,Envelopes
2109,OFF-BI-10003022,"Cardinal 3-Hole Punch, Economy",Office Supplies,Binders
2110,OFF-PA-10004385,"Eaton Parchment Paper, Premium",Office Supplies,Paper
2111,OFF-BI-10001808,"Ibico Index Tab, Clear",Office Supplies,Binders
2112,OFF-PA-10003906,"Eaton Memo Slips, Premium",Office Supplies,Paper
2113,OFF-ST-10002555,"Eldon Lockers, Industrial",Office Supplies,Storage
2114,OFF-BI-10001138,"Acco 3-Hole Punch, Clear",Office Supplies,Binders
2115,OFF-SU-10003098,"Kleencut Scissors, Easy Grip",Office Supplies,Supplies
2116,OFF-EN-10003721,"Jiffy Business Envelopes, Security-Tint",Office Supplies,Envelopes
2117,OFF-SU-10003236,"Fiskars Scissors, High Speed",Office Supplies,Supplies
2118,OFF-AP-10000672,"KitchenAid Stove, White",Office Supplies,Appliances
2119,OFF-FA-10000038,"Advantus Clamps, Metal",Office Supplies,Fasteners
2120,OFF-EN-10004525,"GlobeWeis Peel and Seal, Security-Tint",Office Supplies,Envelopes
2121,OFF-PA-10000994,"Enermax Message Books, 8.5 x 11",Office Supplies,Paper
2122,OFF-AP-10004978,"KitchenAid Coffee Grinder, Red",Office Supplies,Appliances
2123,OFF-FA-10000439,"Stockwell Thumb Tacks, Assorted Sizes",Office Supplies,Fasteners
2124,OFF-AR-10001208,"Binney & Smith Canvas, Water Color",Office Supplies,Art
2125,OFF-FA-10004705,"OIC Thumb Tacks, 12 Pack",Office Supplies,Fasteners
2126,OFF-BI-10001507,"Ibico Binder, Durable",Office Supplies,Binders
2127,OFF-AR-10002109,"Binney & Smith Sketch Pad, Fluorescent",Office Supplies,Art
2128,OFF-LA-10004094,"Avery Removable Labels, 5000 Label Set",Office Supplies,Labels
2129,OFF-BI-10003653,"Avery 3-Hole Punch, Durable",Office Supplies,Binders
2130,OFF-FA-10000263,"Stockwell Thumb Tacks, Bulk Pack",Office Supplies,Fasteners
2131,OFF-SU-10000320,"Fiskars Shears, High Speed",Office Supplies,Supplies
2132,OFF-SU-10004711,"Acme Trimmer, Serrated",Office Supplies,Supplies
2133,OFF-ST-10003426,"Tenex Box, Wire Frame",Office Supplies,Storage
2134,OFF-SU-10001968,"Acme Scissors, Steel",Office Supplies,Supplies
2135,OFF-PA-10003571,"Enermax Cards & Envelopes, Recycled",Office Supplies,Paper
2136,OFF-AR-10001659,"Boston Markers, Blue",Office Supplies,Art
2137,OFF-PA-10004190,"Xerox Note Cards, Multicolor",Office Supplies,Paper
2138,OFF-FA-10004637,"Accos Thumb Tacks, Metal",Office Supplies,Fasteners
2139,OFF-SU-10001722,"Stiletto Box Cutter, Easy Grip",Office Supplies,Supplies
2140,OFF-AR-10002824,"Sanford Markers, Water Color",Office Supplies,Art
2141,OFF-PA-10004155,"Eaton Computer Printout Paper, 8.5 x 11",Office Supplies,Paper
2142,OFF-AP-10000667,"Breville Stove, White",Office Supplies,Appliances
2143,OFF-ST-10003648,"Smead Folders, Wire Frame",Office Supplies,Storage
2144,OFF-PA-10002372,"SanDisk Computer Printout Paper, Recycled",Office Supplies,Paper
2145,OFF-FA-10000447,"Accos Paper Clips, Assorted Sizes",Office Supplies,Fasteners
2146,OFF-LA-10003820,"Novimex Color Coded Labels, Adjustable",Office Supplies,Labels
2147,OFF-ST-10002714,"Tenex Shelving, Blue",Office Supplies,Storage
2148,OFF-PA-10000032,"SanDisk Note Cards, Premium",Office Supplies,Paper
2149,OFF-LA-10000934,"Hon Legal Exhibit Labels, 5000 Label Set",Office Supplies,Labels
2150,OFF-BI-10003709,"Wilson Jones Binding Machine, Durable",Office Supplies,Binders
2151,OFF-FA-10003529,"Stockwell Thumb Tacks, Metal",Office Supplies,Fasteners
2152,OFF-ST-10002499,"Eldon File Cart, Single Width",Office Supplies,Storage
2153,OFF-FA-10004924,"Stockwell Paper Clips, Assorted Sizes",Office Supplies,Fasteners
2154,OFF-EN-10004989,"Cameo Manila Envelope, Set of 50",Office Supplies,Envelopes
2155,OFF-FA-10002071,"Accos Thumb Tacks, Assorted Sizes",Office Supplies,Fasteners
2156,OFF-LA-10002625,"Harbour Creations Round Labels, Adjustable",Office Supplies,Labels
2157,OFF-LA-10003233,"Avery Removable Labels, Alphabetical",Office Supplies,Labels
2158,OFF-ST-10004409,"Rogers Box, Industrial",Office Supplies,Storage
2159,OFF-SU-10003629,"Fiskars Ruler, Steel",Office Supplies,Supplies
2160,OFF-AR-10000319,"Binney & Smith Canvas, Fluorescent",Office Supplies,Art
2161,OFF-LA-10004709,"Avery Round Labels, Laser Printer Compatible",Office Supplies,Labels
2162,OFF-LA-10004744,"Smead Shipping Labels, Alphabetical",Office Supplies,Labels
2163,OFF-LA-10004737,"Avery Shipping Labels, 5000 Label Set",Office Supplies,Labels
2164,OFF-AR-10001176,"Sanford Pens, Water Color",Office Supplies,Art
2165,OFF-FA-10003930,"Stockwell Push Pins, Assorted Sizes",Office Supplies,Fasteners
2166,OFF-PA-10001971,"Eaton Cards & Envelopes, Premium",Office Supplies,Paper
2167,OFF-AR-10000491,"Binney & Smith Pens, Water Color",Office Supplies,Art
2168,OFF-BI-10000972,"Acco 3-Hole Punch, Economy",Office Supplies,Binders
2169,OFF-EN-10001979,"Cameo Clasp Envelope, Security-Tint",Office Supplies,Envelopes
2170,OFF-FA-10000520,"Stockwell Paper Clips, Bulk Pack",Office Supplies,Fasteners
2171,OFF-PA-10002396,"Eaton Memo Slips, 8.5 x 11",Office Supplies,Paper
2172,OFF-PA-10000961,"Green Bar Parchment Paper, Premium",Office Supplies,Paper
2173,OFF-EN-10003080,"Kraft Peel and Seal, Security-Tint",Office Supplies,Envelopes
2174,OFF-FA-10002752,"Advantus Push Pins, Bulk Pack",Office Supplies,Fasteners
2175,OFF-LA-10001831,"Harbour Creations Shipping Labels, Adjustable",Office Supplies,Labels
2176,OFF-BI-10002193,"Wilson Jones Hole Reinforcements, Recycled",Office Supplies,Binders
2177,OFF-BI-10001192,"Cardinal Binder, Clear",Office Supplies,Binders
2178,OFF-EN-10004051,"Ames Manila Envelope, Set of 50",Office Supplies,Envelopes
2179,OFF-FA-10001530,"Accos Paper Clips, Assorted Sizes",Office Supplies,Fasteners
2180,OFF-FA-10000999,"OIC Thumb Tacks, 12 Pack",Office Supplies,Fasteners
2181,OFF-ST-10004855,"Smead Lockers, Industrial",Office Supplies,Storage
2182,OFF-LA-10004594,"Avery Color Coded Labels, Adjustable",Office Supplies,Labels
2183,OFF-EN-10003087,"Jiffy Peel and Seal, Security-Tint",Office Supplies,Envelopes
2184,OFF-PA-10001523,"Enermax Cards & Envelopes, Premium",Office Supplies,Paper
2185,OFF-BI-10000815,"Ibico 3-Hole Punch, Durable",Office Supplies,Binders
2186,OFF-BI-10001820,"Wilson Jones Binding Machine, Durable",Office Supplies,Binders
2187,OFF-PA-10001758,"Enermax Note Cards, Premium",Office Supplies,Paper
2188,OFF-AR-10002681,"Stanley Canvas, Fluorescent",Office Supplies,Art
2189,OFF-SU-10004902,"Fiskars Ruler, Easy Grip",Office Supplies,Supplies
2190,OFF-EN-10001147,"Jiffy Clasp Envelope, Recycled",Office Supplies,Envelopes
2191,OFF-ST-10004695,"Fellowes File Cart, Blue",Office Supplies,Storage
2192,OFF-BI-10000042,"Cardinal Index Tab, Clear",Office Supplies,Binders
2193,OFF-EN-10004212,"Kraft Manila Envelope, Recycled",Office Supplies,Envelopes
2194,OFF-LA-10003210,"Novimex Color Coded Labels, 5000 Label Set",Office Supplies,Labels
2195,OFF-EN-10002065,"Ames Clasp Envelope, Set of 50",Office Supplies,Envelopes
2196,OFF-BI-10004007,"Avery 3-Hole Punch, Durable",Office Supplies,Binders
2197,OFF-BI-10001119,"Wilson Jones Index Tab, Clear",Office Supplies,Binders
2198,OFF-BI-10002412,"Avery Hole Reinforcements, Economy",Office Supplies,Binders
2199,OFF-BI-10003277,"Ibico Binder Covers, Durable",Office Supplies,Binders
2200,OFF-SU-10000810,"Kleencut Letter Opener, Steel",Office Supplies,Supplies
2201,OFF-PA-10004343,"Enermax Memo Slips, Premium",Office Supplies,Paper
2202,OFF-PA-10003416,"Enermax Note Cards, Multicolor",Office Supplies,Paper
2203,OFF-ST-10002706,"Fellowes File Cart, Wire Frame",Office Supplies,Storage
2204,OFF-BI-10001639,"Acco Binder, Economy",Office Supplies,Binders
2205,OFF-AR-10001462,"Stanley Highlighters, Fluorescent",Office Supplies,Art
2206,OFF-BI-10002674,"Cardinal Binder Covers, Recycled",Office Supplies,Binders
2207,OFF-AR-10000475,"Sanford Canvas, Blue",Office Supplies,Art
2208,OFF-SU-10001879,"Acme Trimmer, High Speed",Office Supplies,Supplies
2209,OFF-LA-10001484,"Harbour Creations Legal Exhibit Labels, Adjustable",Office Supplies,Labels
2210,OFF-CAM-10004790,"Cameo Peel and Seal, Set of 50",Office Supplies,Envelopes
2211,OFF-ST-10001707,"Smead Shelving, Single Width",Office Supplies,Storage
2212,OFF-BIN-10003089,"Binney & Smith Highlighters, Easy-Erase",Office Supplies,Art
2213,OFF-WIL-10002153,"Wilson Jones 3-Hole Punch, Clear",Office Supplies,Binders
2214,OFF-SAN-10001114,"SanDisk Cards & Envelopes, Multicolor",Office Supplies,Paper
2215,OFF-WIL-10000777,"Wilson Jones 3-Hole Punch, Recycled",Office Supplies,Binders
2216,OFF-NOV-10004671,"Novimex Removable Labels, 5000 Label Set",Office Supplies,Labels
2217,OFF-SU-10001066,"Acme Letter Opener, Steel",Office Supplies,Supplies
2218,OFF-ST-10001440,"Eldon Shelving, Blue",Office Supplies,Storage
2219,OFF-HAR-10004896,"Harbour Creations Color Coded Labels, Laser Printer Compatible",Office Supplies,Labels
2220,OFF-ST-10003837,"Tenex Lockers, Single Width",Office Supplies,Storage
2221,OFF-ELD-10000151,"Eldon File Cart, Industrial",Office Supplies,Storage
2222,OFF-EN-10000128,"GlobeWeis Interoffice Envelope, Set of 50",Office Supplies,Envelopes
2223,OFF-EN-10002122,"Jiffy Mailers, with clear poly window",Office Supplies,Envelopes
2224,OFF-EN-10004981,"Ames Interoffice Envelope, with clear poly window",Office Supplies,Envelopes
2225,OFF-CAR-10001471,"Cardinal 3-Hole Punch, Clear",Office Supplies,Binders
2226,OFF-LA-10002544,"Novimex Color Coded Labels, Alphabetical",Office Supplies,Labels
2227,OFF-SU-10000066,"Acme Box Cutter, Serrated",Office Supplies,Supplies
2228,OFF-PA-10004531,"SanDisk Note Cards, 8.5 x 11",Office Supplies,Paper
2229,OFF-ACC-10000233,"Acco Binder, Economy",Office Supplies,Binders
2230,OFF-PA-10000863,"Enermax Parchment Paper, Recycled",Office Supplies,Paper
2231,OFF-STI-10003148,"Stiletto Trimmer, Serrated",Office Supplies,Supplies
2232,OFF-SU-10002566,"Stiletto Trimmer, Steel",Office Supplies,Supplies
2233,OFF-WIL-10001069,"Wilson Jones Hole Reinforcements, Clear",Office Supplies,Binders
2234,OFF-AR-10000399,"Binney & Smith Highlighters, Fluorescent",Office Supplies,Art
2235,OFF-EN-10003381,"Cameo Manila Envelope, Security-Tint",Office Supplies,Envelopes
2236,OFF-BI-10001808,"Cardinal Binding Machine, Clear",Office Supplies,Binders
2237,OFF-BI-10002517,"Ibico Binder, Recycled",Office Supplies,Binders
2238,OFF-PA-10001370,"SanDisk Parchment Paper, 8.5 x 11",Office Supplies,Paper
2239,OFF-ST-10002263,"Rogers Trays, Wire Frame",Office Supplies,Storage
2240,OFF-EN-10000224,"Cameo Clasp Envelope, Recycled",Office Supplies,Envelopes
2241,OFF-EN-10002778,"Ames Clasp Envelope, Set of 50",Office Supplies,Envelopes
2242,OFF-BI-10000267,"Ibico Hole Reinforcements, Clear",Office Supplies,Binders
2243,OFF-BI-10002083,"Acco Hole Reinforcements, Economy",Office Supplies,Binders
2244,OFF-BI-10001723,"Avery Binder, Clear",Office Supplies,Binders
2245,OFF-SU-10002214,"Kleencut Letter Opener, Easy Grip",Office Supplies,Supplies
2246,OFF-LA-10002827,"Harbour Creations Round Labels, Adjustable",Office Supplies,Labels
2247,OFF-BI-10001275,"Avery Index Tab, Durable",Office Supplies,Binders
2248,OFF-AR-10004772,"Boston Highlighters, Fluorescent",Office Supplies,Art
2249,OFF-IBI-10001494,"Ibico Index Tab, Durable",Office Supplies,Binders
2250,OFF-CAR-10001577,"Cardinal Binding Machine, Economy",Office Supplies,Binders
2251,OFF-HAR-10000495,"Harbour Creations Shipping Labels, Adjustable",Office Supplies,Labels
2252,OFF-ST-10001393,"Fellowes Trays, Blue",Office Supplies,Storage
2253,OFF-EN-10001854,"Jiffy Business Envelopes, Recycled",Office Supplies,Envelopes
2254,OFF-HOO-10001783,"Hoover Microwave, Red",Office Supplies,Appliances
2255,OFF-AR-10000027,"Boston Pencil Sharpener, Easy-Erase",Office Supplies,Art
2256,OFF-AR-10001529,"Sanford Pens, Fluorescent",Office Supplies,Art
2257,OFF-BI-10000006,"Ibico Binder, Durable",Office Supplies,Binders
2258,OFF-ST-10001638,"Tenex File Cart, Single Width",Office Supplies,Storage
2259,OFF-PA-10001661,"SanDisk Computer Printout Paper, 8.5 x 11",Office Supplies,Paper
2260,OFF-AR-10002022,"Stanley Sketch Pad, Water Color",Office Supplies,Art
2261,OFF-LA-10003437,"Hon Color Coded Labels, Laser Printer Compatible",Office Supplies,Labels
2262,OFF-PA-10001968,"Eaton Computer Printout Paper, 8.5 x 11",Office Supplies,Paper
2263,OFF-ST-10002105,"Smead Trays, Wire Frame",Office Supplies,Storage
2264,OFF-BOS-10000363,"Boston Pencil Sharpener, Water Color",Office Supplies,Art
2265,OFF-SU-10004780,"Fiskars Box Cutter, Steel",Office Supplies,Supplies
2266,OFF-ACM-10002816,"Acme Letter Opener, Steel",Office Supplies,Supplies
2267,OFF-KLE-10002118,"Kleencut Ruler, Serrated",Office Supplies,Supplies
2268,OFF-SU-10001552,"Kleencut Trimmer, Easy Grip",Office Supplies,Supplies
2269,OFF-LA-10000984,"Hon Round Labels, Alphabetical",Office Supplies,Labels
2270,OFF-STO-10002449,"Stockwell Rubber Bands, 12 Pack",Office Supplies,Fasteners
2271,OFF-SME-10004754,"Smead Round Labels, Adjustable",Office Supplies,Labels
2272,OFF-SME-10000018,"Smead Round Labels, Laser Printer Compatible",Office Supplies,Labels
2273,OFF-IBI-10000959,"Ibico Binding Machine, Recycled",Office Supplies,Binders
2274,OFF-WIL-10004697,"Wilson Jones Binder, Economy",Office Supplies,Binders
2275,OFF-AP-10003615,"Hamilton Beach Blender, Black",Office Supplies,Appliances
2276,OFF-FA-10003779,"Stockwell Paper Clips, Assorted Sizes",Office Supplies,Fasteners
2277,OFF-ADV-10002299,"Advantus Rubber Bands, 12 Pack",Office Supplies,Fasteners
2278,OFF-EN-10000359,"Ames Clasp Envelope, Recycled",Office Supplies,Envelopes
2279,OFF-SU-10002521,"Kleencut Box Cutter, Steel",Office Supplies,Supplies
2280,OFF-EN-10002624,"Jiffy Clasp Envelope, Set of 50",Office Supplies,Envelopes
2281,OFF-SU-10004008,"Kleencut Letter Opener, Steel",Office Supplies,Supplies
2282,OFF-SAN-10004339,"Sanford Highlighters, Water Color",Office Supplies,Art
2283,OFF-WIL-10000979,"Wilson Jones Hole Reinforcements, Recycled",Office Supplies,Binders
2284,OFF-FA-10003961,"Advantus Rubber Bands, Assorted Sizes",Office Supplies,Fasteners
2285,OFF-BI-10004053,"Cardinal Binder Covers, Durable",Office Supplies,Binders
2286,OFF-PA-10000776,"Xerox Cards & Envelopes, Premium",Office Supplies,Paper
2287,OFF-HAR-10003043,"Harbour Creations Shipping Labels, 5000 Label Set",Office Supplies,Labels
2288,OFF-PA-10001091,"Eaton Computer Printout Paper, Recycled",Office Supplies,Paper
2289,OFF-XER-10004012,"Xerox Note Cards, Premium",Office Supplies,Paper
2290,OFF-SU-10004980,"Acme Trimmer, Steel",Office Supplies,Supplies
2291,OFF-HON-10001132,"Hon Round Labels, Adjustable",Office Supplies,Labels
2292,OFF-SU-10001762,"Stiletto Shears, Easy Grip",Office Supplies,Supplies
2293,OFF-LA-10002927,"Avery File Folder Labels, 5000 Label Set",Office Supplies,Labels
2294,OFF-SU-10003665,"Stiletto Letter Opener, Steel",Office Supplies,Supplies
2295,OFF-LA-10004894,"Hon Shipping Labels, Alphabetical",Office Supplies,Labels
2296,OFF-AP-10004646,"Hoover Refrigerator, Black",Office Supplies,Appliances
2297,OFF-EN-10000084,"Jiffy Manila Envelope, with clear poly window",Office Supplies,Envelopes
2298,OFF-ELI-10002337,"Elite Box Cutter, High Speed",Office Supplies,Supplies
2299,OFF-BI-10000368,"Avery Binder Covers, Durable",Office Supplies,Binders
2300,OFF-SAN-10001634,"Sanford Canvas, Easy-Erase",Office Supplies,Art
2301,OFF-PA-10000450,"Green Bar Note Cards, Multicolor",Office Supplies,Paper
2302,OFF-EN-10002556,"Ames Business Envelopes, Recycled",Office Supplies,Envelopes
2303,OFF-LA-10001658,"Avery Round Labels, 5000 Label Set",Office Supplies,Labels
2304,OFF-ST-10000892,"Tenex Trays, Wire Frame",Office Supplies,Storage
2305,OFF-PA-10004998,"Green Bar Parchment Paper, Multicolor",Office Supplies,Paper
2306,OFF-EN-10004935,"Cameo Clasp Envelope, with clear poly window",Office Supplies,Envelopes
2307,OFF-SU-10001770,"Acme Scissors, Easy Grip",Office Supplies,Supplies
2308,OFF-SME-10001718,"Smead Box, Industrial",Office Supplies,Storage
2309,OFF-CAR-10003373,"Cardinal Hole Reinforcements, Durable",Office Supplies,Binders
2310,OFF-KLE-10001794,"Kleencut Box Cutter, High Speed",Office Supplies,Supplies
2311,OFF-SU-10003697,"Elite Scissors, High Speed",Office Supplies,Supplies
2312,OFF-PA-10004287,"Enermax Message Books, Recycled",Office Supplies,Paper
2313,OFF-FIS-10000628,"Fiskars Ruler, Easy Grip",Office Supplies,Supplies
2314,OFF-PA-10003156,"Xerox Message Books, 8.5 x 11",Office Supplies,Paper
2315,OFF-ST-10002070,"Tenex Trays, Wire Frame",Office Supplies,Storage
2316,OFF-LA-10003217,"Smead File Folder Labels, Laser Printer Compatible",Office Supplies,Labels
2317,OFF-AR-10000603,"Boston Highlighters, Water Color",Office Supplies,Art
2318,OFF-ST-10004190,"Smead Box, Single Width",Office Supplies,Storage
2319,OFF-FA-10000856,"Stockwell Thumb Tacks, Bulk Pack",Office Supplies,Fasteners
2320,OFF-BI-10003162,"Avery Binding Machine, Economy",Office Supplies,Binders
2321,OFF-SU-10003629,"Fiskars Letter Opener, Easy Grip",Office Supplies,Supplies
2322,OFF-STI-10001743,"Stiletto Scissors, Easy Grip",Office Supplies,Supplies
2323,OFF-BI-10004654,"Ibico 3-Hole Punch, Economy",Office Supplies,Binders
2324,OFF-LA-10004519,"Avery Legal Exhibit Labels, 5000 Label Set",Office Supplies,Labels
2325,OFF-AR-10000347,"Sanford Pens, Blue",Office Supplies,Art
2326,OFF-SU-10000970,"Elite Box Cutter, Easy Grip",Office Supplies,Supplies
2327,OFF-EN-10002522,"Ames Mailers, Security-Tint",Office Supplies,Envelopes
2328,OFF-BIN-10002236,"Binney & Smith Pencil Sharpener, Water Color",Office Supplies,Art
2329,OFF-ACC-10003788,"Acco Hole Reinforcements, Clear",Office Supplies,Binders
2330,OFF-BI-10000070,"Wilson Jones 3-Hole Punch, Clear",Office Supplies,Binders
2331,OFF-STA-10000244,"Stanley Sketch Pad, Fluorescent",Office Supplies,Art
2332,OFF-SU-10001535,"Stiletto Trimmer, Easy Grip",Office Supplies,Supplies
2333,OFF-AR-10003217,"Sanford Highlighters, Fluorescent",Office Supplies,Art
2334,OFF-ADV-10003369,"Advantus Thumb Tacks, Assorted Sizes",Office Supplies,Fasteners
2335,OFF-ST-10000378,"Tenex Box, Wire Frame",Office Supplies,Storage
2336,OFF-PA-10001972,"Eaton Message Books, Premium",Office Supplies,Paper
2337,OFF-BI-10001002,"Avery Binder Covers, Recycled",Office Supplies,Binders
2338,OFF-ELD-10002279,"Eldon Shelving, Industrial",Office Supplies,Storage
2339,OFF-AR-10000711,"BIC Pens, Easy-Erase",Office Supplies,Art
2340,OFF-AR-10000833,"Sanford Sketch Pad, Water Color",Office Supplies,Art
2341,OFF-FA-10002360,"Advantus Staples, Bulk Pack",Office Supplies,Fasteners
2342,OFF-AME-10002949,"Ames Clasp Envelope, with clear poly window",Office Supplies,Envelopes
2343,OFF-EN-10002425,"Ames Peel and Seal, Set of 50",Office Supplies,Envelopes
2344,OFF-AR-10003629,"Boston Canvas, Water Color",Office Supplies,Art
2345,OFF-ACC-10001281,"Accos Clamps, Bulk Pack",Office Supplies,Fasteners
2346,OFF-FIS-10001591,"Fiskars Trimmer, High Speed",Office Supplies,Supplies
2347,OFF-BI-10003098,"Ibico Binding Machine, Economy",Office Supplies,Binders
2348,OFF-BIC-10000582,"BIC Sketch Pad, Water Color",Office Supplies,Art
2349,OFF-AP-10000258,"Hamilton Beach Blender, Black",Office Supplies,Appliances
2350,OFF-SU-10000932,"Elite Shears, Steel",Office Supplies,Supplies
2351,OFF-ELD-10001293,"Eldon Box, Wire Frame",Office Supplies,Storage
2352,OFF-LA-10001549,"Harbour Creations Removable Labels, Adjustable",Office Supplies,Labels
2353,OFF-HAR-10001913,"Harbour Creations Legal Exhibit Labels, Laser Printer Compatible",Office Supplies,Labels
2354,OFF-ENE-10002833,"Enermax Cards & Envelopes, Premium",Office Supplies,Paper
2355,OFF-LA-10000508,"Harbour Creations Round Labels, 5000 Label Set",Office Supplies,Labels
2356,OFF-FA-10004587,"Advantus Rubber Bands, 12 Pack",Office Supplies,Fasteners
2357,OFF-TEN-10003148,"Tenex Lockers, Single Width",Office Supplies,Storage
2358,OFF-ELD-10002199,"Eldon File Cart, Single Width",Office Supplies,Storage
2359,OFF-BI-10000482,"Acco 3-Hole Punch, Recycled",Office Supplies,Binders
2360,OFF-BI-10000115,"Acco Hole Reinforcements, Clear",Office Supplies,Binders
2361,OFF-BI-10000806,"Acco Index Tab, Economy",Office Supplies,Binders
2362,OFF-SU-10000877,"Acme Scissors, Easy Grip",Office Supplies,Supplies
2363,OFF-PA-10004741,"SanDisk Cards & Envelopes, 8.5 x 11",Office Supplies,Paper
2364,OFF-HOO-10003820,"Hoover Toaster, White",Office Supplies,Appliances
2365,OFF-BOS-10003160,"Boston Markers, Water Color",Office Supplies,Art
2366,OFF-EN-10002465,"Cameo Business Envelopes, Set of 50",Office Supplies,Envelopes
2367,OFF-PA-10004600,"Xerox Cards & Envelopes, Premium",Office Supplies,Paper
2368,OFF-ST-10001694,"Smead Folders, Blue",Office Supplies,Storage
2369,OFF-ROG-10001818,"Rogers Folders, Single Width",Office Supplies,Storage
2370,OFF-ST-10000872,"Fellowes File Cart, Single Width",Office Supplies,Storage
2371,OFF-STI-10000114,"Stiletto Letter Opener, High Speed",Office Supplies,Supplies
2372,OFF-PA-10001869,"Green Bar Computer Printout Paper, 8.5 x 11",Office Supplies,Paper
2373,OFF-AP-10001254,"KitchenAid Coffee Grinder, Red",Office Supplies,Appliances
2374,OFF-AR-10000387,"Sanford Highlighters, Water Color",Office Supplies,Art
2375,OFF-FA-10003626,"Advantus Rubber Bands, Assorted Sizes",Office Supplies,Fasteners
2376,OFF-LA-10000732,"Novimex Round Labels, 5000 Label Set",Office Supplies,Labels
2377,OFF-SU-10000085,"Kleencut Trimmer, Steel",Office Supplies,Supplies
2378,OFF-LA-10002068,"Smead Removable Labels, Adjustable",Office Supplies,Labels
2379,OFF-PA-10002040,"Green Bar Cards & Envelopes, Multicolor",Office Supplies,Paper
2380,OFF-FA-10001727,"Advantus Thumb Tacks, Assorted Sizes",Office Supplies,Fasteners
2381,OFF-PA-10001685,"Eaton Parchment Paper, Recycled",Office Supplies,Paper
2382,OFF-AP-10001233,"Hamilton Beach Toaster, Red",Office Supplies,Appliances
2383,OFF-ST-10004857,"Smead Folders, Single Width",Office Supplies,Storage
2384,OFF-EN-10000383,"Ames Clasp Envelope, Recycled",Office Supplies,Envelopes
2385,OFF-AR-10001879,"Stanley Pencil Sharpener, Fluorescent",Office Supplies,Art
2386,OFF-BI-10002738,"Acco Index Tab, Clear",Office Supplies,Binders
2387,OFF-BI-10004142,"Acco Index Tab, Clear",Office Supplies,Binders
2388,OFF-FA-10000401,"Advantus Paper Clips, Metal",Office Supplies,Fasteners
2389,OFF-PA-10003654,"SanDisk Memo Slips, Recycled",Office Supplies,Paper
2390,OFF-LA-10000658,"Avery Shipping Labels, 5000 Label Set",Office Supplies,Labels
2391,OFF-ST-10003159,"Smead Trays, Single Width",Office Supplies,Storage
2392,OFF-LA-10000688,"Harbour Creations Shipping Labels, Laser Printer Compatible",Office Supplies,Labels
2393,OFF-LA-10001065,"Avery Round Labels, Alphabetical",Office Supplies,Labels
2394,OFF-ST-10001010,"Fellowes Lockers, Industrial",Office Supplies,Storage
2395,OFF-FA-10003789,"Accos Push Pins, Metal",Office Supplies,Fasteners
2396,OFF-AP-10004031,"Hamilton Beach Microwave, White",Office Supplies,Appliances
2397,OFF-AP-10000179,"Breville Refrigerator, Red",Office Supplies,Appliances
2398,OFF-PA-10001905,"Eaton Message Books, Recycled",Office Supplies,Paper
2399,OFF-LA-10001294,"Avery Shipping Labels, Adjustable",Office Supplies,Labels
2400,OFF-SU-10002445,"Fiskars Trimmer, High Speed",Office Supplies,Supplies
2401,OFF-LA-10004848,"Avery Legal Exhibit Labels, 5000 Label Set",Office Supplies,Labels
2402,OFF-ST-10004296,"Rogers Box, Single Width",Office Supplies,Storage
2403,OFF-ST-10003203,"Eldon Lockers, Wire Frame",Office Supplies,Storage
2404,OFF-BI-10004446,"Acco Binding Machine, Economy",Office Supplies,Binders
2405,OFF-PA-10001795,"Green Bar Message Books, Premium",Office Supplies,Paper
2406,OFF-EN-10001627,"Cameo Interoffice Envelope, with clear poly window",Office Supplies,Envelopes
2407,OFF-AP-10000005,"KitchenAid Microwave, Red",Office Supplies,Appliances
2408,OFF-FA-10000010,"OIC Staples, Metal",Office Supplies,Fasteners
2409,OFF-PA-10003517,"Enermax Note Cards, Premium",Office Supplies,Paper
2410,OFF-EN-10000788,"Jiffy Manila Envelope, Security-Tint",Office Supplies,Envelopes
2411,OFF-SU-10003456,"Elite Letter Opener, Easy Grip",Office Supplies,Supplies
2412,OFF-FA-10004709,"Stockwell Clamps, Assorted Sizes",Office Supplies,Fasteners
2413,OFF-SU-10003739,"Elite Scissors, Easy Grip",Office Supplies,Supplies
2414,OFF-AP-10004186,"Breville Refrigerator, Black",Office Supplies,Appliances
2415,OFF-SU-10003252,"Fiskars Trimmer, Steel",Office Supplies,Supplies
2416,OFF-BI-10003503,"Cardinal Index Tab, Economy",Office Supplies,Binders
2417,OFF-EN-10002728,"GlobeWeis Interoffice Envelope, Set of 50",Office Supplies,Envelopes
2418,OFF-AR-10002706,"Stanley Canvas, Fluorescent",Office Supplies,Art
2419,OFF-SU-10003559,"Kleencut Ruler, Steel",Office Supplies,Supplies
2420,OFF-FA-10001877,"Accos Thumb Tacks, Bulk Pack",Office Supplies,Fasteners
2421,OFF-EN-10001991,"Kraft Clasp Envelope, Set of 50",Office Supplies,Envelopes
2422,OFF-EN-10002723,"Cameo Interoffice Envelope, with clear poly window",Office Supplies,Envelopes
2423,OFF-BI-10001754,"Ibico Binder Covers, Recycled",Office Supplies,Binders
2424,OFF-LA-10003236,"Hon Round Labels, Adjustable",Office Supplies,Labels
2425,OFF-ST-10001729,"Tenex Lockers, Single Width",Office Supplies,Storage
2426,OFF-SU-10003126,"Acme Shears, Serrated",Office Supplies,Supplies
2427,OFF-EN-10000383,"Kraft Business Envelopes, Recycled",Office Supplies,Envelopes
2428,OFF-AP-10000407,"KitchenAid Refrigerator, Silver",Office Supplies,Appliances
2429,OFF-PA-10004854,"Green Bar Cards & Envelopes, Recycled",Office Supplies,Paper
2430,OFF-AR-10004151,"BIC Sketch Pad, Blue",Office Supplies,Art
2431,OFF-EN-10000075,"GlobeWeis Interoffice Envelope, Security-Tint",Office Supplies,Envelopes
2432,OFF-AP-10000330,"Hamilton Beach Stove, Red",Office Supplies,Appliances
2433,OFF-EN-10001728,"Jiffy Interoffice Envelope, Recycled",Office Supplies,Envelopes
2434,OFF-FA-10003161,"OIC Paper Clips, Assorted Sizes",Office Supplies,Fasteners
2435,OFF-ST-10004996,"Tenex Trays, Blue",Office Supplies,Storage
2436,OFF-SU-10000294,"Elite Trimmer, Serrated",Office Supplies,Supplies
2437,OFF-PA-10000562,"Enermax Message Books, Multicolor",Office Supplies,Paper
2438,OFF-ST-10001050,"Eldon Shelving, Blue",Office Supplies,Storage
2439,OFF-EN-10000053,"Ames Business Envelopes, Recycled",Office Supplies,Envelopes
2440,OFF-AR-10002816,"Boston Canvas, Blue",Office Supplies,Art
2441,OFF-PA-10000850,"SanDisk Parchment Paper, Multicolor",Office Supplies,Paper
2442,OFF-BI-10004098,"Acco 3-Hole Punch, Durable",Office Supplies,Binders
2443,OFF-FA-10000746,"Advantus Thumb Tacks, 12 Pack",Office Supplies,Fasteners
2444,OFF-AR-10003658,"Boston Markers, Water Color",Office Supplies,Art
2445,OFF-FA-10000294,"Advantus Clamps, Metal",Office Supplies,Fasteners
2446,OFF-SU-10000695,"Kleencut Trimmer, Serrated",Office Supplies,Supplies
2447,OFF-BI-10001362,"Avery Binder, Clear",Office Supplies,Binders
2448,OFF-LA-10001026,"Harbour Creations File Folder Labels, 5000 Label Set",Office Supplies,Labels
2449,OFF-AR-10001609,"Stanley Highlighters, Water Color",Office Supplies,Art
2450,OFF-FA-10000260,"Stockwell Push Pins, Metal",Office Supplies,Fasteners
2451,OFF-BI-10004722,"Avery Index Tab, Clear",Office Supplies,Binders
2452,OFF-BI-10001613,"Ibico Hole Reinforcements, Clear",Office Supplies,Binders
2453,OFF-FA-10000087,"Accos Clamps, Assorted Sizes",Office Supplies,Fasteners
2454,OFF-SU-10000105,"Fiskars Shears, Easy Grip",Office Supplies,Supplies
2455,OFF-BI-10003373,"Wilson Jones Binding Machine, Economy",Office Supplies,Binders
2456,OFF-EN-10004057,"Jiffy Manila Envelope, Recycled",Office Supplies,Envelopes
2457,OFF-EN-10001940,"Cameo Peel and Seal, Security-Tint",Office Supplies,Envelopes
2458,OFF-SU-10002323,"Elite Shears, Steel",Office Supplies,Supplies
2459,OFF-FA-10000353,"Stockwell Clamps, Assorted Sizes",Office Supplies,Fasteners
2460,OFF-FA-10003929,"Accos Rubber Bands, 12 Pack",Office Supplies,Fasteners
2461,OFF-AR-10001533,"Sanford Sketch Pad, Easy-Erase",Office Supplies,Art
2462,OFF-FA-10003818,"Stockwell Staples, 12 Pack",Office Supplies,Fasteners
2463,OFF-AP-10002681,"Hamilton Beach Stove, Black",Office Supplies,Appliances
2464,OFF-LA-10000203,"Hon Round Labels, Laser Printer Compatible",Office Supplies,Labels
2465,OFF-PA-10003911,"Green Bar Cards & Envelopes, Premium",Office Supplies,Paper
2466,OFF-SAN-10000874,"Sanford Pencil Sharpener, Fluorescent",Office Supplies,Art
2467,OFF-SAN-10003226,"SanDisk Message Books, Recycled",Office Supplies,Paper
2468,OFF-AR-10000724,"Boston Pens, Fluorescent",Office Supplies,Art
2469,OFF-AR-10003247,"Boston Highlighters, Water Color",Office Supplies,Art
2470,OFF-SME-10004518,"Smead Legal Exhibit Labels, Laser Printer Compatible",Office Supplies,Labels
2471,OFF-PA-10001004,"Eaton Parchment Paper, 8.5 x 11",Office Supplies,Paper
2472,OFF-ST-10002466,"Smead Box, Blue",Office Supplies,Storage
2473,OFF-SU-10002448,"Stiletto Trimmer, High Speed",Office Supplies,Supplies
2474,OFF-AR-10000904,"Sanford Sketch Pad, Blue",Office Supplies,Art
2475,OFF-LA-10004398,"Hon Color Coded Labels, Alphabetical",Office Supplies,Labels
2476,OFF-BI-10002935,"Wilson Jones Binder, Clear",Office Supplies,Binders
2477,OFF-PA-10004267,"Enermax Parchment Paper, 8.5 x 11",Office Supplies,Paper
2478,OFF-EAT-10001025,"Eaton Note Cards, Multicolor",Office Supplies,Paper
2479,OFF-FA-10003499,"Stockwell Paper Clips, Bulk Pack",Office Supplies,Fasteners
2480,OFF-ENE-10004377,"Enermax Note Cards, 8.5 x 11",Office Supplies,Paper
2481,OFF-STO-10003082,"Stockwell Staples, Assorted Sizes",Office Supplies,Fasteners
2482,OFF-KRA-10004892,"Kraft Clasp Envelope, Set of 50",Office Supplies,Envelopes
2483,OFF-AR-10003377,"Boston Pencil Sharpener, Easy-Erase",Office Supplies,Art
2484,OFF-LA-10002325,"Smead Removable Labels, Adjustable",Office Supplies,Labels
2485,OFF-EN-10004684,"GlobeWeis Mailers, with clear poly window",Office Supplies,Envelopes
2486,OFF-LA-10000845,"Novimex Round Labels, Adjustable",Office Supplies,Labels
2487,OFF-STI-10002262,"Stiletto Box Cutter, High Speed",Office Supplies,Supplies
2488,OFF-EN-10002985,"Cameo Peel and Seal, Recycled",Office Supplies,Envelopes
2489,OFF-FA-10003994,"Stockwell Paper Clips, Metal",Office Supplies,Fasteners
2490,OFF-FA-10002639,"Advantus Staples, Metal",Office Supplies,Fasteners
2491,OFF-FA-10002790,"Stockwell Push Pins, 12 Pack",Office Supplies,Fasteners
2492,OFF-PA-10001492,"Enermax Note Cards, Premium",Office Supplies,Paper
2493,OFF-SU-10003907,"Stiletto Letter Opener, Easy Grip",Office Supplies,Supplies
2494,OFF-EN-10000338,"Kraft Mailers, Recycled",Office Supplies,Envelopes
2495,OFF-ACM-10003715,"Acme Shears, Serrated",Office Supplies,Supplies
2496,OFF-LA-10003444,"Smead Legal Exhibit Labels, Alphabetical",Office Supplies,Labels
2497,OFF-AP-10002625,"Cuisinart Microwave, Black",Office Supplies,Appliances
2498,OFF-FEL-10001792,"Fellowes Folders, Wire Frame",Office Supplies,Storage
2499,OFF-EAT-10001933,"Eaton Cards & Envelopes, Recycled",Office Supplies,Paper
2500,OFF-PA-10000373,"Xerox Cards & Envelopes, 8.5 x 11",Office Supplies,Paper
2501,OFF-AP-10000639,"Breville Microwave, Red",Office Supplies,Appliances
2502,OFF-ELD-10002578,"Eldon Box, Single Width",Office Supplies,Storage
2503,OFF-BI-10002520,"Cardinal Hole Reinforcements, Recycled",Office Supplies,Binders
2504,OFF-LA-10001942,"Novimex Shipping Labels, 5000 Label Set",Office Supplies,Labels
2505,OFF-BI-10002296,"Acco Binder Covers, Economy",Office Supplies,Binders
2506,OFF-BI-10001191,"Wilson Jones Hole Reinforcements, Recycled",Office Supplies,Binders
2507,OFF-LA-10000633,"Novimex File Folder Labels, Laser Printer Compatible",Office Supplies,Labels
2508,OFF-FA-10000027,"Stockwell Rubber Bands, Bulk Pack",Office Supplies,Fasteners
2509,OFF-AR-10001110,"BIC Pencil Sharpener, Water Color",Office Supplies,Art
2510,OFF-PA-10001466,"Eaton Computer Printout Paper, 8.5 x 11",Office Supplies,Paper
2511,OFF-EN-10003073,"Jiffy Business Envelopes, Set of 50",Office Supplies,Envelopes
2512,OFF-BIN-10000308,"Binney & Smith Canvas, Water Color",Office Supplies,Art
2513,OFF-WIL-10000146,"Wilson Jones Binding Machine, Clear",Office Supplies,Binders
2514,OFF-AP-10000228,"Cuisinart Blender, White",Office Supplies,Appliances
2515,OFF-FA-10003799,"Accos Clamps, Metal",Office Supplies,Fasteners
2516,OFF-LA-10001764,"Avery Round Labels, Adjustable",Office Supplies,Labels
2517,OFF-EN-10003999,"Cameo Peel and Seal, with clear poly window",Office Supplies,Envelopes
2518,OFF-ACC-10000687,"Accos Clamps, 12 Pack",Office Supplies,Fasteners
2519,OFF-SME-10001652,"Smead Trays, Wire Frame",Office Supplies,Storage
2520,OFF-BOS-10000557,"Boston Pens, Easy-Erase",Office Supplies,Art
2521,OFF-HOO-10004910,"Hoover Refrigerator, White",Office Supplies,Appliances
2522,OFF-ST-10003990,"Smead Folders, Single Width",Office Supplies,Storage
2523,OFF-CUI-10000682,"Cuisinart Stove, Silver",Office Supplies,Appliances
2524,OFF-ELI-10001351,"Elite Trimmer, Easy Grip",Office Supplies,Supplies
2525,OFF-EN-10002490,"Kraft Peel and Seal, with clear poly window",Office Supplies,Envelopes
2526,OFF-EN-10000606,"Jiffy Peel and Seal, Set of 50",Office Supplies,Envelopes
2527,OFF-AP-10004921,"Breville Toaster, Red",Office Supplies,Appliances
2528,OFF-SU-10002327,"Fiskars Ruler, Easy Grip",Office Supplies,Supplies
2529,OFF-BOS-10002705,"Boston Highlighters, Fluorescent",Office Supplies,Art
2530,OFF-EN-10004988,"Cameo Mailers, Set of 50",Office Supplies,Envelopes
2531,OFF-BI-10001804,"Avery Binder, Recycled",Office Supplies,Binders
2532,OFF-AP-10001876,"Hoover Coffee Grinder, Silver",Office Supplies,Appliances
2533,OFF-BI-10002632,"Acco Binding Machine, Recycled",Office Supplies,Binders
2534,OFF-ST-10001214,"Smead Box, Industrial",Office Supplies,Storage
2535,OFF-BI-10000506,"Ibico Binder, Economy",Office Supplies,Binders
2536,OFF-FA-10000697,"Advantus Rubber Bands, 12 Pack",Office Supplies,Fasteners
2537,OFF-BI-10004140,"Cardinal Index Tab, Clear",Office Supplies,Binders
2538,OFF-PA-10003550,"Eaton Cards & Envelopes, Recycled",Office Supplies,Paper
2539,OFF-FA-10002248,"Stockwell Staples, Assorted Sizes",Office Supplies,Fasteners
2540,OFF-BI-10003806,"Avery Index Tab, Clear",Office Supplies,Binders
2541,OFF-AP-10004512,"Hoover Stove, Red",Office Supplies,Appliances
2542,OFF-PA-10002563,"Enermax Memo Slips, Premium",Office Supplies,Paper
2543,OFF-FA-10004523,"OIC Thumb Tacks, Bulk Pack",Office Supplies,Fasteners
2544,OFF-SU-10001535,"Elite Box Cutter, High Speed",Office Supplies,Supplies
2545,OFF-AP-10002330,"Hamilton Beach Stove, Silver",Office Supplies,Appliances
2546,OFF-EN-10003737,"Cameo Interoffice Envelope, Set of 50",Office Supplies,Envelopes
2547,OFF-SU-10000076,"Acme Trimmer, Easy Grip",Office Supplies,Supplies
2548,OFF-AR-10000740,"Binney & Smith Pens, Easy-Erase",Office Supplies,Art
2549,OFF-ST-10001869,"Eldon Box, Single Width",Office Supplies,Storage
2550,OFF-ST-10003729,"Tenex Box, Industrial",Office Supplies,Storage
2551,OFF-AP-10000802,"Hoover Microwave, White",Office Supplies,Appliances
2552,OFF-AR-10000953,"Stanley Pencil Sharpener, Easy-Erase",Office Supplies,Art
2553,OFF-FA-10001702,"Advantus Push Pins, 12 Pack",Office Supplies,Fasteners
2554,OFF-EN-10000251,"Jiffy Clasp Envelope, Security-Tint",Office Supplies,Envelopes
2555,OFF-LA-10004747,"Hon Color Coded Labels, Alphabetical",Office Supplies,Labels
2556,OFF-EN-10002119,"Ames Manila Envelope, Security-Tint",Office Supplies,Envelopes
2557,OFF-BI-10004220,"Cardinal 3-Hole Punch, Recycled",Office Supplies,Binders
2558,OFF-PA-10004268,"SanDisk Note Cards, 8.5 x 11",Office Supplies,Paper
2559,OFF-FA-10003977,"Stockwell Rubber Bands, 12 Pack",Office Supplies,Fasteners
2560,OFF-BI-10001833,"Ibico Hole Reinforcements, Recycled",Office Supplies,Binders
2561,OFF-ST-10001066,"Tenex Box, Single Width",Office Supplies,Storage
2562,OFF-AP-10001138,"Cuisinart Blender, Silver",Office Supplies,Appliances
2563,OFF-LA-10004969,"Novimex Legal Exhibit Labels, Adjustable",Office Supplies,Labels
2564,OFF-FA-10001724,"Advantus Paper Clips, Assorted Sizes",Office Supplies,Fasteners
2565,OFF-LA-10002765,"Harbour Creations Legal Exhibit Labels, Adjustable",Office Supplies,Labels
2566,OFF-EN-10002896,"Jiffy Business Envelopes, Set of 50",Office Supplies,Envelopes
2567,OFF-LA-10001402,"Smead Color Coded Labels, 5000 Label Set",Office Supplies,Labels
2568,OFF-BI-10002062,"Acco Hole Reinforcements, Economy",Office Supplies,Binders
2569,OFF-BI-10002047,"Acco Index Tab, Durable",Office Supplies,Binders
2570,OFF-ST-10003807,"Eldon Folders, Wire Frame",Office Supplies,Storage
2571,OFF-BI-10003472,"Cardinal Index Tab, Clear",Office Supplies,Binders
2572,OFF-AR-10002380,"Boston Highlighters, Blue",Office Supplies,Art
2573,OFF-BI-10003856,"Ibico Index Tab, Clear",Office Supplies,Binders
2574,OFF-LA-10003809,"Novimex Legal Exhibit Labels, Laser Printer Compatible",Office Supplies,Labels
2575,OFF-PA-10002248,"Green Bar Memo Slips, 8.5 x 11",Office Supplies,Paper
2576,OFF-FA-10001337,"Stockwell Staples, Assorted Sizes",Office Supplies,Fasteners
2577,OFF-AVE-10002079,"Avery Binding Machine, Durable",Office Supplies,Binders
2578,OFF-AR-10000823,"Stanley Pens, Water Color",Office Supplies,Art
2579,OFF-AR-10004009,"Boston Highlighters, Easy-Erase",Office Supplies,Art
2580,OFF-ST-10000127,"Fellowes Shelving, Wire Frame",Office Supplies,Storage
2581,OFF-AR-10001269,"BIC Markers, Water Color",Office Supplies,Art
2582,OFF-FA-10000670,"Advantus Clamps, Assorted Sizes",Office Supplies,Fasteners
2583,OFF-SU-10004095,"Fiskars Shears, Serrated",Office Supplies,Supplies
2584,OFF-PA-10002966,"SanDisk Cards & Envelopes, Recycled",Office Supplies,Paper
2585,OFF-SAN-10000844,"SanDisk Parchment Paper, Recycled",Office Supplies,Paper
2586,OFF-WIL-10003308,"Wilson Jones Binder Covers, Recycled",Office Supplies,Binders
2587,OFF-AR-10004139,"Stanley Sketch Pad, Easy-Erase",Office Supplies,Art
2588,OFF-LA-10001618,"Hon Legal Exhibit Labels, Adjustable",Office Supplies,Labels
2589,OFF-PA-10002811,"Green Bar Message Books, 8.5 x 11",Office Supplies,Paper
2590,OFF-BI-10001312,"Cardinal 3-Hole Punch, Clear",Office Supplies,Binders
2591,OFF-BI-10001659,"Cardinal Index Tab, Clear",Office Supplies,Binders
2592,OFF-BI-10001568,"Ibico Binder Covers, Economy",Office Supplies,Binders
2593,OFF-LA-10004727,"Hon File Folder Labels, Laser Printer Compatible",Office Supplies,Labels
2594,OFF-ACC-10004182,"Acco Index Tab, Durable",Office Supplies,Binders
2595,OFF-ST-10004473,"Tenex Trays, Wire Frame",Office Supplies,Storage
2596,OFF-EN-10000328,"Kraft Business Envelopes, Set of 50",Office Supplies,Envelopes
2597,OFF-XER-10000846,"Xerox Cards & Envelopes, 8.5 x 11",Office Supplies,Paper
2598,OFF-BI-10000563,"Acco Hole Reinforcements, Durable",Office Supplies,Binders
2599,OFF-FA-10002241,"Stockwell Clamps, Bulk Pack",Office Supplies,Fasteners
2600,OFF-FA-10002803,"Accos Staples, Metal",Office Supplies,Fasteners
2601,OFF-ST-10004381,"Smead Lockers, Industrial",Office Supplies,Storage
2602,OFF-SU-10004087,"Elite Scissors, Steel",Office Supplies,Supplies
2603,OFF-SU-10002161,"Elite Ruler, Steel",Office Supplies,Supplies
2604,OFF-SU-10001368,"Fiskars Ruler, Serrated",Office Supplies,Supplies
2605,OFF-EN-10003636,"Jiffy Peel and Seal, Security-Tint",Office Supplies,Envelopes
2606,OFF-ST-10003459,"Eldon File Cart, Single Width",Office Supplies,Storage
2607,OFF-PA-10002033,"Green Bar Cards & Envelopes, 8.5 x 11",Office Supplies,Paper
2608,OFF-PA-10004501,"SanDisk Memo Slips, Multicolor",Office Supplies,Paper
2609,OFF-AR-10001461,"BIC Canvas, Water Color",Office Supplies,Art
2610,OFF-BI-10002483,"Cardinal Hole Reinforcements, Clear",Office Supplies,Binders
2611,OFF-FA-10001800,"Accos Paper Clips, Metal",Office Supplies,Fasteners
2612,OFF-LA-10000334,"Hon Shipping Labels, Alphabetical",Office Supplies,Labels
2613,OFF-FA-10004398,"OIC Push Pins, 12 Pack",Office Supplies,Fasteners
2614,OFF-HAM-10003368,"Hamilton Beach Blender, Black",Office Supplies,Appliances
2615,OFF-PA-10002219,"SanDisk Parchment Paper, Multicolor",Office Supplies,Paper
2616,OFF-PA-10004145,"Xerox Message Books, 8.5 x 11",Office Supplies,Paper
2617,OFF-SU-10000556,"Kleencut Shears, Steel",Office Supplies,Supplies
2618,OFF-ST-10003956,"Rogers Trays, Single Width",Office Supplies,Storage
2619,OFF-EN-10002891,"GlobeWeis Mailers, with clear poly window",Office Supplies,Envelopes
2620,OFF-HAR-10003659,"Harbour Creations Color Coded Labels, Adjustable",Office Supplies,Labels
2621,OFF-ST-10004228,"Tenex Shelving, Industrial",Office Supplies,Storage
2622,OFF-AR-10000219,"Sanford Highlighters, Blue",Office Supplies,Art
2623,OFF-ACC-10003713,"Accos Clamps, Assorted Sizes",Office Supplies,Fasteners
2624,OFF-HON-10004825,"Hon File Folder Labels, Adjustable",Office Supplies,Labels
2625,OFF-ST-10004060,"Fellowes Lockers, Blue",Office Supplies,Storage
2626,OFF-AVE-10004828,"Avery Removable Labels, Laser Printer Compatible",Office Supplies,Labels
2627,OFF-AR-10000767,"Binney & Smith Sketch Pad, Water Color",Office Supplies,Art
2628,OFF-CAR-10002054,"Cardinal Hole Reinforcements, Economy",Office Supplies,Binders
2629,OFF-SU-10001086,"Fiskars Scissors, Easy Grip",Office Supplies,Supplies
2630,OFF-ADV-10003050,"Advantus Rubber Bands, Bulk Pack",Office Supplies,Fasteners
2631,OFF-ROG-10001101,"Rogers Shelving, Wire Frame",Office Supplies,Storage
2632,OFF-LA-10002272,"Smead File Folder Labels, Alphabetical",Office Supplies,Labels
2633,OFF-AP-10002090,"Hamilton Beach Refrigerator, Red",Office Supplies,Appliances
2634,OFF-ST-10004550,"Fellowes Folders, Wire Frame",Office Supplies,Storage
2635,OFF-AR-10002331,"Binney & Smith Canvas, Blue",Office Supplies,Art
2636,OFF-FA-10002084,"Accos Thumb Tacks, 12 Pack",Office Supplies,Fasteners
2637,OFF-BI-10004042,"Cardinal Binding Machine, Recycled",Office Supplies,Binders
2638,OFF-TEN-10000360,"Tenex Folders, Wire Frame",Office Supplies,Storage
2639,OFF-FA-10003727,"OIC Rubber Bands, Assorted Sizes",Office Supplies,Fasteners
2640,OFF-AR-10004010,"Sanford Pencil Sharpener, Water Color",Office Supplies,Art
2641,OFF-ST-10004183,"Rogers Trays, Wire Frame",Office Supplies,Storage
2642,OFF-SME-10004740,"Smead Shipping Labels, Adjustable",Office Supplies,Labels
2643,OFF-FA-10003463,"OIC Thumb Tacks, Assorted Sizes",Office Supplies,Fasteners
2644,OFF-FA-10002017,"Stockwell Paper Clips, Assorted Sizes",Office Supplies,Fasteners
2645,OFF-PA-10000872,"Xerox Parchment Paper, Multicolor",Office Supplies,Paper
2646,OFF-WIL-10002947,"Wilson Jones Index Tab, Clear",Office Supplies,Binders
2647,OFF-EN-10002855,"Kraft Interoffice Envelope, Security-Tint",Office Supplies,Envelopes
2648,OFF-OIC-10004536,"OIC Thumb Tacks, Assorted Sizes",Office Supplies,Fasteners
2649,OFF-EN-10004597,"GlobeWeis Peel and Seal, Set of 50",Office Supplies,Envelopes
2650,OFF-PA-10003301,"Green Bar Parchment Paper, Recycled",Office Supplies,Paper
2651,OFF-FA-10001246,"OIC Staples, Metal",Office Supplies,Fasteners
2652,OFF-AP-10003079,"Cuisinart Coffee Grinder, Silver",Office Supplies,Appliances
2653,OFF-BI-10002708,"Acco Binder, Clear",Office Supplies,Binders
2654,OFF-OIC-10000988,"OIC Rubber Bands, Metal",Office Supplies,Fasteners
2655,OFF-HON-10000966,"Hon Round Labels, Alphabetical",Office Supplies,Labels
2656,OFF-LA-10001548,"Avery Shipping Labels, Adjustable",Office Supplies,Labels
2657,OFF-IBI-10000951,"Ibico Binder Covers, Economy",Office Supplies,Binders
2658,OFF-SME-10003752,"Smead File Cart, Single Width",Office Supplies,Storage
2659,OFF-LA-10002974,"Avery File Folder Labels, Laser Printer Compatible",Office Supplies,Labels
2660,OFF-AR-10001898,"Binney & Smith Pencil Sharpener, Fluorescent",Office Supplies,Art
2661,OFF-ST-10000661,"Tenex Box, Industrial",Office Supplies,Storage
2662,OFF-LA-10003273,"Harbour Creations Color Coded Labels, Adjustable",Office Supplies,Labels
2663,OFF-LA-10003778,"Novimex File Folder Labels, Alphabetical",Office Supplies,Labels
2664,OFF-BI-10003012,"Wilson Jones Hole Reinforcements, Economy",Office Supplies,Binders
2665,OFF-LA-10003381,"Harbour Creations Color Coded Labels, Alphabetical",Office Supplies,Labels
2666,OFF-ST-10003414,"Tenex Shelving, Industrial",Office Supplies,Storage
2667,OFF-SU-10000705,"Stiletto Shears, High Speed",Office Supplies,Supplies
2668,OFF-FA-10004754,"Advantus Rubber Bands, 12 Pack",Office Supplies,Fasteners
2669,OFF-LA-10000151,"Novimex Round Labels, Laser Printer Compatible",Office Supplies,Labels
2670,OFF-AR-10004424,"Boston Markers, Blue",Office Supplies,Art
2671,OFF-EN-10002736,"Cameo Clasp Envelope, with clear poly window",Office Supplies,Envelopes
2672,OFF-EN-10003858,"Jiffy Manila Envelope, Recycled",Office Supplies,Envelopes
2673,OFF-BOS-10002340,"Boston Markers, Blue",Office Supplies,Art
2674,OFF-EN-10003661,"Cameo Clasp Envelope, Recycled",Office Supplies,Envelopes
2675,OFF-PA-10000705,"Eaton Note Cards, Multicolor",Office Supplies,Paper
2676,OFF-LA-10001633,"Novimex File Folder Labels, 5000 Label Set",Office Supplies,Labels
2677,OFF-BIN-10000901,"Binney & Smith Pens, Water Color",Office Supplies,Art
2678,OFF-EN-10002240,"GlobeWeis Clasp Envelope, with clear poly window",Office Supplies,Envelopes
2679,OFF-SU-10003515,"Acme Shears, Serrated",Office Supplies,Supplies
2680,OFF-LA-10000448,"Hon File Folder Labels, Alphabetical",Office Supplies,Labels
2681,OFF-FA-10001359,"Stockwell Rubber Bands, Assorted Sizes",Office Supplies,Fasteners
2682,OFF-LA-10001839,"Smead Shipping Labels, Laser Printer Compatible",Office Supplies,Labels
2683,OFF-FA-10003631,"Advantus Paper Clips, Metal",Office Supplies,Fasteners
2684,OFF-SU-10003229,"Stiletto Trimmer, Easy Grip",Office Supplies,Supplies
2685,OFF-AR-10000390,"Stanley Pencil Sharpener, Water Color",Office Supplies,Art
2686,OFF-PA-10002303,"Eaton Parchment Paper, Multicolor",Office Supplies,Paper
2687,OFF-AR-10000452,"Boston Pencil Sharpener, Fluorescent",Office Supplies,Art
2688,OFF-ST-10004293,"Rogers Shelving, Industrial",Office Supplies,Storage
2689,OFF-PA-10001818,"Green Bar Note Cards, Multicolor",Office Supplies,Paper
2690,OFF-HOO-10004243,"Hoover Microwave, Black",Office Supplies,Appliances
2691,OFF-LA-10003717,"Harbour Creations Legal Exhibit Labels, 5000 Label Set",Office Supplies,Labels
2692,OFF-EN-10002226,"Jiffy Clasp Envelope, Recycled",Office Supplies,Envelopes
2693,OFF-HAM-10003628,"Hamilton Beach Coffee Grinder, Red",Office Supplies,Appliances
2694,OFF-SU-10001500,"Kleencut Box Cutter, Serrated",Office Supplies,Supplies
2695,OFF-PA-10000320,"Enermax Parchment Paper, Multicolor",Office Supplies,Paper
2696,OFF-EN-10003000,"Cameo Mailers, Recycled",Office Supplies,Envelopes
2697,OFF-BI-10000419,"Wilson Jones 3-Hole Punch, Recycled",Office Supplies,Binders
2698,OFF-SU-10004236,"Stiletto Letter Opener, Steel",Office Supplies,Supplies
2699,OFF-BI-10002289,"Ibico Binder, Economy",Office Supplies,Binders
2700,OFF-AR-10001777,"Binney & Smith Sketch Pad, Water Color",Office Supplies,Art
2701,OFF-LA-10002559,"Smead File Folder Labels, Alphabetical",Office Supplies,Labels
2702,OFF-FA-10003058,"Stockwell Rubber Bands, Assorted Sizes",Office Supplies,Fasteners
2703,OFF-EN-10002427,"Ames Manila Envelope, Recycled",Office Supplies,Envelopes
2704,OFF-SU-10003683,"Kleencut Ruler, Easy Grip",Office Supplies,Supplies
2705,OFF-CUI-10000105,"Cuisinart Microwave, Black",Office Supplies,Appliances
2706,OFF-CAR-10003030,"Cardinal Index Tab, Economy",Office Supplies,Binders
2707,OFF-EN-10003103,"GlobeWeis Manila Envelope, with clear poly window",Office Supplies,Envelopes
2708,OFF-FA-10003022,"Stockwell Clamps, Assorted Sizes",Office Supplies,Fasteners
2709,OFF-ST-10004296,"Smead Folders, Industrial",Office Supplies,Storage
2710,OFF-EN-10001346,"GlobeWeis Interoffice Envelope, Security-Tint",Office Supplies,Envelopes
2711,OFF-PA-10004470,"Green Bar Cards & Envelopes, Recycled",Office Supplies,Paper
2712,OFF-EN-10003854,"Jiffy Clasp Envelope, Security-Tint",Office Supplies,Envelopes
2713,OFF-ST-10004847,"Tenex File Cart, Blue",Office Supplies,Storage
2714,OFF-AVE-10000357,"Avery Binder Covers, Clear",Office Supplies,Binders
2715,OFF-CAM-10001249,"Cameo Mailers, with clear poly window",Office Supplies,Envelopes
2716,OFF-BRE-10004436,"Breville Stove, Black",Office Supplies,Appliances
2717,OFF-STI-10000286,"Stiletto Ruler, Steel",Office Supplies,Supplies
2718,OFF-WIL-10003933,"Wilson Jones Binder Covers, Durable",Office Supplies,Binders
2719,OFF-AME-10004759,"Ames Manila Envelope, with clear poly window",Office Supplies,Envelopes
2720,OFF-CAR-10002942,"Cardinal 3-Hole Punch, Recycled",Office Supplies,Binders
2721,OFF-ADV-10001451,"Advantus Clamps, Assorted Sizes",Office Supplies,Fasteners
2722,OFF-HON-10003538,"Hon File Folder Labels, 5000 Label Set",Office Supplies,Labels
2723,OFF-TEN-10000025,"Tenex Lockers, Blue",Office Supplies,Storage
2724,OFF-HAR-10004011,"Harbour Creations File Folder Labels, Alphabetical",Office Supplies,Labels
2725,OFF-KLE-10002550,"Kleencut Scissors, Serrated",Office Supplies,Supplies
2726,OFF-HAR-10004816,"Harbour Creations Shipping Labels, Alphabetical",Office Supplies,Labels
2727,OFF-BIC-10003800,"BIC Pencil Sharpener, Blue",Office Supplies,Art
2728,OFF-ACC-10004008,"Acco Binder Covers, Durable",Office Supplies,Binders
2729,OFF-BIN-10000170,"Binney & Smith Pencil Sharpener, Fluorescent",Office Supplies,Art
2730,OFF-STA-10004108,"Stanley Canvas, Easy-Erase",Office Supplies,Art
2731,OFF-CAM-10003933,"Cameo Business Envelopes, Recycled",Office Supplies,Envelopes
2732,OFF-AVE-10004570,"Avery Binder Covers, Economy",Office Supplies,Binders
2733,OFF-STI-10001955,"Stiletto Box Cutter, Easy Grip",Office Supplies,Supplies
2734,OFF-ENE-10001291,"Enermax Computer Printout Paper, Premium",Office Supplies,Paper
2735,OFF-TEN-10000794,"Tenex Shelving, Wire Frame",Office Supplies,Storage
2736,OFF-SME-10003047,"Smead Color Coded Labels, Laser Printer Compatible",Office Supplies,Labels
2737,OFF-STA-10003756,"Stanley Sketch Pad, Blue",Office Supplies,Art
2738,OFF-STA-10003956,"Stanley Pens, Blue",Office Supplies,Art
2739,OFF-KRA-10004192,"Kraft Manila Envelope, Set of 50",Office Supplies,Envelopes
2740,OFF-ACC-10003265,"Accos Rubber Bands, Bulk Pack",Office Supplies,Fasteners
2741,OFF-JIF-10002275,"Jiffy Clasp Envelope, with clear poly window",Office Supplies,Envelopes
2742,OFF-FIS-10002949,"Fiskars Ruler, High Speed",Office Supplies,Supplies
2743,OFF-IBI-10000440,"Ibico Binder Covers, Clear",Office Supplies,Binders
2744,OFF-ELD-10001477,"Eldon Lockers, Single Width",Office Supplies,Storage
2745,OFF-IBI-10004074,"Ibico 3-Hole Punch, Clear",Office Supplies,Binders
2746,OFF-FIS-10002924,"Fiskars Scissors, High Speed",Office Supplies,Supplies
2747,OFF-ACM-10003978,"Acme Trimmer, High Speed",Office Supplies,Supplies
2748,OFF-SME-10003305,"Smead File Folder Labels, Adjustable",Office Supplies,Labels
2749,OFF-SAN-10003687,"Sanford Sketch Pad, Easy-Erase",Office Supplies,Art
2750,OFF-FEL-10000998,"Fellowes Box, Single Width",Office Supplies,Storage
2751,OFF-BOS-10004262,"Boston Highlighters, Easy-Erase",Office Supplies,Art
2752,OFF-STO-10003329,"Stockwell Thumb Tacks, Metal",Office Supplies,Fasteners
2753,OFF-EAT-10004696,"Eaton Note Cards, 8.5 x 11",Office Supplies,Paper
2754,OFF-ACC-10003925,"Accos Staples, Bulk Pack",Office Supplies,Fasteners
2755,OFF-BOS-10001711,"Boston Sketch Pad, Easy-Erase",Office Supplies,Art
2756,OFF-HON-10002456,"Hon Color Coded Labels, Laser Printer Compatible",Office Supplies,Labels
2757,OFF-BIN-10003023,"Binney & Smith Sketch Pad, Fluorescent",Office Supplies,Art
2758,OFF-SME-10004247,"Smead Shelving, Single Width",Office Supplies,Storage
2759,OFF-ACC-10001028,"Accos Push Pins, Metal",Office Supplies,Fasteners
2760,OFF-ELI-10001812,"Elite Shears, Easy Grip",Office Supplies,Supplies
2761,OFF-ACM-10002131,"Acme Ruler, Easy Grip",Office Supplies,Supplies
2762,OFF-AVE-10003279,"Avery Hole Reinforcements, Durable",Office Supplies,Binders
2763,OFF-AVE-10004512,"Avery Hole Reinforcements, Economy",Office Supplies,Binders
2764,OFF-HOO-10002920,"Hoover Stove, Black",Office Supplies,Appliances
2765,OFF-KLE-10000296,"Kleencut Letter Opener, Steel",Office Supplies,Supplies
2766,OFF-IBI-10002805,"Ibico 3-Hole Punch, Economy",Office Supplies,Binders
2767,OFF-BIC-10002942,"BIC Highlighters, Easy-Erase",Office Supplies,Art
2768,OFF-AME-10002557,"Ames Business Envelopes, Recycled",Office Supplies,Envelopes
2769,OFF-BIN-10001274,"Binney & Smith Pens, Blue",Office Supplies,Art
2770,OFF-KLE-10000466,"Kleencut Letter Opener, Easy Grip",Office Supplies,Supplies
2771,OFF-KLE-10001644,"Kleencut Trimmer, Steel",Office Supplies,Supplies
2772,OFF-HON-10001723,"Hon Color Coded Labels, 5000 Label Set",Office Supplies,Labels
2773,OFF-SAN-10003393,"SanDisk Cards & Envelopes, Recycled",Office Supplies,Paper
2774,OFF-TEN-10000703,"Tenex Trays, Blue",Office Supplies,Storage
2775,OFF-HAM-10000312,"Hamilton Beach Refrigerator, Red",Office Supplies,Appliances
2776,OFF-HOO-10000445,"Hoover Refrigerator, Black",Office Supplies,Appliances
2777,OFF-AVE-10004827,"Avery Binder Covers, Recycled",Office Supplies,Binders
2778,OFF-HAR-10000242,"Harbour Creations Round Labels, Laser Printer Compatible",Office Supplies,Labels
2779,OFF-BOS-10000350,"Boston Pens, Blue",Office Supplies,Art
2780,OFF-AVE-10002024,"Avery Index Tab, Durable",Office Supplies,Binders
2781,OFF-AME-10000870,"Ames Peel and Seal, Recycled",Office Supplies,Envelopes
2782,OFF-OIC-10000492,"OIC Push Pins, 12 Pack",Office Supplies,Fasteners
2783,OFF-NOV-10001568,"Novimex Shipping Labels, 5000 Label Set",Office Supplies,Labels
2784,OFF-ENE-10002784,"Enermax Parchment Paper, Multicolor",Office Supplies,Paper
2785,OFF-SAN-10002323,"Sanford Sketch Pad, Fluorescent",Office Supplies,Art
2786,OFF-STA-10004163,"Stanley Markers, Fluorescent",Office Supplies,Art
2787,OFF-STI-10000937,"Stiletto Scissors, High Speed",Office Supplies,Supplies
2788,OFF-ADV-10000308,"Advantus Push Pins, 12 Pack",Office Supplies,Fasteners
2789,OFF-EAT-10002122,"Eaton Cards & Envelopes, 8.5 x 11",Office Supplies,Paper
2790,OFF-STO-10001142,"Stockwell Push Pins, Metal",Office Supplies,Fasteners
2791,OFF-SAN-10001681,"SanDisk Computer Printout Paper, 8.5 x 11",Office Supplies,Paper
2792,OFF-FIS-10003463,"Fiskars Letter Opener, Easy Grip",Office Supplies,Supplies
2793,OFF-EAT-10004307,"Eaton Memo Slips, 8.5 x 11",Office Supplies,Paper
2794,OFF-STO-10002803,"Stockwell Clamps, 12 Pack",Office Supplies,Fasteners
2795,OFF-TEN-10004194,"Tenex File Cart, Single Width",Office Supplies,Storage
2796,OFF-SAN-10004706,"SanDisk Note Cards, Premium",Office Supplies,Paper
2797,OFF-TEN-10001160,"Tenex Trays, Industrial",Office Supplies,Storage
2798,OFF-STO-10001310,"Stockwell Rubber Bands, Bulk Pack",Office Supplies,Fasteners
2799,OFF-BOS-10003478,"Boston Markers, Fluorescent",Office Supplies,Art
2800,OFF-ELD-10000819,"Eldon Trays, Industrial",Office Supplies,Storage
2801,OFF-ACM-10003510,"Acme Scissors, High Speed",Office Supplies,Supplies
2802,OFF-BOS-10002472,"Boston Sketch Pad, Blue",Office Supplies,Art
2803,OFF-ELD-10003918,"Eldon Folders, Wire Frame",Office Supplies,Storage
2804,OFF-BIN-10000561,"Binney & Smith Highlighters, Fluorescent",Office Supplies,Art
2805,OFF-ENE-10001356,"Enermax Cards & Envelopes, Multicolor",Office Supplies,Paper
2806,OFF-HON-10000172,"Hon File Folder Labels, Alphabetical",Office Supplies,Labels
2807,OFF-ACM-10001112,"Acme Shears, Steel",Office Supplies,Supplies
2808,OFF-ACM-10000570,"Acme Letter Opener, High Speed",Office Supplies,Supplies
2809,OFF-BIN-10001715,"Binney & Smith Canvas, Easy-Erase",Office Supplies,Art
2810,OFF-FIS-10003234,"Fiskars Trimmer, Serrated",Office Supplies,Supplies
2811,OFF-SAN-10001295,"Sanford Pencil Sharpener, Water Color",Office Supplies,Art
2812,OFF-ACC-10002849,"Acco 3-Hole Punch, Clear",Office Supplies,Binders
2813,OFF-KRA-10002170,"Kraft Business Envelopes, Security-Tint",Office Supplies,Envelopes
2814,OFF-FEL-10002158,"Fellowes Folders, Blue",Office Supplies,Storage
2815,OFF-HOO-10002946,"Hoover Stove, Red",Office Supplies,Appliances
2816,OFF-SAN-10003644,"Sanford Markers, Blue",Office Supplies,Art
2817,OFF-STO-10004940,"Stockwell Push Pins, Assorted Sizes",Office Supplies,Fasteners
2818,OFF-BIN-10003327,"Binney & Smith Markers, Blue",Office Supplies,Art
2819,OFF-ROG-10001549,"Rogers Shelving, Blue",Office Supplies,Storage
2820,OFF-BRE-10004933,"Breville Toaster, Silver",Office Supplies,Appliances
2821,OFF-AVE-10001750,"Avery 3-Hole Punch, Clear",Office Supplies,Binders
2822,OFF-TEN-10000766,"Tenex Folders, Industrial",Office Supplies,Storage
2823,OFF-ELI-10003277,"Elite Letter Opener, High Speed",Office Supplies,Supplies
2824,OFF-CAR-10003703,"Cardinal Binder, Durable",Office Supplies,Binders
2825,OFF-STA-10002719,"Stanley Pencil Sharpener, Easy-Erase",Office Supplies,Art
2826,OFF-IBI-10002486,"Ibico Index Tab, Clear",Office Supplies,Binders
2827,OFF-ENE-10001906,"Enermax Message Books, Recycled",Office Supplies,Paper
2828,OFF-KLE-10001317,"Kleencut Ruler, Easy Grip",Office Supplies,Supplies
2829,OFF-CUI-10002413,"Cuisinart Coffee Grinder, Black",Office Supplies,Appliances
2830,OFF-CAR-10004661,"Cardinal Binding Machine, Recycled",Office Supplies,Binders
2831,OFF-BOS-10003113,"Boston Pens, Water Color",Office Supplies,Art
2832,OFF-CAM-10002625,"Cameo Peel and Seal, with clear poly window",Office Supplies,Envelopes
2833,OFF-GRE-10002109,"Green Bar Note Cards, Multicolor",Office Supplies,Paper
2834,OFF-SME-10002740,"Smead Lockers, Single Width",Office Supplies,Storage
2835,OFF-EAT-10002674,"Eaton Memo Slips, Multicolor",Office Supplies,Paper
2836,OFF-ACC-10000497,"Accos Rubber Bands, Assorted Sizes",Office Supplies,Fasteners
2837,OFF-ROG-10001399,"Rogers Shelving, Single Width",Office Supplies,Storage
2838,OFF-STA-10003027,"Stanley Highlighters, Easy-Erase",Office Supplies,Art
2839,OFF-KRA-10004624,"Kraft Peel and Seal, Set of 50",Office Supplies,Envelopes
2840,OFF-GLO-10002315,"GlobeWeis Interoffice Envelope, Set of 50",Office Supplies,Envelopes
2841,OFF-GLO-10000014,"GlobeWeis Manila Envelope, with clear poly window",Office Supplies,Envelopes
2842,OFF-XER-10001513,"Xerox Message Books, Recycled",Office Supplies,Paper
2843,OFF-AVE-10004536,"Avery Shipping Labels, 5000 Label Set",Office Supplies,Labels
2844,OFF-STA-10002791,"Stanley Sketch Pad, Water Color",Office Supplies,Art
2845,OFF-XER-10003300,"Xerox Message Books, 8.5 x 11",Office Supplies,Paper
2846,OFF-NOV-10001753,"Novimex Round Labels, Alphabetical",Office Supplies,Labels
2847,OFF-BIC-10002270,"BIC Pencil Sharpener, Water Color",Office Supplies,Art
2848,OFF-EAT-10002068,"Eaton Note Cards, Premium",Office Supplies,Paper
2849,OFF-AP-10002433,"Cuisinart Microwave, Silver",Office Supplies,Appliances
2850,OFF-BI-10000439,"Acco Hole Reinforcements, Economy",Office Supplies,Binders
2851,OFF-PA-10000393,"Xerox Memo Slips, 8.5 x 11",Office Supplies,Paper
2852,OFF-PA-10004673,"Enermax Message Books, 8.5 x 11",Office Supplies,Paper
2853,OFF-ELI-10004427,"Elite Box Cutter, Serrated",Office Supplies,Supplies
2854,OFF-IBI-10003541,"Ibico Binding Machine, Economy",Office Supplies,Binders
2855,OFF-CAR-10000319,"Cardinal Binder Covers, Recycled",Office Supplies,Binders
2856,OFF-BI-10001407,"Acco Binder Covers, Recycled",Office Supplies,Binders
2857,OFF-EN-10001958,"GlobeWeis Clasp Envelope, Security-Tint",Office Supplies,Envelopes
2858,OFF-FA-10002268,"OIC Clamps, 12 Pack",Office Supplies,Fasteners
2859,OFF-ST-10003606,"Smead Box, Single Width",Office Supplies,Storage
2860,OFF-AR-10001678,"Binney & Smith Sketch Pad, Easy-Erase",Office Supplies,Art
2861,OFF-SU-10001133,"Acme Box Cutter, Steel",Office Supplies,Supplies
2862,OFF-BI-10002727,"Wilson Jones Binding Machine, Clear",Office Supplies,Binders
2863,OFF-ST-10003306,"Eldon File Cart, Single Width",Office Supplies,Storage
2864,OFF-ST-10002066,"Smead File Cart, Blue",Office Supplies,Storage
2865,OFF-ST-10002292,"Fellowes Lockers, Single Width",Office Supplies,Storage
2866,OFF-KRA-10002406,"Kraft Interoffice Envelope, with clear poly window",Office Supplies,Envelopes
2867,OFF-ACC-10003909,"Accos Push Pins, Assorted Sizes",Office Supplies,Fasteners
2868,OFF-FA-10003595,"OIC Thumb Tacks, Assorted Sizes",Office Supplies,Fasteners
2869,OFF-FA-10003962,"Accos Thumb Tacks, Assorted Sizes",Office Supplies,Fasteners
2870,OFF-BI-10004179,"Avery 3-Hole Punch, Clear",Office Supplies,Binders
2871,OFF-BI-10003725,"Cardinal 3-Hole Punch, Economy",Office Supplies,Binders
2872,OFF-PA-10000215,"Eaton Parchment Paper, Premium",Office Supplies,Paper
2873,OFF-KRA-10002094,"Kraft Clasp Envelope, Security-Tint",Office Supplies,Envelopes
2874,OFF-GRE-10001084,"Green Bar Cards & Envelopes, Multicolor",Office Supplies,Paper
2875,OFF-LA-10001867,"Avery Shipping Labels, Alphabetical",Office Supplies,Labels
2876,OFF-EN-10001751,"GlobeWeis Mailers, Set of 50",Office Supplies,Envelopes
2877,OFF-ST-10002967,"Rogers Folders, Blue",Office Supplies,Storage
2878,OFF-AR-10000054,"Sanford Pencil Sharpener, Water Color",Office Supplies,Art
2879,OFF-AP-10002306,"KitchenAid Refrigerator, Silver",Office Supplies,Appliances
2880,OFF-BI-10003440,"Avery Binder Covers, Economy",Office Supplies,Binders
2881,OFF-AP-10002709,"Breville Coffee Grinder, White",Office Supplies,Appliances
2882,OFF-BI-10000813,"Cardinal Binding Machine, Economy",Office Supplies,Binders
2883,OFF-BIC-10001739,"BIC Sketch Pad, Fluorescent",Office Supplies,Art
2884,OFF-ACC-10004713,"Accos Staples, Assorted Sizes",Office Supplies,Fasteners
2885,OFF-FA-10004533,"Stockwell Staples, Metal",Office Supplies,Fasteners
2886,OFF-ACC-10003984,"Accos Paper Clips, Assorted Sizes",Office Supplies,Fasteners
2887,OFF-EN-10003623,"GlobeWeis Interoffice Envelope, Set of 50",Office Supplies,Envelopes
2888,OFF-EN-10002757,"Ames Interoffice Envelope, Security-Tint",Office Supplies,Envelopes
2889,OFF-LA-10000635,"Harbour Creations Shipping Labels, 5000 Label Set",Office Supplies,Labels
2890,OFF-AR-10001606,"BIC Highlighters, Fluorescent",Office Supplies,Art
2891,OFF-AR-10004656,"Boston Sketch Pad, Easy-Erase",Office Supplies,Art
2892,OFF-LA-10004132,"Smead Color Coded Labels, Alphabetical",Office Supplies,Labels
2893,OFF-BI-10004145,"Wilson Jones Hole Reinforcements, Economy",Office Supplies,Binders
2894,OFF-SU-10004899,"Acme Scissors, Easy Grip",Office Supplies,Supplies
2895,OFF-AP-10002735,"Cuisinart Toaster, Black",Office Supplies,Appliances
2896,OFF-JIF-10002228,"Jiffy Interoffice Envelope, with clear poly window",Office Supplies,Envelopes
2897,OFF-FA-10001213,"Advantus Push Pins, 12 Pack",Office Supplies,Fasteners
2898,OFF-AP-10000043,"Cuisinart Toaster, Silver",Office Supplies,Appliances
2899,OFF-FA-10000248,"Stockwell Rubber Bands, Assorted Sizes",Office Supplies,Fasteners
2900,OFF-PA-10003499,"Xerox Parchment Paper, 8.5 x 11",Office Supplies,Paper
2901,OFF-FA-10000300,"Stockwell Push Pins, Assorted Sizes",Office Supplies,Fasteners
2902,OFF-FA-10000179,"Advantus Paper Clips, Metal",Office Supplies,Fasteners
2903,OFF-SU-10004814,"Fiskars Shears, High Speed",Office Supplies,Supplies
2904,OFF-BI-10001507,"Wilson Jones Binder Covers, Economy",Office Supplies,Binders
2905,OFF-BIN-10000712,"Binney & Smith Canvas, Blue",Office Supplies,Art
2906,OFF-FA-10004239,"Advantus Staples, Metal",Office Supplies,Fasteners
2907,OFF-AP-10000600,"KitchenAid Coffee Grinder, Silver",Office Supplies,Appliances
2908,OFF-HAM-10004805,"Hamilton Beach Coffee Grinder, White",Office Supplies,Appliances
2909,OFF-GLO-10001127,"GlobeWeis Business Envelopes, Set of 50",Office Supplies,Envelopes
2910,OFF-SU-10002715,"Elite Trimmer, High Speed",Office Supplies,Supplies
2911,OFF-CAM-10002159,"Cameo Manila Envelope, with clear poly window",Office Supplies,Envelopes
2912,OFF-PA-10003332,"Xerox Cards & Envelopes, Recycled",Office Supplies,Paper
2913,OFF-AVE-10004412,"Avery Color Coded Labels, Alphabetical",Office Supplies,Labels
2914,OFF-LA-10002123,"Smead Legal Exhibit Labels, Alphabetical",Office Supplies,Labels
2915,OFF-FA-10004795,"Advantus Paper Clips, Assorted Sizes",Office Supplies,Fasteners
2916,OFF-BI-10004200,"Ibico Binding Machine, Clear",Office Supplies,Binders
2917,OFF-BI-10002335,"Avery Binder Covers, Durable",Office Supplies,Binders
2918,OFF-SU-10000388,"Acme Ruler, Serrated",Office Supplies,Supplies
2919,OFF-STO-10003802,"Stockwell Rubber Bands, Assorted Sizes",Office Supplies,Fasteners
2920,OFF-GRE-10000320,"Green Bar Computer Printout Paper, Premium",Office Supplies,Paper
2921,OFF-SAN-10004602,"SanDisk Parchment Paper, 8.5 x 11",Office Supplies,Paper
2922,OFF-BI-10003934,"Acco Binding Machine, Clear",Office Supplies,Binders
2923,OFF-EN-10004590,"Ames Peel and Seal, with clear poly window",Office Supplies,Envelopes
2924,OFF-AR-10000845,"Binney & Smith Pens, Water Color",Office Supplies,Art
2925,OFF-ST-10003335,"Smead Box, Blue",Office Supplies,Storage
2926,OFF-LA-10003390,"Harbour Creations File Folder Labels, 5000 Label Set",Office Supplies,Labels
2927,OFF-ADV-10000551,"Advantus Thumb Tacks, Bulk Pack",Office Supplies,Fasteners
2928,OFF-KRA-10003337,"Kraft Mailers, Recycled",Office Supplies,Envelopes
2929,OFF-LA-10002493,"Hon Color Coded Labels, Adjustable",Office Supplies,Labels
2930,OFF-FEL-10002837,"Fellowes Folders, Single Width",Office Supplies,Storage
2931,OFF-BI-10003340,"Acco Index Tab, Durable",Office Supplies,Binders
2932,OFF-EN-10004120,"Jiffy Peel and Seal, Set of 50",Office Supplies,Envelopes
2933,OFF-SU-10003357,"Fiskars Shears, Steel",Office Supplies,Supplies
2934,OFF-SME-10004553,"Smead Lockers, Blue",Office Supplies,Storage
2935,OFF-AR-10000543,"BIC Pencil Sharpener, Fluorescent",Office Supplies,Art
2936,OFF-PA-10004475,"Xerox Computer Printout Paper, 8.5 x 11",Office Supplies,Paper
2937,OFF-SU-10004244,"Fiskars Ruler, High Speed",Office Supplies,Supplies
2938,OFF-ST-10003578,"Smead Box, Blue",Office Supplies,Storage
2939,OFF-FA-10004310,"Advantus Staples, 12 Pack",Office Supplies,Fasteners
2940,OFF-XER-10004820,"Xerox Computer Printout Paper, Premium",Office Supplies,Paper
2941,OFF-BI-10002799,"Acco Binder Covers, Recycled",Office Supplies,Binders
2942,OFF-SU-10000480,"Elite Box Cutter, Serrated",Office Supplies,Supplies
2943,OFF-CAM-10003605,"Cameo Peel and Seal, Security-Tint",Office Supplies,Envelopes
2944,OFF-FA-10002600,"Accos Thumb Tacks, 12 Pack",Office Supplies,Fasteners
2945,OFF-AR-10003758,"Binney & Smith Canvas, Water Color",Office Supplies,Art
2946,OFF-FA-10002177,"OIC Clamps, Metal",Office Supplies,Fasteners
2947,OFF-PA-10002516,"Enermax Cards & Envelopes, 8.5 x 11",Office Supplies,Paper
2948,OFF-BIC-10001632,"BIC Pens, Easy-Erase",Office Supplies,Art
2949,OFF-PA-10001835,"SanDisk Computer Printout Paper, 8.5 x 11",Office Supplies,Paper
2950,OFF-PA-10004641,"SanDisk Cards & Envelopes, Multicolor",Office Supplies,Paper
2951,OFF-SU-10003160,"Acme Ruler, High Speed",Office Supplies,Supplies
2952,OFF-ST-10001335,"Rogers File Cart, Single Width",Office Supplies,Storage
2953,OFF-AR-10002710,"Sanford Pens, Easy-Erase",Office Supplies,Art
2954,OFF-BI-10003975,"Cardinal Index Tab, Durable",Office Supplies,Binders
2955,OFF-AR-10003012,"Sanford Markers, Easy-Erase",Office Supplies,Art
2956,OFF-BI-10000232,"Ibico 3-Hole Punch, Durable",Office Supplies,Binders
2957,OFF-AP-10002608,"Breville Toaster, Black",Office Supplies,Appliances
2958,OFF-LA-10000134,"Harbour Creations Removable Labels, 5000 Label Set",Office Supplies,Labels
2959,OFF-KLE-10004112,"Kleencut Trimmer, Serrated",Office Supplies,Supplies
2960,OFF-WIL-10002772,"Wilson Jones 3-Hole Punch, Durable",Office Supplies,Binders
2961,OFF-JIF-10000981,"Jiffy Peel and Seal, with clear poly window",Office Supplies,Envelopes
2962,OFF-ST-10004346,"Tenex Shelving, Single Width",Office Supplies,Storage
2963,OFF-SU-10003527,"Elite Ruler, Easy Grip",Office Supplies,Supplies
2964,OFF-AR-10002939,"Stanley Highlighters, Water Color",Office Supplies,Art
2965,OFF-LA-10001299,"Avery File Folder Labels, Adjustable",Office Supplies,Labels
2966,OFF-SU-10000153,"Acme Shears, High Speed",Office Supplies,Supplies
2967,OFF-BI-10003400,"Cardinal Binder Covers, Economy",Office Supplies,Binders
2968,OFF-EN-10004186,"Kraft Interoffice Envelope, with clear poly window",Office Supplies,Envelopes
2969,OFF-LA-10004947,"Hon Shipping Labels, 5000 Label Set",Office Supplies,Labels
2970,OFF-AR-10000706,"Sanford Highlighters, Fluorescent",Office Supplies,Art
2971,OFF-AP-10002229,"KitchenAid Coffee Grinder, Red",Office Supplies,Appliances
2972,OFF-FA-10004698,"Stockwell Staples, Metal",Office Supplies,Fasteners
2973,OFF-AP-10001885,"Hamilton Beach Coffee Grinder, White",Office Supplies,Appliances
2974,OFF-FA-10003615,"Stockwell Staples, Assorted Sizes",Office Supplies,Fasteners
2975,OFF-SME-10004323,"Smead Legal Exhibit Labels, 5000 Label Set",Office Supplies,Labels
2976,OFF-AP-10002764,"Hoover Microwave, Black",Office Supplies,Appliances
2977,OFF-EN-10002491,"Cameo Peel and Seal, Set of 50",Office Supplies,Envelopes
2978,OFF-KRA-10000534,"Kraft Interoffice Envelope, Security-Tint",Office Supplies,Envelopes
2979,OFF-AR-10003738,"Boston Canvas, Fluorescent",Office Supplies,Art
2980,OFF-BI-10002718,"Avery Binder, Durable",Office Supplies,Binders
2981,OFF-AR-10004614,"Boston Pencil Sharpener, Water Color",Office Supplies,Art
2982,OFF-AR-10002802,"Binney & Smith Pencil Sharpener, Water Color",Office Supplies,Art
2983,OFF-SU-10001624,"Kleencut Ruler, High Speed",Office Supplies,Supplies
2984,OFF-LA-10001719,"Avery Color Coded Labels, 5000 Label Set",Office Supplies,Labels
2985,OFF-HAM-10004674,"Hamilton Beach Stove, Silver",Office Supplies,Appliances
2986,OFF-SU-10002214,"Stiletto Box Cutter, Serrated",Office Supplies,Supplies
2987,OFF-EN-10004453,"Kraft Interoffice Envelope, Security-Tint",Office Supplies,Envelopes
2988,OFF-PA-10004313,"Green Bar Computer Printout Paper, 8.5 x 11",Office Supplies,Paper
2989,OFF-CUI-10003923,"Cuisinart Coffee Grinder, Red",Office Supplies,Appliances
2990,OFF-AR-10000179,"Sanford Canvas, Fluorescent",Office Supplies,Art
2991,OFF-PA-10003784,"Eaton Note Cards, Premium",Office Supplies,Paper
2992,OFF-SU-10003966,"Kleencut Trimmer, Serrated",Office Supplies,Supplies
2993,OFF-LA-10003396,"Avery Color Coded Labels, Laser Printer Compatible",Office Supplies,Labels
2994,OFF-LA-10003969,"Novimex Legal Exhibit Labels, Laser Printer Compatible",Office Supplies,Labels
2995,OFF-PA-10004766,"Enermax Message Books, Premium",Office Supplies,Paper
2996,OFF-OIC-10003028,"OIC Staples, Bulk Pack",Office Supplies,Fasteners
2997,OFF-ST-10003528,"Fellowes Folders, Wire Frame",Office Supplies,Storage
2998,OFF-BI-10000590,"Wilson Jones Binding Machine, Clear",Office Supplies,Binders
2999,OFF-WIL-10000604,"Wilson Jones Binder, Clear",Office Supplies,Binders
3000,OFF-PA-10004673,"Eaton Note Cards, Multicolor",Office Supplies,Paper
3001,OFF-SU-10000256,"Acme Scissors, Steel",Office Supplies,Supplies
3002,OFF-BI-10001904,"Cardinal Binder Covers, Durable",Office Supplies,Binders
3003,OFF-ELI-10003179,"Elite Scissors, High Speed",Office Supplies,Supplies
3004,OFF-STA-10004484,"Stanley Pens, Water Color",Office Supplies,Art
3005,OFF-AR-10004744,"Binney & Smith Sketch Pad, Easy-Erase",Office Supplies,Art
3006,OFF-PA-10001301,"SanDisk Computer Printout Paper, Multicolor",Office Supplies,Paper
3007,OFF-BI-10002225,"Cardinal Binding Machine, Durable",Office Supplies,Binders
3008,OFF-AP-10003559,"Hamilton Beach Stove, Red",Office Supplies,Appliances
3009,OFF-EN-10003962,"GlobeWeis Clasp Envelope, Set of 50",Office Supplies,Envelopes
3010,OFF-BI-10000188,"Cardinal Hole Reinforcements, Economy",Office Supplies,Binders
3011,OFF-AP-10003275,"KitchenAid Microwave, Silver",Office Supplies,Appliances
3012,OFF-LA-10001607,"Novimex Shipping Labels, Alphabetical",Office Supplies,Labels
3013,OFF-AR-10003829,"Stanley Markers, Fluorescent",Office Supplies,Art
3014,OFF-LA-10002995,"Avery Removable Labels, Adjustable",Office Supplies,Labels
3015,OFF-SAN-10001237,"SanDisk Cards & Envelopes, Premium",Office Supplies,Paper
3016,OFF-BI-10003917,"Avery Hole Reinforcements, Economy",Office Supplies,Binders
3017,OFF-SU-10004462,"Stiletto Scissors, Serrated",Office Supplies,Supplies
3018,OFF-EN-10001109,"Jiffy Manila Envelope, Set of 50",Office Supplies,Envelopes
3019,OFF-AVE-10002102,"Avery 3-Hole Punch, Economy",Office Supplies,Binders
3020,OFF-BI-10003633,"Avery Binding Machine, Economy",Office Supplies,Binders
3021,OFF-BI-10001199,"Acco Index Tab, Durable",Office Supplies,Binders
3022,OFF-AP-10002364,"KitchenAid Toaster, Black",Office Supplies,Appliances
3023,OFF-LA-10002364,"Smead Shipping Labels, Alphabetical",Office Supplies,Labels
3024,OFF-BI-10000925,"Avery Hole Reinforcements, Economy",Office Supplies,Binders
3025,OFF-EN-10000352,"GlobeWeis Peel and Seal, Recycled",Office Supplies,Envelopes
3026,OFF-BI-10003702,"Wilson Jones Binder Covers, Durable",Office Supplies,Binders
3027,OFF-AP-10004627,"Hamilton Beach Stove, Silver",Office Supplies,Appliances
3028,OFF-HAM-10001302,"Hamilton Beach Microwave, White",Office Supplies,Appliances
3029,OFF-STO-10004302,"Stockwell Paper Clips, Bulk Pack",Office Supplies,Fasteners
3030,OFF-JIF-10002454,"Jiffy Manila Envelope, Recycled",Office Supplies,Envelopes
3031,OFF-EN-10003838,"Cameo Peel and Seal, with clear poly window",Office Supplies,Envelopes
3032,OFF-PA-10000357,"Eaton Memo Slips, Recycled",Office Supplies,Paper
3033,OFF-STO-10002708,"Stockwell Thumb Tacks, Bulk Pack",Office Supplies,Fasteners
3034,OFF-SAN-10003368,"Sanford Pens, Blue",Office Supplies,Art
3035,OFF-EN-10004012,"GlobeWeis Peel and Seal, Set of 50",Office Supplies,Envelopes
3036,OFF-FA-10002247,"OIC Paper Clips, Bulk Pack",Office Supplies,Fasteners
3037,OFF-BI-10003779,"Cardinal 3-Hole Punch, Durable",Office Supplies,Binders
3038,OFF-LA-10002806,"Novimex Shipping Labels, 5000 Label Set",Office Supplies,Labels
3039,OFF-KLE-10001699,"Kleencut Letter Opener, Easy Grip",Office Supplies,Supplies
3040,OFF-AP-10001067,"Hoover Blender, Silver",Office Supplies,Appliances
3041,OFF-EN-10004677,"Jiffy Manila Envelope, Set of 50",Office Supplies,Envelopes
3042,OFF-AP-10001529,"Hamilton Beach Toaster, White",Office Supplies,Appliances
3043,OFF-BI-10004181,"Avery 3-Hole Punch, Clear",Office Supplies,Binders
3044,OFF-SU-10001703,"Fiskars Box Cutter, High Speed",Office Supplies,Supplies
3045,OFF-ST-10001142,"Smead Folders, Wire Frame",Office Supplies,Storage
3046,OFF-EN-10003817,"Jiffy Business Envelopes, Security-Tint",Office Supplies,Envelopes
3047,OFF-PA-10004111,"Enermax Parchment Paper, Multicolor",Office Supplies,Paper
3048,OFF-AP-10001772,"Hoover Toaster, White",Office Supplies,Appliances
3049,OFF-SAN-10000722,"SanDisk Computer Printout Paper, Premium",Office Supplies,Paper
3050,OFF-BI-10004666,"Wilson Jones Binding Machine, Durable",Office Supplies,Binders
3051,OFF-AR-10003466,"Binney & Smith Highlighters, Easy-Erase",Office Supplies,Art
3052,OFF-AR-10003450,"BIC Markers, Blue",Office Supplies,Art
3053,OFF-AVE-10000110,"Avery Round Labels, Laser Printer Compatible",Office Supplies,Labels
3054,OFF-ST-10000290,"Rogers Folders, Single Width",Office Supplies,Storage
3055,OFF-AP-10003917,"KitchenAid Stove, Silver",Office Supplies,Appliances
3056,OFF-LA-10003141,"Hon Shipping Labels, Laser Printer Compatible",Office Supplies,Labels
3057,OFF-ACC-10004871,"Acco Binder Covers, Economy",Office Supplies,Binders
3058,OFF-IBI-10002637,"Ibico Binding Machine, Durable",Office Supplies,Binders
3059,OFF-IBI-10000099,"Ibico Binder, Clear",Office Supplies,Binders
3060,OFF-HAR-10001262,"Harbour Creations Removable Labels, Adjustable",Office Supplies,Labels
3061,OFF-ST-10001598,"Fellowes Box, Blue",Office Supplies,Storage
3062,OFF-BI-10001643,"Acco Binder, Recycled",Office Supplies,Binders
3063,OFF-PA-10000318,"Enermax Message Books, Multicolor",Office Supplies,Paper
3064,OFF-SU-10004643,"Elite Trimmer, Easy Grip",Office Supplies,Supplies
3065,OFF-PA-10003380,"Green Bar Memo Slips, Multicolor",Office Supplies,Paper
3066,OFF-PA-10000876,"Eaton Computer Printout Paper, Multicolor",Office Supplies,Paper
3067,OFF-PA-10000935,"SanDisk Computer Printout Paper, Multicolor",Office Supplies,Paper
3068,OFF-SU-10001586,"Kleencut Trimmer, Steel",Office Supplies,Supplies
3069,OFF-FA-10002577,"Stockwell Push Pins, 12 Pack",Office Supplies,Fasteners
3070,OFF-ST-10002781,"Smead File Cart, Single Width",Office Supplies,Storage
3071,OFF-EN-10002955,"Jiffy Interoffice Envelope, with clear poly window",Office Supplies,Envelopes
3072,OFF-SU-10001891,"Acme Ruler, Easy Grip",Office Supplies,Supplies
3073,OFF-EN-10003979,"Kraft Clasp Envelope, with clear poly window",Office Supplies,Envelopes
3074,OFF-SU-10003789,"Fiskars Box Cutter, Steel",Office Supplies,Supplies
3075,OFF-BI-10002061,"Ibico Binder, Recycled",Office Supplies,Binders
3076,OFF-AR-10001329,"BIC Pens, Fluorescent",Office Supplies,Art
3077,OFF-PA-10000108,"Green Bar Parchment Paper, 8.5 x 11",Office Supplies,Paper
3078,OFF-AP-10002938,"KitchenAid Toaster, Black",Office Supplies,Appliances
3079,OFF-LA-10000519,"Novimex File Folder Labels, Laser Printer Compatible",Office Supplies,Labels
3080,OFF-BI-10004028,"Ibico Index Tab, Durable",Office Supplies,Binders
3081,OFF-SU-10003211,"Acme Ruler, Steel",Office Supplies,Supplies
3082,OFF-SU-10003173,"Acme Ruler, Serrated",Office Supplies,Supplies
3083,OFF-ENE-10002093,"Enermax Message Books, Multicolor",Office Supplies,Paper
3084,OFF-PA-10001971,"Eaton Memo Slips, Premium",Office Supplies,Paper
3085,OFF-ST-10001547,"Rogers Lockers, Industrial",Office Supplies,Storage
3086,OFF-ACM-10000777,"Acme Scissors, Serrated",Office Supplies,Supplies
3087,OFF-AP-10002425,"Hamilton Beach Refrigerator, Black",Office Supplies,Appliances
3088,OFF-LA-10001634,"Harbour Creations Color Coded Labels, Laser Printer Compatible",Office Supplies,Labels
3089,OFF-PA-10001456,"Eaton Memo Slips, 8.5 x 11",Office Supplies,Paper
3090,OFF-PA-10002360,"SanDisk Computer Printout Paper, 8.5 x 11",Office Supplies,Paper
3091,OFF-ADV-10004598,"Advantus Paper Clips, Metal",Office Supplies,Fasteners
3092,OFF-NOV-10003180,"Novimex Legal Exhibit Labels, Adjustable",Office Supplies,Labels
3093,OFF-LA-10000195,"Novimex File Folder Labels, Laser Printer Compatible",Office Supplies,Labels
3094,OFF-AP-10000528,"Breville Blender, Black",Office Supplies,Appliances
3095,OFF-SU-10001892,"Elite Box Cutter, High Speed",Office Supplies,Supplies
3096,OFF-AP-10000304,"Hoover Microwave, White",Office Supplies,Appliances
3097,OFF-EN-10000714,"Ames Mailers, Set of 50",Office Supplies,Envelopes
3098,OFF-FIS-10004067,"Fiskars Ruler, Steel",Office Supplies,Supplies
3099,OFF-SU-10001992,"Stiletto Ruler, Serrated",Office Supplies,Supplies
3100,OFF-LA-10003591,"Smead Removable Labels, Laser Printer Compatible",Office Supplies,Labels
3101,OFF-LA-10004745,"Harbour Creations Shipping Labels, Adjustable",Office Supplies,Labels
3102,OFF-EN-10003550,"Ames Mailers, Set of 50",Office Supplies,Envelopes
3103,OFF-PA-10003139,"SanDisk Parchment Paper, Recycled",Office Supplies,Paper
3104,OFF-EN-10000657,"Jiffy Peel and Seal, with clear poly window",Office Supplies,Envelopes
3105,OFF-LA-10000219,"Harbour Creations File Folder Labels, Adjustable",Office Supplies,Labels
3106,OFF-EN-10000940,"Ames Interoffice Envelope, Recycled",Office Supplies,Envelopes
3107,OFF-FA-10004657,"Stockwell Thumb Tacks, Metal",Office Supplies,Fasteners
3108,OFF-LA-10002139,"Novimex Color Coded Labels, Alphabetical",Office Supplies,Labels
3109,OFF-HAR-10001310,"Harbour Creations File Folder Labels, 5000 Label Set",Office Supplies,Labels
3110,OFF-EN-10003507,"Kraft Business Envelopes, Recycled",Office Supplies,Envelopes
3111,OFF-EN-10001993,"GlobeWeis Manila Envelope, Set of 50",Office Supplies,Envelopes
3112,OFF-LA-10003290,"Hon Round Labels, Adjustable",Office Supplies,Labels
3113,OFF-SU-10000776,"Elite Letter Opener, Steel",Office Supplies,Supplies
3114,OFF-AME-10000244,"Ames Manila Envelope, Security-Tint",Office Supplies,Envelopes
3115,OFF-AP-10003909,"KitchenAid Blender, Black",Office Supplies,Appliances
3116,OFF-EN-10000031,"Ames Peel and Seal, Security-Tint",Office Supplies,Envelopes
3117,OFF-KIT-10000099,"KitchenAid Refrigerator, Silver",Office Supplies,Appliances
3118,OFF-PA-10003899,"SanDisk Memo Slips, Multicolor",Office Supplies,Paper
3119,OFF-AP-10002698,"Cuisinart Microwave, Black",Office Supplies,Appliances
3120,OFF-PA-10001735,"Xerox Cards & Envelopes, 8.5 x 11",Office Supplies,Paper
3121,OFF-SU-10004662,"Fiskars Trimmer, Easy Grip",Office Supplies,Supplies
3122,OFF-AVE-10001473,"Avery Legal Exhibit Labels, Laser Printer Compatible",Office Supplies,Labels
3123,OFF-HON-10001706,"Hon Legal Exhibit Labels, Alphabetical",Office Supplies,Labels
3124,OFF-XER-10001454,"Xerox Parchment Paper, Multicolor",Office Supplies,Paper
3125,OFF-LA-10003278,"Novimex Shipping Labels, 5000 Label Set",Office Supplies,Labels
3126,OFF-SU-10004401,"Acme Shears, High Speed",Office Supplies,Supplies
3127,OFF-SAN-10002020,"SanDisk Parchment Paper, Multicolor",Office Supplies,Paper
3128,OFF-EN-10004667,"Kraft Interoffice Envelope, Set of 50",Office Supplies,Envelopes
3129,OFF-EN-10003675,"GlobeWeis Interoffice Envelope, Recycled",Office Supplies,Envelopes
3130,OFF-BRE-10001197,"Breville Refrigerator, Black",Office Supplies,Appliances
3131,OFF-AME-10002652,"Ames Peel and Seal, Set of 50",Office Supplies,Envelopes
3132,OFF-EN-10004904,"Cameo Manila Envelope, Set of 50",Office Supplies,Envelopes
3133,OFF-LA-10003583,"Hon File Folder Labels, 5000 Label Set",Office Supplies,Labels
3134,OFF-PA-10000081,"SanDisk Computer Printout Paper, Premium",Office Supplies,Paper
3135,OFF-PA-10003513,"Enermax Message Books, Recycled",Office Supplies,Paper
3136,OFF-STO-10001791,"Stockwell Clamps, Bulk Pack",Office Supplies,Fasteners
3137,OFF-FA-10001871,"Stockwell Rubber Bands, Bulk Pack",Office Supplies,Fasteners
3138,OFF-HOO-10003653,"Hoover Stove, Silver",Office Supplies,Appliances
3139,OFF-ADV-10003125,"Advantus Paper Clips, Assorted Sizes",Office Supplies,Fasteners
3140,OFF-AVE-10004508,"Avery Round Labels, Adjustable",Office Supplies,Labels
3141,OFF-SU-10001233,"Stiletto Trimmer, Serrated",Office Supplies,Supplies
3142,OFF-SU-10003803,"Acme Trimmer, Steel",Office Supplies,Supplies
3143,OFF-AP-10002104,"Hoover Microwave, Red",Office Supplies,Appliances
3144,OFF-LA-10004918,"Harbour Creations Round Labels, Alphabetical",Office Supplies,Labels
3145,OFF-LA-10003644,"Novimex Removable Labels, Adjustable",Office Supplies,Labels
3146,OFF-FA-10004824,"Stockwell Rubber Bands, Bulk Pack",Office Supplies,Fasteners
3147,OFF-KIT-10002357,"KitchenAid Blender, White",Office Supplies,Appliances
3148,OFF-GRE-10000328,"Green Bar Parchment Paper, Premium",Office Supplies,Paper
3149,OFF-AP-10000226,"Hoover Coffee Grinder, Black",Office Supplies,Appliances
3150,OFF-LA-10002635,"Avery Round Labels, 5000 Label Set",Office Supplies,Labels
3151,OFF-FA-10004792,"Advantus Staples, Bulk Pack",Office Supplies,Fasteners
3152,OFF-SU-10001683,"Kleencut Ruler, Steel",Office Supplies,Supplies
3153,OFF-LA-10002805,"Hon Color Coded Labels, Alphabetical",Office Supplies,Labels
3154,OFF-PA-10004160,"SanDisk Note Cards, Premium",Office Supplies,Paper
3155,OFF-FA-10000067,"Stockwell Staples, 12 Pack",Office Supplies,Fasteners
3156,OFF-FA-10001026,"Stockwell Staples, Metal",Office Supplies,Fasteners
3157,OFF-LA-10004761,"Avery File Folder Labels, Adjustable",Office Supplies,Labels
3158,OFF-EN-10004995,"Ames Interoffice Envelope, with clear poly window",Office Supplies,Envelopes
3159,OFF-FA-10002526,"Accos Staples, 12 Pack",Office Supplies,Fasteners
3160,OFF-PA-10004856,"Xerox Memo Slips, Recycled",Office Supplies,Paper
3161,OFF-EN-10001528,"Kraft Business Envelopes, Recycled",Office Supplies,Envelopes
3162,OFF-SU-10001409,"Stiletto Scissors, Serrated",Office Supplies,Supplies
3163,OFF-FA-10001339,"Accos Thumb Tacks, Bulk Pack",Office Supplies,Fasteners
3164,OFF-LA-10000244,"Hon Legal Exhibit Labels, Alphabetical",Office Supplies,Labels
3165,OFF-PA-10001720,"Xerox Parchment Paper, Multicolor",Office Supplies,Paper
3166,OFF-PA-10002755,"Xerox Computer Printout Paper, Multicolor",Office Supplies,Paper
3167,OFF-EN-10003628,"GlobeWeis Manila Envelope, Set of 50",Office Supplies,Envelopes
3168,OFF-FA-10003911,"Advantus Clamps, Assorted Sizes",Office Supplies,Fasteners
3169,OFF-SU-10004771,"Elite Ruler, Easy Grip",Office Supplies,Supplies
3170,OFF-AVE-10004159,"Avery File Folder Labels, 5000 Label Set",Office Supplies,Labels
3171,OFF-FA-10001476,"OIC Paper Clips, Assorted Sizes",Office Supplies,Fasteners
3172,OFF-AVE-10004148,"Avery Color Coded Labels, Laser Printer Compatible",Office Supplies,Labels
3173,OFF-FA-10004626,"Advantus Staples, Assorted Sizes",Office Supplies,Fasteners
3174,OFF-SU-10003701,"Stiletto Ruler, Easy Grip",Office Supplies,Supplies
3175,OFF-ACC-10002167,"Accos Paper Clips, Metal",Office Supplies,Fasteners
3176,OFF-SU-10003485,"Elite Letter Opener, Easy Grip",Office Supplies,Supplies
3177,OFF-EAT-10003702,"Eaton Note Cards, Premium",Office Supplies,Paper
3178,OFF-EN-10003392,"Kraft Peel and Seal, Set of 50",Office Supplies,Envelopes
3179,OFF-CAM-10003488,"Cameo Mailers, Set of 50",Office Supplies,Envelopes
3180,OFF-LA-10004411,"Avery File Folder Labels, 5000 Label Set",Office Supplies,Labels
3181,OFF-LA-10000793,"Harbour Creations Removable Labels, Laser Printer Compatible",Office Supplies,Labels
3182,OFF-FA-10004880,"Accos Rubber Bands, Bulk Pack",Office Supplies,Fasteners
3183,OFF-CAM-10002734,"Cameo Clasp Envelope, with clear poly window",Office Supplies,Envelopes
3184,OFF-STI-10001651,"Stiletto Shears, Steel",Office Supplies,Supplies
3185,OFF-LA-10002063,"Hon Round Labels, 5000 Label Set",Office Supplies,Labels
3186,OFF-AP-10000584,"Breville Refrigerator, Silver",Office Supplies,Appliances
3187,OFF-LA-10002741,"Avery Color Coded Labels, Adjustable",Office Supplies,Labels
3188,OFF-STO-10000876,"Stockwell Push Pins, 12 Pack",Office Supplies,Fasteners
3189,OFF-ADV-10000177,"Advantus Staples, Metal",Office Supplies,Fasteners
3190,OFF-ELI-10001705,"Elite Trimmer, Steel",Office Supplies,Supplies
3191,OFF-LA-10004648,"Avery Color Coded Labels, 5000 Label Set",Office Supplies,Labels
3192,OFF-PA-10003296,"Xerox Message Books, Recycled",Office Supplies,Paper
3193,OFF-PA-10000091,"Xerox Message Books, Premium",Office Supplies,Paper
3194,OFF-EN-10002725,"Ames Manila Envelope, Set of 50",Office Supplies,Envelopes
3195,OFF-PA-10004261,"Green Bar Memo Slips, 8.5 x 11",Office Supplies,Paper
3196,OFF-AP-10004063,"Cuisinart Stove, Silver",Office Supplies,Appliances
3197,OFF-FA-10000801,"Advantus Paper Clips, Assorted Sizes",Office Supplies,Fasteners
3198,OFF-PA-10000745,"Green Bar Memo Slips, Recycled",Office Supplies,Paper
3199,OFF-EN-10003728,"Cameo Mailers, with clear poly window",Office Supplies,Envelopes
3200,OFF-AP-10000569,"KitchenAid Coffee Grinder, Black",Office Supplies,Appliances
3201,OFF-AP-10003524,"Breville Blender, Black",Office Supplies,Appliances
3202,OFF-KIT-10001791,"KitchenAid Refrigerator, White",Office Supplies,Appliances
3203,OFF-AP-10004425,"Hoover Coffee Grinder, White",Office Supplies,Appliances
3204,OFF-AP-10003717,"Breville Coffee Grinder, White",Office Supplies,Appliances
3205,OFF-AP-10001776,"Hamilton Beach Microwave, White",Office Supplies,Appliances
3206,OFF-BRE-10002738,"Breville Microwave, Silver",Office Supplies,Appliances
3207,OFF-AP-10003182,"Breville Toaster, Silver",Office Supplies,Appliances
3208,OFF-AP-10004994,"Hamilton Beach Refrigerator, Red",Office Supplies,Appliances
3209,OFF-AP-10001630,"Hamilton Beach Microwave, Black",Office Supplies,Appliances
3210,OFF-BRE-10002706,"Breville Microwave, White",Office Supplies,Appliances
3211,OFF-AP-10001891,"Cuisinart Coffee Grinder, Black",Office Supplies,Appliances
3212,OFF-AP-10001931,"Hoover Blender, Black",Office Supplies,Appliances
3213,OFF-AP-10004913,"KitchenAid Refrigerator, Black",Office Supplies,Appliances
3214,OFF-AP-10003956,"Hoover Toaster, Red",Office Supplies,Appliances
3215,OFF-HAM-10001621,"Hamilton Beach Refrigerator, Black",Office Supplies,Appliances
3216,OFF-AP-10001510,"Cuisinart Microwave, Silver",Office Supplies,Appliances
3217,OFF-AP-10001406,"Breville Stove, Black",Office Supplies,Appliances
3218,OFF-HOO-10000335,"Hoover Microwave, White",Office Supplies,Appliances
3219,OFF-HOO-10001105,"Hoover Refrigerator, Silver",Office Supplies,Appliances
3220,OFF-HOO-10003269,"Hoover Toaster, Red",Office Supplies,Appliances
3221,OFF-AP-10004113,"Cuisinart Toaster, White",Office Supplies,Appliances
3222,OFF-AP-10001190,"Hoover Refrigerator, Silver",Office Supplies,Appliances
3223,OFF-CUI-10004536,"Cuisinart Blender, Black",Office Supplies,Appliances
3224,OFF-BRE-10001343,"Breville Blender, Silver",Office Supplies,Appliances
3225,OFF-AP-10002963,"Hoover Toaster, Red",Office Supplies,Appliances
3226,OFF-CUI-10001060,"Cuisinart Toaster, Red",Office Supplies,Appliances
3227,OFF-AP-10002537,"Hamilton Beach Microwave, Red",Office Supplies,Appliances
3228,OFF-AP-10003979,"KitchenAid Blender, Black",Office Supplies,Appliances
3229,OFF-AP-10003538,"Hamilton Beach Microwave, Silver",Office Supplies,Appliances
3230,OFF-AP-10004305,"Breville Blender, Silver",Office Supplies,Appliances
3231,OFF-KIT-10001899,"KitchenAid Toaster, Black",Office Supplies,Appliances
3232,OFF-AP-10002326,"Hamilton Beach Microwave, White",Office Supplies,Appliances
3233,OFF-KIT-10001380,"KitchenAid Microwave, Black",Office Supplies,Appliances
3234,OFF-AP-10004665,"Hamilton Beach Coffee Grinder, Red",Office Supplies,Appliances
3235,OFF-AP-10003240,"Breville Stove, Black",Office Supplies,Appliances
3236,OFF-HOO-10003338,"Hoover Blender, Silver",Office Supplies,Appliances
3237,OFF-AP-10004527,"Hamilton Beach Toaster, White",Office Supplies,Appliances
3238,OFF-AP-10000490,"Hamilton Beach Coffee Grinder, Silver",Office Supplies,Appliances
3239,OFF-AP-10001504,"Cuisinart Blender, Black",Office Supplies,Appliances
3240,OFF-OIC-10002161,"OIC Push Pins, Assorted Sizes",Office Supplies,Fasteners
3241,OFF-OIC-10004810,"OIC Paper Clips, Metal",Office Supplies,Fasteners
3242,OFF-FA-10000059,"Stockwell Clamps, Bulk Pack",Office Supplies,Fasteners
3243,OFF-FA-10001029,"OIC Push Pins, Assorted Sizes",Office Supplies,Fasteners
3244,OFF-STO-10004841,"Stockwell Paper Clips, Assorted Sizes",Office Supplies,Fasteners
3245,OFF-FA-10000197,"Stockwell Push Pins, Metal",Office Supplies,Fasteners
3246,OFF-ADV-10003030,"Advantus Staples, 12 Pack",Office Supplies,Fasteners
3247,OFF-FA-10000834,"Advantus Staples, Assorted Sizes",Office Supplies,Fasteners
3248,OFF-FA-10003985,"Accos Staples, Assorted Sizes",Office Supplies,Fasteners
3249,OFF-FA-10000189,"OIC Paper Clips, 12 Pack",Office Supplies,Fasteners
3250,OFF-FA-10002358,"Accos Push Pins, 12 Pack",Office Supplies,Fasteners
3251,OFF-FA-10002156,"Advantus Push Pins, Metal",Office Supplies,Fasteners
3252,OFF-FA-10004298,"Stockwell Staples, Bulk Pack",Office Supplies,Fasteners
3253,OFF-STO-10001150,"Stockwell Rubber Bands, 12 Pack",Office Supplies,Fasteners
3254,OFF-FA-10004659,"Stockwell Thumb Tacks, 12 Pack",Office Supplies,Fasteners
3255,OFF-FA-10000471,"Accos Paper Clips, Assorted Sizes",Office Supplies,Fasteners
3256,OFF-FA-10003257,"Accos Thumb Tacks, 12 Pack",Office Supplies,Fasteners
3257,OFF-FA-10001776,"Stockwell Rubber Bands, Metal",Office Supplies,Fasteners
3258,OFF-FA-10004139,"Advantus Thumb Tacks, 12 Pack",Office Supplies,Fasteners
3259,OFF-FA-10002120,"Advantus Paper Clips, Assorted Sizes",Office Supplies,Fasteners
3260,OFF-FA-10002635,"Accos Thumb Tacks, Metal",Office Supplies,Fasteners
3261,OFF-FA-10001199,"Advantus Thumb Tacks, 12 Pack",Office Supplies,Fasteners
3262,OFF-FA-10004606,"Stockwell Staples, 12 Pack",Office Supplies,Fasteners
3263,OFF-ADV-10004228,"Advantus Push Pins, Assorted Sizes",Office Supplies,Fasteners
3264,OFF-FA-10004734,"Advantus Rubber Bands, Bulk Pack",Office Supplies,Fasteners
3265,OFF-FA-10001427,"Stockwell Paper Clips, Bulk Pack",Office Supplies,Fasteners
3266,OFF-FA-10002617,"Advantus Clamps, Assorted Sizes",Office Supplies,Fasteners
3267,OFF-FA-10001054,"Advantus Thumb Tacks, Metal",Office Supplies,Fasteners
3268,OFF-FA-10004605,"OIC Clamps, Assorted Sizes",Office Supplies,Fasteners
3269,OFF-STO-10000631,"Stockwell Push Pins, Assorted Sizes",Office Supplies,Fasteners
3270,OFF-FA-10003505,"OIC Thumb Tacks, Metal",Office Supplies,Fasteners
3271,OFF-FA-10004684,"Advantus Thumb Tacks, Metal",Office Supplies,Fasteners
3272,OFF-FA-10002991,"Stockwell Thumb Tacks, Bulk Pack",Office Supplies,Fasteners
3273,OFF-FA-10000540,"Stockwell Staples, Assorted Sizes",Office Supplies,Fasteners
3274,OFF-FA-10003744,"Stockwell Thumb Tacks, Assorted Sizes",Office Supplies,Fasteners
3275,OFF-FA-10002895,"Advantus Rubber Bands, Bulk Pack",Office Supplies,Fasteners
3276,OFF-FA-10003797,"Advantus Push Pins, 12 Pack",Office Supplies,Fasteners
3277,OFF-FA-10003604,"Stockwell Paper Clips, Assorted Sizes",Office Supplies,Fasteners
3278,OFF-FA-10001684,"Accos Staples, Bulk Pack",Office Supplies,Fasteners
3279,OFF-FA-10004171,"Accos Paper Clips, Assorted Sizes",Office Supplies,Fasteners
3280,OFF-FA-10001113,"OIC Push Pins, Assorted Sizes",Office Supplies,Fasteners
3281,OFF-FA-10003703,"Accos Clamps, Assorted Sizes",Office Supplies,Fasteners
3282,OFF-FA-10000757,"Stockwell Paper Clips, Assorted Sizes",Office Supplies,Fasteners
3283,OFF-FA-10004186,"Advantus Thumb Tacks, Bulk Pack",Office Supplies,Fasteners
3284,OFF-FA-10003817,"Stockwell Clamps, Metal",Office Supplies,Fasteners
3285,OFF-FA-10000146,"Stockwell Rubber Bands, Assorted Sizes",Office Supplies,Fasteners
3286,OFF-STO-10001916,"Stockwell Clamps, Metal",Office Supplies,Fasteners
3287,OFF-EN-10004870,"Jiffy Mailers, Security-Tint",Office Supplies,Envelopes
3288,OFF-EN-10000025,"Cameo Interoffice Envelope, Recycled",Office Supplies,Envelopes
3289,OFF-EN-10004173,"Ames Peel and Seal, Recycled",Office Supplies,Envelopes
3290,OFF-EN-10000258,"GlobeWeis Peel and Seal, with clear poly window",Office Supplies,Envelopes
3291,OFF-EN-10004495,"Kraft Peel and Seal, Security-Tint",Office Supplies,Envelopes
3292,OFF-EN-10002540,"GlobeWeis Clasp Envelope, with clear poly window",Office Supplies,Envelopes
3293,OFF-EN-10003444,"Jiffy Clasp Envelope, with clear poly window",Office Supplies,Envelopes
3294,OFF-EN-10000857,"Ames Mailers, Security-Tint",Office Supplies,Envelopes
3295,OFF-CAM-10002611,"Cameo Interoffice Envelope, Recycled",Office Supplies,Envelopes
3296,OFF-GLO-10000016,"GlobeWeis Interoffice Envelope, Recycled",Office Supplies,Envelopes
3297,OFF-AME-10001489,"Ames Manila Envelope, Set of 50",Office Supplies,Envelopes
3298,OFF-EN-10003111,"GlobeWeis Clasp Envelope, Recycled",Office Supplies,Envelopes
3299,OFF-EN-10000761,"Jiffy Peel and Seal, with clear poly window",Office Supplies,Envelopes
3300,OFF-EN-10002396,"Jiffy Mailers, Set of 50",Office Supplies,Envelopes
3301,OFF-EN-10001946,"Kraft Mailers, Security-Tint",Office Supplies,Envelopes
3302,OFF-KRA-10001807,"Kraft Manila Envelope, Security-Tint",Office Supplies,Envelopes
3303,OFF-EN-10000114,"Kraft Clasp Envelope, Security-Tint",Office Supplies,Envelopes
3304,OFF-EN-10004462,"Ames Peel and Seal, Security-Tint",Office Supplies,Envelopes
3305,OFF-EN-10002581,"GlobeWeis Peel and Seal, Set of 50",Office Supplies,Envelopes
3306,OFF-EN-10003299,"Cameo Mailers, Security-Tint",Office Supplies,Envelopes
3307,OFF-EN-10000142,"Ames Business Envelopes, Security-Tint",Office Supplies,Envelopes
3308,OFF-EN-10003361,"GlobeWeis Manila Envelope, Security-Tint",Office Supplies,Envelopes
3309,OFF-EN-10004958,"Cameo Manila Envelope, Security-Tint",Office Supplies,Envelopes
3310,OFF-EN-10000615,"Jiffy Mailers, Security-Tint",Office Supplies,Envelopes
3311,OFF-EN-10001616,"GlobeWeis Business Envelopes, Recycled",Office Supplies,Envelopes
3312,OFF-EN-10000315,"Jiffy Business Envelopes, Security-Tint",Office Supplies,Envelopes
3313,OFF-EN-10003177,"Kraft Interoffice Envelope, Recycled",Office Supplies,Envelopes
3314,OFF-CAM-10004338,"Cameo Interoffice Envelope, Set of 50",Office Supplies,Envelopes
3315,OFF-EN-10003560,"Kraft Clasp Envelope, with clear poly window",Office Supplies,Envelopes
3316,OFF-AME-10004651,"Ames Mailers, Recycled",Office Supplies,Envelopes
3317,OFF-EN-10003448,"Cameo Clasp Envelope, Set of 50",Office Supplies,Envelopes
3318,OFF-EN-10002873,"Ames Interoffice Envelope, Recycled",Office Supplies,Envelopes
3319,OFF-CAM-10003511,"Cameo Clasp Envelope, Set of 50",Office Supplies,Envelopes
3320,OFF-EN-10004547,"Ames Business Envelopes, Security-Tint",Office Supplies,Envelopes
3321,OFF-GLO-10004430,"GlobeWeis Business Envelopes, Recycled",Office Supplies,Envelopes
3322,OFF-EN-10003669,"Jiffy Mailers, Security-Tint",Office Supplies,Envelopes
3323,OFF-CAM-10004271,"Cameo Mailers, Recycled",Office Supplies,Envelopes
3324,OFF-EN-10002258,"Jiffy Mailers, with clear poly window",Office Supplies,Envelopes
3325,OFF-EN-10000673,"Cameo Business Envelopes, Recycled",Office Supplies,Envelopes
3326,OFF-EN-10001327,"Cameo Interoffice Envelope, Security-Tint",Office Supplies,Envelopes
3327,OFF-EN-10004183,"Jiffy Business Envelopes, Recycled",Office Supplies,Envelopes
3328,OFF-GLO-10000485,"GlobeWeis Mailers, Security-Tint",Office Supplies,Envelopes
3329,OFF-EN-10004074,"GlobeWeis Clasp Envelope, Recycled",Office Supplies,Envelopes
3330,OFF-GLO-10000491,"GlobeWeis Interoffice Envelope, with clear poly window",Office Supplies,Envelopes
3331,OFF-EN-10003547,"Jiffy Interoffice Envelope, Set of 50",Office Supplies,Envelopes
3332,OFF-EN-10000755,"Ames Mailers, Recycled",Office Supplies,Envelopes
3333,OFF-EN-10003748,"Ames Mailers, with clear poly window",Office Supplies,Envelopes
3334,OFF-EN-10000056,"Ames Manila Envelope, Security-Tint",Office Supplies,Envelopes
3335,OFF-SU-10003863,"Kleencut Letter Opener, High Speed",Office Supplies,Supplies
3336,OFF-SU-10001021,"Fiskars Box Cutter, Serrated",Office Supplies,Supplies
3337,OFF-SU-10000255,"Elite Box Cutter, High Speed",Office Supplies,Supplies
3338,OFF-SU-10001731,"Elite Letter Opener, High Speed",Office Supplies,Supplies
3339,OFF-SU-10002627,"Kleencut Scissors, Serrated",Office Supplies,Supplies
3340,OFF-SU-10002402,"Stiletto Box Cutter, Steel",Office Supplies,Supplies
3341,OFF-SU-10000171,"Elite Trimmer, Easy Grip",Office Supplies,Supplies
3342,OFF-FIS-10004882,"Fiskars Shears, Easy Grip",Office Supplies,Supplies
3343,OFF-SU-10000207,"Kleencut Box Cutter, High Speed",Office Supplies,Supplies
3344,OFF-SU-10004497,"Elite Scissors, Serrated",Office Supplies,Supplies
3345,OFF-SU-10001346,"Stiletto Shears, Steel",Office Supplies,Supplies
3346,OFF-ELI-10002935,"Elite Shears, High Speed",Office Supplies,Supplies
3347,OFF-SU-10004361,"Kleencut Trimmer, High Speed",Office Supplies,Supplies
3348,OFF-SU-10004904,"Fiskars Scissors, Serrated",Office Supplies,Supplies
3349,OFF-SU-10000375,"Kleencut Box Cutter, Steel",Office Supplies,Supplies
3350,OFF-SU-10004452,"Elite Ruler, Steel",Office Supplies,Supplies
3351,OFF-ACM-10001587,"Acme Box Cutter, Easy Grip",Office Supplies,Supplies
3352,OFF-SU-10001382,"Elite Trimmer, Steel",Office Supplies,Supplies
3353,OFF-ELI-10004597,"Elite Box Cutter, Steel",Office Supplies,Supplies
3354,OFF-SU-10003651,"Elite Ruler, Serrated",Office Supplies,Supplies
3355,OFF-SU-10003473,"Elite Trimmer, Steel",Office Supplies,Supplies
3356,OFF-SU-10003804,"Kleencut Shears, Easy Grip",Office Supplies,Supplies
3357,OFF-SU-10002775,"Fiskars Box Cutter, Steel",Office Supplies,Supplies
3358,OFF-SU-10000427,"Fiskars Trimmer, Steel",Office Supplies,Supplies
3359,OFF-SU-10000822,"Fiskars Letter Opener, Steel",Office Supplies,Supplies
3360,OFF-SU-10000496,"Fiskars Scissors, Steel",Office Supplies,Supplies
3361,OFF-SU-10001074,"Fiskars Letter Opener, Easy Grip",Office Supplies,Supplies
3362,OFF-SU-10003371,"Elite Shears, Serrated",Office Supplies,Supplies
3363,OFF-SU-10003749,"Fiskars Box Cutter, Easy Grip",Office Supplies,Supplies
3364,OFF-SU-10003632,"Stiletto Ruler, High Speed",Office Supplies,Supplies
3365,OFF-SU-10001173,"Stiletto Trimmer, Easy Grip",Office Supplies,Supplies
3366,OFF-SU-10003428,"Kleencut Box Cutter, High Speed",Office Supplies,Supplies
3367,OFF-ELI-10003004,"Elite Ruler, Easy Grip",Office Supplies,Supplies
3368,OFF-FIS-10000063,"Fiskars Shears, High Speed",Office Supplies,Supplies
3369,OFF-KLE-10004543,"Kleencut Ruler, High Speed",Office Supplies,Supplies
3370,OFF-SU-10001512,"Stiletto Shears, Easy Grip",Office Supplies,Supplies
3371,OFF-KLE-10004581,"Kleencut Trimmer, Easy Grip",Office Supplies,Supplies
3372,OFF-SU-10004630,"Acme Shears, Steel",Office Supplies,Supplies
3373,OFF-SU-10004077,"Acme Letter Opener, Easy Grip",Office Supplies,Supplies
3374,OFF-STI-10003234,"Stiletto Trimmer, Steel",Office Supplies,Supplies
3375,OFF-SU-10003355,"Acme Trimmer, Steel",Office Supplies,Supplies
3376,OFF-ACM-10004669,"Acme Shears, Easy Grip",Office Supplies,Supplies
3377,OFF-SU-10000954,"Acme Scissors, High Speed",Office Supplies,Supplies
3378,OFF-FIS-10004183,"Fiskars Scissors, Serrated",Office Supplies,Supplies
3379,OFF-SU-10000062,"Stiletto Scissors, High Speed",Office Supplies,Supplies
3380,OFF-SU-10003632,"Acme Letter Opener, Easy Grip",Office Supplies,Supplies
3381,OFF-SU-10000650,"Acme Shears, Steel",Office Supplies,Supplies
3382,OFF-SU-10000150,"Stiletto Ruler, Steel",Office Supplies,Supplies
3383,OFF-SU-10003509,"Stiletto Ruler, Easy Grip",Office Supplies,Supplies
3384,OFF-HON-10001783,"Hon Shipping Labels, 5000 Label Set",Office Supplies,Labels
3385,OFF-NOV-10000512,"Novimex Color Coded Labels, Adjustable",Office Supplies,Labels
3386,OFF-NOV-10004680,"Novimex Shipping Labels, Laser Printer Compatible",Office Supplies,Labels
3387,OFF-LA-10001169,"Harbour Creations Round Labels, Laser Printer Compatible",Office Supplies,Labels
3388,OFF-LA-10004538,"Harbour Creations Legal Exhibit Labels, Laser Printer Compatible",Office Supplies,Labels
3389,OFF-LA-10003283,"Hon File Folder Labels, 5000 Label Set",Office Supplies,Labels
3390,OFF-LA-10000116,"Harbour Creations File Folder Labels, Adjustable",Office Supplies,Labels
3391,OFF-LA-10002964,"Harbour Creations Shipping Labels, 5000 Label Set",Office Supplies,Labels
3392,OFF-LA-10003971,"Novimex Color Coded Labels, Laser Printer Compatible",Office Supplies,Labels
3393,OFF-LA-10001038,"Smead Legal Exhibit Labels, Laser Printer Compatible",Office Supplies,Labels
3394,OFF-LA-10002334,"Novimex Removable Labels, Adjustable",Office Supplies,Labels
3395,OFF-LA-10004799,"Hon Shipping Labels, Adjustable",Office Supplies,Labels
3396,OFF-LA-10001092,"Harbour Creations Removable Labels, Adjustable",Office Supplies,Labels
3397,OFF-LA-10003982,"Avery Round Labels, Adjustable",Office Supplies,Labels
3398,OFF-LA-10000322,"Smead Round Labels, Laser Printer Compatible",Office Supplies,Labels
3399,OFF-LA-10004799,"Hon Legal Exhibit Labels, Alphabetical",Office Supplies,Labels
3400,OFF-LA-10003459,"Avery Removable Labels, Laser Printer Compatible",Office Supplies,Labels
3401,OFF-LA-10000540,"Harbour Creations Round Labels, Adjustable",Office Supplies,Labels
3402,OFF-LA-10001541,"Avery Removable Labels, 5000 Label Set",Office Supplies,Labels
3403,OFF-SME-10004519,"Smead Removable Labels, Adjustable",Office Supplies,Labels
3404,OFF-LA-10004430,"Avery Shipping Labels, Laser Printer Compatible",Office Supplies,Labels
3405,OFF-LA-10003285,"Avery Removable Labels, Adjustable",Office Supplies,Labels
3406,OFF-HAR-10004099,"Harbour Creations Removable Labels, 5000 Label Set",Office Supplies,Labels
3407,OFF-LA-10001284,"Smead Round Labels, 5000 Label Set",Office Supplies,Labels
3408,OFF-LA-10003379,"Smead Color Coded Labels, Laser Printer Compatible",Office Supplies,Labels
3409,OFF-LA-10000108,"Harbour Creations Color Coded Labels, Laser Printer Compatible",Office Supplies,Labels
3410,OFF-NOV-10003578,"Novimex Color Coded Labels, Laser Printer Compatible",Office Supplies,Labels
3411,OFF-HON-10003921,"Hon Removable Labels, Laser Printer Compatible",Office Supplies,Labels
3412,OFF-LA-10003337,"Harbour Creations Removable Labels, Adjustable",Office Supplies,Labels
3413,OFF-LA-10003699,"Smead File Folder Labels, Adjustable",Office Supplies,Labels
3414,OFF-LA-10002848,"Novimex Shipping Labels, Laser Printer Compatible",Office Supplies,Labels
3415,OFF-LA-10001546,"Avery Shipping Labels, Adjustable",Office Supplies,Labels
3416,OFF-LA-10001187,"Smead Color Coded Labels, Alphabetical",Office Supplies,Labels
3417,OFF-LA-10001669,"Smead Color Coded Labels, Adjustable",Office Supplies,Labels
3418,OFF-HON-10000278,"Hon Shipping Labels, Laser Printer Compatible",Office Supplies,Labels
3419,OFF-LA-10002469,"Harbour Creations Shipping Labels, Laser Printer Compatible",Office Supplies,Labels
3420,OFF-SME-10002250,"Smead File Folder Labels, Alphabetical",Office Supplies,Labels
3421,OFF-SME-10004256,"Smead Removable Labels, Adjustable",Office Supplies,Labels
3422,OFF-HON-10004698,"Hon File Folder Labels, Laser Printer Compatible",Office Supplies,Labels
3423,OFF-AVE-10004404,"Avery Shipping Labels, Alphabetical",Office Supplies,Labels
3424,OFF-LA-10002324,"Smead Removable Labels, Adjustable",Office Supplies,Labels
3425,OFF-LA-10001677,"Avery Color Coded Labels, Adjustable",Office Supplies,Labels
3426,OFF-LA-10000216,"Novimex Round Labels, Alphabetical",Office Supplies,Labels
3427,OFF-LA-10000707,"Avery Legal Exhibit Labels, Adjustable",Office Supplies,Labels
3428,OFF-HON-10004014,"Hon Shipping Labels, Adjustable",Office Supplies,Labels
3429,OFF-LA-10000714,"Novimex Round Labels, 5000 Label Set",Office Supplies,Labels
3430,OFF-LA-10004148,"Smead File Folder Labels, 5000 Label Set",Office Supplies,Labels
3431,OFF-LA-10001793,"Avery Round Labels, Alphabetical",Office Supplies,Labels
3432,OFF-AVE-10004310,"Avery File Folder Labels, Alphabetical",Office Supplies,Labels
3433,OFF-LA-10002258,"Smead File Folder Labels, Adjustable",Office Supplies,Labels
3434,OFF-EAT-10002789,"Eaton Computer Printout Paper, Recycled",Office Supplies,Paper
3435,OFF-GRE-10002555,"Green Bar Memo Slips, 8.5 x 11",Office Supplies,Paper
3436,OFF-PA-10002944,"SanDisk Parchment Paper, Recycled",Office Supplies,Paper
3437,OFF-PA-10004498,"Enermax Memo Slips, Multicolor",Office Supplies,Paper
3438,OFF-PA-10004294,"Xerox Computer Printout Paper, 8.5 x 11",Office Supplies,Paper
3439,OFF-XER-10003495,"Xerox Cards & Envelopes, Premium",Office Supplies,Paper
3440,OFF-PA-10001371,"Xerox Computer Printout Paper, 8.5 x 11",Office Supplies,Paper
3441,OFF-PA-10001323,"Eaton Note Cards, 8.5 x 11",Office Supplies,Paper
3442,OFF-PA-10003884,"Eaton Message Books, Multicolor",Office Supplies,Paper
3443,OFF-PA-10000816,"Enermax Memo Slips, Recycled",Office Supplies,Paper
3444,OFF-GRE-10003943,"Green Bar Message Books, Multicolor",Office Supplies,Paper
3445,OFF-PA-10004421,"Enermax Memo Slips, Multicolor",Office Supplies,Paper
3446,OFF-GRE-10000492,"Green Bar Memo Slips, Recycled",Office Supplies,Paper
3447,OFF-PA-10004016,"SanDisk Memo Slips, Recycled",Office Supplies,Paper
3448,OFF-PA-10003475,"Enermax Note Cards, Premium",Office Supplies,Paper
3449,OFF-EAT-10000652,"Eaton Computer Printout Paper, 8.5 x 11",Office Supplies,Paper
3450,OFF-PA-10003907,"Eaton Message Books, Premium",Office Supplies,Paper
3451,OFF-PA-10000098,"Xerox Parchment Paper, 8.5 x 11",Office Supplies,Paper
3452,OFF-ENE-10004132,"Enermax Computer Printout Paper, 8.5 x 11",Office Supplies,Paper
3453,OFF-PA-10004746,"SanDisk Memo Slips, 8.5 x 11",Office Supplies,Paper
3454,OFF-PA-10003982,"SanDisk Message Books, Premium",Office Supplies,Paper
3455,OFF-PA-10000034,"Xerox Cards & Envelopes, Multicolor",Office Supplies,Paper
3456,OFF-PA-10004115,"Green Bar Computer Printout Paper, 8.5 x 11",Office Supplies,Paper
3457,OFF-PA-10001470,"Green Bar Message Books, 8.5 x 11",Office Supplies,Paper
3458,OFF-PA-10004480,"Eaton Cards & Envelopes, Recycled",Office Supplies,Paper
3459,OFF-SAN-10001094,"SanDisk Memo Slips, 8.5 x 11",Office Supplies,Paper
3460,OFF-PA-10004185,"SanDisk Message Books, Recycled",Office Supplies,Paper
3461,OFF-PA-10004260,"Xerox Memo Slips, Recycled",Office Supplies,Paper
3462,OFF-PA-10004943,"Enermax Memo Slips, 8.5 x 11",Office Supplies,Paper
3463,OFF-XER-10002906,"Xerox Memo Slips, Premium",Office Supplies,Paper
3464,OFF-PA-10002618,"Eaton Memo Slips, Multicolor",Office Supplies,Paper
3465,OFF-PA-10002842,"Eaton Parchment Paper, Recycled",Office Supplies,Paper
3466,OFF-PA-10002043,"SanDisk Cards & Envelopes, 8.5 x 11",Office Supplies,Paper
3467,OFF-PA-10004034,"Green Bar Parchment Paper, 8.5 x 11",Office Supplies,Paper
3468,OFF-PA-10000878,"SanDisk Note Cards, Multicolor",Office Supplies,Paper
3469,OFF-PA-10001497,"Xerox Note Cards, 8.5 x 11",Office Supplies,Paper
3470,OFF-PA-10002927,"Enermax Computer Printout Paper, 8.5 x 11",Office Supplies,Paper
3471,OFF-PA-10001576,"Eaton Memo Slips, Multicolor",Office Supplies,Paper
3472,OFF-PA-10001294,"Enermax Cards & Envelopes, Multicolor",Office Supplies,Paper
3473,OFF-SAN-10001546,"SanDisk Computer Printout Paper, Recycled",Office Supplies,Paper
3474,OFF-PA-10000382,"SanDisk Computer Printout Paper, Multicolor",Office Supplies,Paper
3475,OFF-PA-10001708,"Green Bar Note Cards, Premium",Office Supplies,Paper
3476,OFF-EAT-10002122,"Eaton Cards & Envelopes, Premium",Office Supplies,Paper
3477,OFF-PA-10002818,"Enermax Parchment Paper, Premium",Office Supplies,Paper
3478,OFF-PA-10000540,"Enermax Note Cards, Multicolor",Office Supplies,Paper
3479,OFF-PA-10000677,"Green Bar Memo Slips, Premium",Office Supplies,Paper
3480,OFF-PA-10000924,"Green Bar Message Books, Multicolor",Office Supplies,Paper
3481,OFF-PA-10002418,"Green Bar Message Books, Multicolor",Office Supplies,Paper
3482,OFF-PA-10002616,"Green Bar Parchment Paper, Multicolor",Office Supplies,Paper
3483,OFF-ENE-10002104,"Enermax Note Cards, Premium",Office Supplies,Paper
3484,OFF-PA-10004756,"SanDisk Cards & Envelopes, Multicolor",Office Supplies,Paper
3485,OFF-PA-10000522,"Green Bar Message Books, Multicolor",Office Supplies,Paper
3486,OFF-PA-10000362,"Xerox Parchment Paper, Premium",Office Supplies,Paper
3487,OFF-PA-10002941,"Green Bar Computer Printout Paper, Premium",Office Supplies,Paper
3488,OFF-PA-10003381,"Eaton Cards & Envelopes, Multicolor",Office Supplies,Paper
3489,OFF-PA-10000591,"Green Bar Cards & Envelopes, Multicolor",Office Supplies,Paper
3490,OFF-PA-10001858,"SanDisk Message Books, Multicolor",Office Supplies,Paper
3491,OFF-SU-10003072,"Elite Trimmer, Serrated",Office Supplies,Supplies
3492,OFF-SU-10003719,"Stiletto Scissors, Steel",Office Supplies,Supplies
3493,OFF-SU-10000484,"Kleencut Ruler, High Speed",Office Supplies,Supplies
3494,OFF-SU-10002742,"Stiletto Trimmer, Serrated",Office Supplies,Supplies
3495,OFF-SU-10004791,"Fiskars Letter Opener, Easy Grip",Office Supplies,Supplies
3496,OFF-SU-10001407,"Fiskars Trimmer, Easy Grip",Office Supplies,Supplies
3497,OFF-STI-10000144,"Stiletto Box Cutter, Steel",Office Supplies,Supplies
3498,OFF-SU-10001894,"Elite Scissors, Steel",Office Supplies,Supplies
3499,OFF-SU-10004762,"Fiskars Ruler, Steel",Office Supplies,Supplies
3500,OFF-SU-10001909,"Fiskars Scissors, Steel",Office Supplies,Supplies
3501,OFF-SU-10003739,"Elite Box Cutter, Steel",Office Supplies,Supplies
3502,OFF-SU-10003892,"Acme Box Cutter, High Speed",Office Supplies,Supplies
3503,OFF-FIS-10000670,"Fiskars Scissors, Steel",Office Supplies,Supplies
3504,OFF-SU-10002785,"Fiskars Trimmer, Serrated",Office Supplies,Supplies
3505,OFF-SU-10004662,"Elite Scissors, Serrated",Office Supplies,Supplies
3506,OFF-SU-10003118,"Acme Shears, Easy Grip",Office Supplies,Supplies
3507,OFF-FIS-10004155,"Fiskars Letter Opener, Steel",Office Supplies,Supplies
3508,OFF-SU-10004691,"Fiskars Scissors, Serrated",Office Supplies,Supplies
3509,OFF-SU-10001690,"Kleencut Box Cutter, Steel",Office Supplies,Supplies
3510,OFF-SU-10001983,"Stiletto Box Cutter, Steel",Office Supplies,Supplies
3511,OFF-SU-10004873,"Fiskars Box Cutter, Easy Grip",Office Supplies,Supplies
3512,OFF-SU-10002215,"Elite Ruler, High Speed",Office Supplies,Supplies
3513,OFF-SU-10002911,"Acme Scissors, Serrated",Office Supplies,Supplies
3514,OFF-SU-10004658,"Stiletto Letter Opener, Easy Grip",Office Supplies,Supplies
3515,OFF-SU-10000213,"Kleencut Shears, Easy Grip",Office Supplies,Supplies
3516,OFF-KLE-10004673,"Kleencut Box Cutter, Serrated",Office Supplies,Supplies
3517,OFF-SU-10000216,"Stiletto Ruler, Steel",Office Supplies,Supplies
3518,OFF-SU-10002423,"Acme Shears, Steel",Office Supplies,Supplies
3519,OFF-SU-10003085,"Stiletto Ruler, Easy Grip",Office Supplies,Supplies
3520,OFF-SU-10001406,"Fiskars Box Cutter, High Speed",Office Supplies,Supplies
3521,OFF-SU-10003991,"Fiskars Shears, Steel",Office Supplies,Supplies
3522,OFF-SU-10003040,"Stiletto Box Cutter, Serrated",Office Supplies,Supplies
3523,OFF-SU-10004650,"Acme Scissors, High Speed",Office Supplies,Supplies
3524,OFF-SU-10002466,"Elite Shears, Easy Grip",Office Supplies,Supplies
3525,OFF-ACM-10004895,"Acme Scissors, Easy Grip",Office Supplies,Supplies
3526,OFF-KLE-10002292,"Kleencut Scissors, Steel",Office Supplies,Supplies
3527,OFF-SU-10004177,"Fiskars Box Cutter, Easy Grip",Office Supplies,Supplies
3528,OFF-STI-10000388,"Stiletto Scissors, Serrated",Office Supplies,Supplies
3529,OFF-SU-10004306,"Kleencut Trimmer, Steel",Office Supplies,Supplies
3530,OFF-SU-10000171,"Stiletto Shears, Easy Grip",Office Supplies,Supplies
3531,OFF-KLE-10000552,"Kleencut Shears, Steel",Office Supplies,Supplies
3532,OFF-SU-10002961,"Kleencut Ruler, Serrated",Office Supplies,Supplies
3533,OFF-SU-10002027,"Stiletto Letter Opener, High Speed",Office Supplies,Supplies
3534,OFF-SU-10001132,"Fiskars Trimmer, Serrated",Office Supplies,Supplies
3535,OFF-SU-10002709,"Fiskars Letter Opener, Easy Grip",Office Supplies,Supplies
3536,OFF-SU-10000343,"Stiletto Trimmer, Serrated",Office Supplies,Supplies
3537,OFF-SU-10001808,"Elite Shears, High Speed",Office Supplies,Supplies
3538,OFF-SU-10002611,"Fiskars Ruler, Serrated",Office Supplies,Supplies
3539,OFF-SU-10004198,"Kleencut Scissors, Easy Grip",Office Supplies,Supplies
3540,OFF-SU-10001709,"Kleencut Scissors, High Speed",Office Supplies,Supplies
3541,OFF-ACM-10003591,"Acme Trimmer, Steel",Office Supplies,Supplies
3542,OFF-SU-10002169,"Fiskars Letter Opener, High Speed",Office Supplies,Supplies
3543,OFF-SU-10004766,"Kleencut Shears, Easy Grip",Office Supplies,Supplies
3544,OFF-SU-10004888,"Stiletto Shears, Steel",Office Supplies,Supplies
3545,OFF-SU-10003951,"Elite Shears, Easy Grip",Office Supplies,Supplies
3546,OFF-SU-10002831,"Acme Scissors, High Speed",Office Supplies,Supplies
3547,OFF-PA-10001662,"Green Bar Note Cards, Premium",Office Supplies,Paper
3548,OFF-PA-10001733,"Xerox Memo Slips, Recycled",Office Supplies,Paper
3549,OFF-PA-10000048,"Xerox Memo Slips, Multicolor",Office Supplies,Paper
3550,OFF-PA-10000960,"Xerox Parchment Paper, 8.5 x 11",Office Supplies,Paper
3551,OFF-GRE-10002561,"Green Bar Message Books, Premium",Office Supplies,Paper
3552,OFF-PA-10003511,"Green Bar Memo Slips, 8.5 x 11",Office Supplies,Paper
3553,OFF-PA-10004286,"Enermax Cards & Envelopes, Recycled",Office Supplies,Paper
3554,OFF-PA-10002382,"Eaton Note Cards, Premium",Office Supplies,Paper
3555,OFF-PA-10003937,"Green Bar Memo Slips, Recycled",Office Supplies,Paper
3556,OFF-PA-10002971,"Eaton Memo Slips, Recycled",Office Supplies,Paper
3557,OFF-PA-10002539,"SanDisk Cards & Envelopes, Multicolor",Office Supplies,Paper
3558,OFF-GRE-10001521,"Green Bar Message Books, Recycled",Office Supplies,Paper
3559,OFF-PA-10003838,"Eaton Note Cards, Premium",Office Supplies,Paper
3560,OFF-SAN-10003152,"SanDisk Memo Slips, Multicolor",Office Supplies,Paper
3561,OFF-PA-10004151,"SanDisk Note Cards, Multicolor",Office Supplies,Paper
3562,OFF-PA-10004815,"Xerox Note Cards, Premium",Office Supplies,Paper
3563,OFF-PA-10002771,"Xerox Computer Printout Paper, Premium",Office Supplies,Paper
3564,OFF-PA-10001178,"Enermax Note Cards, 8.5 x 11",Office Supplies,Paper
3565,OFF-XER-10004042,"Xerox Parchment Paper, Premium",Office Supplies,Paper
3566,OFF-PA-10004573,"Enermax Memo Slips, Premium",Office Supplies,Paper
3567,OFF-PA-10004187,"Xerox Message Books, Multicolor",Office Supplies,Paper
3568,OFF-PA-10004335,"Green Bar Computer Printout Paper, Recycled",Office Supplies,Paper
3569,OFF-PA-10001327,"SanDisk Cards & Envelopes, Recycled",Office Supplies,Paper
3570,OFF-PA-10000344,"SanDisk Memo Slips, 8.5 x 11",Office Supplies,Paper
3571,OFF-PA-10002477,"Enermax Message Books, Multicolor",Office Supplies,Paper
3572,OFF-PA-10000273,"SanDisk Cards & Envelopes, Premium",Office Supplies,Paper
3573,OFF-EAT-10003405,"Eaton Parchment Paper, Multicolor",Office Supplies,Paper
3574,OFF-PA-10003731,"Enermax Note Cards, Premium",Office Supplies,Paper
3575,OFF-PA-10004241,"SanDisk Memo Slips, Premium",Office Supplies,Paper
3576,OFF-PA-10003994,"Eaton Note Cards, Premium",Office Supplies,Paper
3577,OFF-PA-10003037,"Eaton Memo Slips, Multicolor",Office Supplies,Paper
3578,OFF-PA-10003943,"Green Bar Computer Printout Paper, Multicolor",Office Supplies,Paper
3579,OFF-SAN-10000335,"SanDisk Parchment Paper, Premium",Office Supplies,Paper
3580,OFF-PA-10004761,"Green Bar Memo Slips, Premium",Office Supplies,Paper
3581,OFF-PA-10002767,"Enermax Message Books, Premium",Office Supplies,Paper
3582,OFF-PA-10001212,"Xerox Message Books, Recycled",Office Supplies,Paper
3583,OFF-GRE-10003334,"Green Bar Parchment Paper, 8.5 x 11",Office Supplies,Paper
3584,OFF-SAN-10004426,"SanDisk Note Cards, Premium",Office Supplies,Paper
3585,OFF-PA-10000127,"SanDisk Parchment Paper, Multicolor",Office Supplies,Paper
3586,OFF-PA-10000562,"Enermax Cards & Envelopes, 8.5 x 11",Office Supplies,Paper
3587,OFF-XER-10002256,"Xerox Note Cards, Recycled",Office Supplies,Paper
3588,OFF-GRE-10004054,"Green Bar Memo Slips, Multicolor",Office Supplies,Paper
3589,OFF-PA-10001578,"Eaton Computer Printout Paper, Multicolor",Office Supplies,Paper
3590,OFF-PA-10003664,"Enermax Computer Printout Paper, Premium",Office Supplies,Paper
3591,OFF-PA-10001736,"SanDisk Note Cards, 8.5 x 11",Office Supplies,Paper
3592,OFF-XER-10000482,"Xerox Note Cards, Multicolor",Office Supplies,Paper
3593,OFF-PA-10002363,"Eaton Message Books, Recycled",Office Supplies,Paper
3594,OFF-FA-10000581,"Stockwell Thumb Tacks, Metal",Office Supplies,Fasteners
3595,OFF-FA-10001953,"Advantus Clamps, Bulk Pack",Office Supplies,Fasteners
3596,OFF-FA-10002101,"OIC Thumb Tacks, 12 Pack",Office Supplies,Fasteners
3597,OFF-FA-10001526,"Stockwell Rubber Bands, 12 Pack",Office Supplies,Fasteners
3598,OFF-FA-10003836,"Stockwell Rubber Bands, 12 Pack",Office Supplies,Fasteners
3599,OFF-FA-10000256,"Advantus Clamps, Bulk Pack",Office Supplies,Fasteners
3600,OFF-ACC-10003806,"Accos Clamps, Metal",Office Supplies,Fasteners
3601,OFF-STO-10003728,"Stockwell Paper Clips, Assorted Sizes",Office Supplies,Fasteners
3602,OFF-FA-10004910,"Advantus Staples, Assorted Sizes",Office Supplies,Fasteners
3603,OFF-FA-10004931,"OIC Clamps, Bulk Pack",Office Supplies,Fasteners
3604,OFF-FA-10003638,"Stockwell Clamps, 12 Pack",Office Supplies,Fasteners
3605,OFF-FA-10004799,"Advantus Thumb Tacks, Bulk Pack",Office Supplies,Fasteners
3606,OFF-FA-10000549,"Advantus Staples, Metal",Office Supplies,Fasteners
3607,OFF-FA-10004156,"Stockwell Push Pins, 12 Pack",Office Supplies,Fasteners
3608,OFF-STO-10000128,"Stockwell Push Pins, Metal",Office Supplies,Fasteners
3609,OFF-ADV-10004030,"Advantus Push Pins, Metal",Office Supplies,Fasteners
3610,OFF-FA-10001401,"OIC Staples, 12 Pack",Office Supplies,Fasteners
3611,OFF-FA-10004410,"Stockwell Staples, Metal",Office Supplies,Fasteners
3612,OFF-FA-10004920,"Accos Rubber Bands, Metal",Office Supplies,Fasteners
3613,OFF-FA-10003213,"Stockwell Paper Clips, Assorted Sizes",Office Supplies,Fasteners
3614,OFF-ACC-10002834,"Accos Thumb Tacks, 12 Pack",Office Supplies,Fasteners
3615,OFF-FA-10003892,"OIC Push Pins, 12 Pack",Office Supplies,Fasteners
3616,OFF-FA-10001563,"Stockwell Staples, Bulk Pack",Office Supplies,Fasteners
3617,OFF-FA-10002636,"Accos Staples, 12 Pack",Office Supplies,Fasteners
3618,OFF-FA-10000571,"Accos Rubber Bands, Assorted Sizes",Office Supplies,Fasteners
3619,OFF-FA-10001711,"Accos Rubber Bands, 12 Pack",Office Supplies,Fasteners
3620,OFF-FA-10002350,"OIC Staples, Assorted Sizes",Office Supplies,Fasteners
3621,OFF-FA-10002066,"OIC Clamps, Bulk Pack",Office Supplies,Fasteners
3622,OFF-ACC-10004782,"Accos Staples, Metal",Office Supplies,Fasteners
3623,OFF-STO-10004779,"Stockwell Push Pins, Bulk Pack",Office Supplies,Fasteners
3624,OFF-FA-10004140,"Accos Push Pins, 12 Pack",Office Supplies,Fasteners
3625,OFF-FA-10001651,"Stockwell Thumb Tacks, Bulk Pack",Office Supplies,Fasteners
3626,OFF-FA-10001309,"Stockwell Thumb Tacks, 12 Pack",Office Supplies,Fasteners
3627,OFF-ADV-10004875,"Advantus Staples, Bulk Pack",Office Supplies,Fasteners
3628,OFF-STO-10000683,"Stockwell Thumb Tacks, Assorted Sizes",Office Supplies,Fasteners
3629,OFF-FA-10003782,"Advantus Paper Clips, Bulk Pack",Office Supplies,Fasteners
3630,OFF-FA-10002264,"Advantus Rubber Bands, Assorted Sizes",Office Supplies,Fasteners
3631,OFF-FA-10001435,"Advantus Rubber Bands, Metal",Office Supplies,Fasteners
3632,OFF-STO-10000007,"Stockwell Staples, Bulk Pack",Office Supplies,Fasteners
3633,OFF-FA-10004474,"Advantus Rubber Bands, Metal",Office Supplies,Fasteners
3634,OFF-FA-10000509,"Advantus Clamps, Bulk Pack",Office Supplies,Fasteners
3635,OFF-OIC-10003879,"OIC Clamps, Bulk Pack",Office Supplies,Fasteners
3636,OFF-FA-10002552,"Advantus Push Pins, Assorted Sizes",Office Supplies,Fasteners
3637,OFF-FA-10004993,"OIC Paper Clips, Metal",Office Supplies,Fasteners
3638,OFF-FA-10001567,"Advantus Paper Clips, Bulk Pack",Office Supplies,Fasteners
3639,OFF-STO-10003605,"Stockwell Paper Clips, Metal",Office Supplies,Fasteners
3640,OFF-FA-10002652,"Stockwell Staples, Bulk Pack",Office Supplies,Fasteners
3641,OFF-FA-10001680,"OIC Push Pins, Metal",Office Supplies,Fasteners
3642,OFF-FA-10001700,"Accos Rubber Bands, Bulk Pack",Office Supplies,Fasteners
3643,OFF-FA-10000522,"Stockwell Thumb Tacks, 12 Pack",Office Supplies,Fasteners
3644,OFF-OIC-10000855,"OIC Thumb Tacks, Metal",Office Supplies,Fasteners
3645,OFF-FA-10004781,"Stockwell Thumb Tacks, Metal",Office Supplies,Fasteners
3646,OFF-ACC-10000375,"Accos Staples, 12 Pack",Office Supplies,Fasteners
3647,OFF-FA-10000099,"Stockwell Paper Clips, Metal",Office Supplies,Fasteners
3648,OFF-FA-10002047,"Stockwell Push Pins, Bulk Pack",Office Supplies,Fasteners
3649,OFF-FA-10004449,"OIC Clamps, Assorted Sizes",Office Supplies,Fasteners
3650,OFF-STO-10003878,"Stockwell Clamps, Assorted Sizes",Office Supplies,Fasteners
3651,OFF-FA-10002481,"OIC Rubber Bands, 12 Pack",Office Supplies,Fasteners
3652,OFF-FA-10003605,"Accos Push Pins, Bulk Pack",Office Supplies,Fasteners
3653,OFF-FA-10001761,"OIC Thumb Tacks, Metal",Office Supplies,Fasteners
3654,OFF-FA-10000974,"Stockwell Paper Clips, Bulk Pack",Office Supplies,Fasteners
3655,OFF-FA-10001272,"OIC Thumb Tacks, Assorted Sizes",Office Supplies,Fasteners
3656,OFF-FA-10004527,"Advantus Thumb Tacks, Bulk Pack",Office Supplies,Fasteners
3657,OFF-FA-10003838,"Stockwell Rubber Bands, Assorted Sizes",Office Supplies,Fasteners
3658,OFF-FA-10002965,"Accos Clamps, Bulk Pack",Office Supplies,Fasteners
3659,OFF-AP-10000647,"Hoover Refrigerator, White",Office Supplies,Appliances
3660,OFF-HAM-10004917,"Hamilton Beach Stove, Red",Office Supplies,Appliances
3661,OFF-AP-10000263,"KitchenAid Microwave, Silver",Office Supplies,Appliances
3662,OFF-AP-10002283,"Hoover Toaster, Silver",Office Supplies,Appliances
3663,OFF-AP-10004183,"Breville Microwave, Red",Office Supplies,Appliances
3664,OFF-HAM-10001712,"Hamilton Beach Blender, Silver",Office Supplies,Appliances
3665,OFF-HOO-10004188,"Hoover Blender, Black",Office Supplies,Appliances
3666,OFF-AP-10000900,"Cuisinart Coffee Grinder, White",Office Supplies,Appliances
3667,OFF-AP-10001565,"Cuisinart Coffee Grinder, Black",Office Supplies,Appliances
3668,OFF-AP-10000621,"KitchenAid Microwave, Silver",Office Supplies,Appliances
3669,OFF-AP-10002312,"KitchenAid Refrigerator, Black",Office Supplies,Appliances
3670,OFF-KIT-10003938,"KitchenAid Toaster, Red",Office Supplies,Appliances
3671,OFF-HAM-10000983,"Hamilton Beach Refrigerator, White",Office Supplies,Appliances
3672,OFF-AP-10002941,"Breville Refrigerator, Silver",Office Supplies,Appliances
3673,OFF-AP-10000382,"Breville Coffee Grinder, White",Office Supplies,Appliances
3674,OFF-CUI-10000203,"Cuisinart Toaster, Black",Office Supplies,Appliances
3675,OFF-AP-10001335,"Hoover Toaster, Black",Office Supplies,Appliances
3676,OFF-HAM-10004122,"Hamilton Beach Microwave, Silver",Office Supplies,Appliances
3677,OFF-HAM-10002455,"Hamilton Beach Toaster, Red",Office Supplies,Appliances
3678,OFF-CUI-10003409,"Cuisinart Refrigerator, Silver",Office Supplies,Appliances
3679,OFF-AP-10000981,"Hoover Coffee Grinder, Red",Office Supplies,Appliances
3680,OFF-AP-10000437,"KitchenAid Refrigerator, Red",Office Supplies,Appliances
3681,OFF-AP-10004511,"Cuisinart Refrigerator, Black",Office Supplies,Appliances
3682,OFF-AP-10002397,"Breville Microwave, White",Office Supplies,Appliances
3683,OFF-KIT-10004058,"KitchenAid Stove, White",Office Supplies,Appliances
3684,OFF-AP-10003500,"KitchenAid Microwave, White",Office Supplies,Appliances
3685,OFF-AP-10002186,"KitchenAid Toaster, Red",Office Supplies,Appliances
3686,OFF-AP-10001797,"Cuisinart Blender, Black",Office Supplies,Appliances
3687,OFF-AP-10000329,"KitchenAid Refrigerator, White",Office Supplies,Appliances
3688,OFF-AP-10002321,"Hoover Microwave, Silver",Office Supplies,Appliances
3689,OFF-AP-10002238,"Hoover Coffee Grinder, Red",Office Supplies,Appliances
3690,OFF-AP-10000391,"Hamilton Beach Coffee Grinder, Black",Office Supplies,Appliances
3691,OFF-BRE-10000493,"Breville Coffee Grinder, Red",Office Supplies,Appliances
3692,OFF-BRE-10001107,"Breville Stove, Red",Office Supplies,Appliances
3693,OFF-AP-10004453,"Hoover Toaster, White",Office Supplies,Appliances
3694,OFF-AP-10001106,"Hamilton Beach Stove, White",Office Supplies,Appliances
3695,OFF-AP-10001567,"Breville Blender, White",Office Supplies,Appliances
3696,OFF-HAM-10003663,"Hamilton Beach Stove, Black",Office Supplies,Appliances
3697,OFF-AP-10001931,"Cuisinart Stove, Red",Office Supplies,Appliances
3698,OFF-AP-10003561,"Breville Microwave, Black",Office Supplies,Appliances
3699,OFF-KIT-10000717,"KitchenAid Toaster, White",Office Supplies,Appliances
3700,OFF-HAM-10000430,"Hamilton Beach Blender, Black",Office Supplies,Appliances
3701,OFF-AP-10001103,"Breville Microwave, Silver",Office Supplies,Appliances
3702,OFF-AP-10003032,"Hoover Stove, Red",Office Supplies,Appliances
3703,OFF-AP-10003287,"KitchenAid Stove, Silver",Office Supplies,Appliances
3704,OFF-AP-10001916,"Breville Blender, Black",Office Supplies,Appliances
3705,OFF-AP-10003497,"KitchenAid Microwave, Red",Office Supplies,Appliances
3706,OFF-AP-10000904,"Cuisinart Coffee Grinder, Silver",Office Supplies,Appliances
3707,OFF-LA-10003297,"Avery Removable Labels, 5000 Label Set",Office Supplies,Labels
3708,OFF-LA-10004181,"Novimex File Folder Labels, Adjustable",Office Supplies,Labels
3709,OFF-NOV-10002258,"Novimex Legal Exhibit Labels, Alphabetical",Office Supplies,Labels
3710,OFF-LA-10002673,"Harbour Creations Round Labels, Laser Printer Compatible",Office Supplies,Labels
3711,OFF-LA-10003627,"Novimex Round Labels, Adjustable",Office Supplies,Labels
3712,OFF-LA-10002876,"Hon Legal Exhibit Labels, Adjustable",Office Supplies,Labels
3713,OFF-LA-10000413,"Hon Legal Exhibit Labels, Alphabetical",Office Supplies,Labels
3714,OFF-LA-10004877,"Hon Legal Exhibit Labels, 5000 Label Set",Office Supplies,Labels
3715,OFF-LA-10000879,"Hon File Folder Labels, Alphabetical",Office Supplies,Labels
3716,OFF-LA-10004487,"Harbour Creations Shipping Labels, Alphabetical",Office Supplies,Labels
3717,OFF-SME-10001852,"Smead Removable Labels, Laser Printer Compatible",Office Supplies,Labels
3718,OFF-LA-10000709,"Avery Color Coded Labels, Alphabetical",Office Supplies,Labels
3719,OFF-LA-10003372,"Smead Round Labels, Alphabetical",Office Supplies,Labels
3720,OFF-LA-10000970,"Harbour Creations Removable Labels, 5000 Label Set",Office Supplies,Labels
3721,OFF-LA-10002821,"Harbour Creations Color Coded Labels, 5000 Label Set",Office Supplies,Labels
3722,OFF-LA-10000765,"Smead Legal Exhibit Labels, 5000 Label Set",Office Supplies,Labels
3723,OFF-LA-10004576,"Harbour Creations File Folder Labels, Laser Printer Compatible",Office Supplies,Labels
3724,OFF-HAR-10001714,"Harbour Creations Legal Exhibit Labels, Adjustable",Office Supplies,Labels
3725,OFF-LA-10001215,"Harbour Creations File Folder Labels, Laser Printer Compatible",Office Supplies,Labels
3726,OFF-LA-10002883,"Avery Removable Labels, Alphabetical",Office Supplies,Labels
3727,OFF-LA-10001778,"Smead Color Coded Labels, 5000 Label Set",Office Supplies,Labels
3728,OFF-LA-10000818,"Hon Round Labels, Alphabetical",Office Supplies,Labels
3729,OFF-LA-10001028,"Hon Removable Labels, Adjustable",Office Supplies,Labels
3730,OFF-LA-10003132,"Smead Round Labels, Laser Printer Compatible",Office Supplies,Labels
3731,OFF-LA-10001833,"Hon Shipping Labels, Alphabetical",Office Supplies,Labels
3732,OFF-LA-10004933,"Harbour Creations Shipping Labels, Adjustable",Office Supplies,Labels
3733,OFF-LA-10003678,"Hon Round Labels, 5000 Label Set",Office Supplies,Labels
3734,OFF-LA-10003967,"Smead Color Coded Labels, Adjustable",Office Supplies,Labels
3735,OFF-LA-10000707,"Avery Removable Labels, Adjustable",Office Supplies,Labels
3736,OFF-LA-10000296,"Hon Color Coded Labels, Adjustable",Office Supplies,Labels
3737,OFF-LA-10004916,"Harbour Creations Shipping Labels, Laser Printer Compatible",Office Supplies,Labels
3738,OFF-LA-10003610,"Avery Removable Labels, 5000 Label Set",Office Supplies,Labels
3739,OFF-SME-10004926,"Smead File Folder Labels, Laser Printer Compatible",Office Supplies,Labels
3740,OFF-LA-10001194,"Novimex Removable Labels, Adjustable",Office Supplies,Labels
3741,OFF-NOV-10004048,"Novimex Legal Exhibit Labels, 5000 Label Set",Office Supplies,Labels
3742,OFF-LA-10003435,"Harbour Creations File Folder Labels, Laser Printer Compatible",Office Supplies,Labels
3743,OFF-GLO-10002982,"GlobeWeis Mailers, Set of 50",Office Supplies,Envelopes
3744,OFF-CAM-10001341,"Cameo Business Envelopes, Recycled",Office Supplies,Envelopes
3745,OFF-EN-10004899,"Jiffy Mailers, Recycled",Office Supplies,Envelopes
3746,OFF-EN-10003360,"Kraft Mailers, with clear poly window",Office Supplies,Envelopes
3747,OFF-AME-10002081,"Ames Peel and Seal, Security-Tint",Office Supplies,Envelopes
3748,OFF-EN-10004649,"Ames Mailers, Recycled",Office Supplies,Envelopes
3749,OFF-EN-10002749,"Kraft Mailers, with clear poly window",Office Supplies,Envelopes
3750,OFF-KRA-10004876,"Kraft Interoffice Envelope, Set of 50",Office Supplies,Envelopes
3751,OFF-EN-10003271,"Ames Peel and Seal, Security-Tint",Office Supplies,Envelopes
3752,OFF-JIF-10000890,"Jiffy Peel and Seal, Security-Tint",Office Supplies,Envelopes
3753,OFF-EN-10002464,"Cameo Peel and Seal, Security-Tint",Office Supplies,Envelopes
3754,OFF-EN-10002816,"Kraft Peel and Seal, Recycled",Office Supplies,Envelopes
3755,OFF-KRA-10002828,"Kraft Peel and Seal, Security-Tint",Office Supplies,Envelopes
3756,OFF-KRA-10000117,"Kraft Mailers, Security-Tint",Office Supplies,Envelopes
3757,OFF-EN-10003977,"Cameo Clasp Envelope, Recycled",Office Supplies,Envelopes
3758,OFF-EN-10002700,"Ames Business Envelopes, Recycled",Office Supplies,Envelopes
3759,OFF-EN-10002961,"Kraft Clasp Envelope, Security-Tint",Office Supplies,Envelopes
3760,OFF-EN-10000507,"GlobeWeis Peel and Seal, Set of 50",Office Supplies,Envelopes
3761,OFF-EN-10004560,"Ames Mailers, Security-Tint",Office Supplies,Envelopes
3762,OFF-EN-10004775,"Kraft Manila Envelope, Set of 50",Office Supplies,Envelopes
3763,OFF-JIF-10000704,"Jiffy Clasp Envelope, Set of 50",Office Supplies,Envelopes
3764,OFF-EN-10001443,"Jiffy Business Envelopes, Recycled",Office Supplies,Envelopes
3765,OFF-EN-10001997,"GlobeWeis Business Envelopes, with clear poly window",Office Supplies,Envelopes
3766,OFF-EN-10004526,"GlobeWeis Mailers, Recycled",Office Supplies,Envelopes
3767,OFF-AME-10000440,"Ames Interoffice Envelope, with clear poly window",Office Supplies,Envelopes
3768,OFF-EN-10004580,"Cameo Interoffice Envelope, with clear poly window",Office Supplies,Envelopes
3769,OFF-GLO-10004123,"GlobeWeis Business Envelopes, Security-Tint",Office Supplies,Envelopes
3770,OFF-EN-10003352,"Kraft Manila Envelope, with clear poly window",Office Supplies,Envelopes
3771,OFF-JIF-10002836,"Jiffy Interoffice Envelope, Set of 50",Office Supplies,Envelopes
3772,OFF-EN-10002313,"GlobeWeis Mailers, Recycled",Office Supplies,Envelopes
3773,OFF-JIF-10000375,"Jiffy Mailers, Set of 50",Office Supplies,Envelopes
3774,OFF-EN-10002752,"Jiffy Peel and Seal, Set of 50",Office Supplies,Envelopes
3775,OFF-GLO-10001233,"GlobeWeis Clasp Envelope, Set of 50",Office Supplies,Envelopes
3776,OFF-AME-10000360,"Ames Interoffice Envelope, Security-Tint",Office Supplies,Envelopes
3777,OFF-GLO-10001567,"GlobeWeis Clasp Envelope, with clear poly window",Office Supplies,Envelopes
3778,OFF-EN-10003785,"GlobeWeis Mailers, Set of 50",Office Supplies,Envelopes
3779,OFF-EN-10004296,"GlobeWeis Mailers, Security-Tint",Office Supplies,Envelopes
3780,OFF-JIF-10000165,"Jiffy Business Envelopes, Recycled",Office Supplies,Envelopes
3781,OFF-EN-10004820,"Cameo Manila Envelope, Security-Tint",Office Supplies,Envelopes
3782,OFF-EN-10000051,"GlobeWeis Manila Envelope, with clear poly window",Office Supplies,Envelopes
3783,OFF-EN-10004941,"GlobeWeis Manila Envelope, Recycled",Office Supplies,Envelopes
3784,OFF-EN-10001202,"Kraft Clasp Envelope, with clear poly window",Office Supplies,Envelopes
3785,OFF-KRA-10002441,"Kraft Business Envelopes, Recycled",Office Supplies,Envelopes
3786,OFF-EN-10000947,"GlobeWeis Mailers, Security-Tint",Office Supplies,Envelopes
3787,OFF-EN-10000139,"Kraft Interoffice Envelope, Set of 50",Office Supplies,Envelopes
3788,OFF-EN-10004903,"Cameo Manila Envelope, with clear poly window",Office Supplies,Envelopes
3789,OFF-EN-10000476,"Kraft Clasp Envelope, Recycled",Office Supplies,Envelopes
3790,OFF-EN-10001976,"Jiffy Interoffice Envelope, Security-Tint",Office Supplies,Envelopes
3791,OFF-EN-10002924,"GlobeWeis Interoffice Envelope, Security-Tint",Office Supplies,Envelopes
3792,OFF-CAM-10001141,"Cameo Manila Envelope, Security-Tint",Office Supplies,Envelopes
3793,OFF-AME-10003167,"Ames Clasp Envelope, Recycled",Office Supplies,Envelopes
3794,OFF-EN-10003435,"GlobeWeis Business Envelopes, with clear poly window",Office Supplies,Envelopes
3795,OFF-EN-10001771,"Kraft Mailers, Set of 50",Office Supplies,Envelopes
3796,OFF-EN-10000623,"Ames Manila Envelope, with clear poly window",Office Supplies,Envelopes
3797,OFF-CAM-10000726,"Cameo Interoffice Envelope, Security-Tint",Office Supplies,Envelopes
3798,OFF-GLO-10004610,"GlobeWeis Peel and Seal, with clear poly window",Office Supplies,Envelopes
3799,OFF-ST-10002471,"Smead Lockers, Single Width",Office Supplies,Storage
3800,OFF-ST-10003741,"Smead Lockers, Blue",Office Supplies,Storage
3801,OFF-ST-10004871,"Rogers Trays, Blue",Office Supplies,Storage
3802,OFF-ST-10000645,"Tenex File Cart, Industrial",Office Supplies,Storage
3803,OFF-ST-10000886,"Smead Lockers, Wire Frame",Office Supplies,Storage
3804,OFF-ST-10004549,"Smead File Cart, Blue",Office Supplies,Storage
3805,OFF-ST-10004116,"Fellowes Shelving, Blue",Office Supplies,Storage
3806,OFF-ELD-10001694,"Eldon File Cart, Single Width",Office Supplies,Storage
3807,OFF-ST-10001648,"Tenex Shelving, Blue",Office Supplies,Storage
3808,OFF-ST-10002362,"Eldon Shelving, Single Width",Office Supplies,Storage
3809,OFF-ST-10004597,"Eldon File Cart, Industrial",Office Supplies,Storage
3810,OFF-ST-10002546,"Eldon Folders, Single Width",Office Supplies,Storage
3811,OFF-ST-10003411,"Eldon Trays, Wire Frame",Office Supplies,Storage
3812,OFF-ST-10000107,"Eldon File Cart, Industrial",Office Supplies,Storage
3813,OFF-ST-10001227,"Eldon Folders, Wire Frame",Office Supplies,Storage
3814,OFF-ST-10004191,"Tenex Lockers, Blue",Office Supplies,Storage
3815,OFF-ST-10004236,"Eldon Folders, Blue",Office Supplies,Storage
3816,OFF-ST-10003995,"Eldon File Cart, Single Width",Office Supplies,Storage
3817,OFF-ST-10000442,"Rogers Box, Wire Frame",Office Supplies,Storage
3818,OFF-ST-10004976,"Rogers Lockers, Blue",Office Supplies,Storage
3819,OFF-ST-10003718,"Fellowes Shelving, Single Width",Office Supplies,Storage
3820,OFF-ST-10004668,"Smead Trays, Industrial",Office Supplies,Storage
3821,OFF-ST-10000710,"Smead Shelving, Blue",Office Supplies,Storage
3822,OFF-ST-10000327,"Smead Folders, Wire Frame",Office Supplies,Storage
3823,OFF-ST-10000078,"Eldon Trays, Single Width",Office Supplies,Storage
3824,OFF-ST-10001567,"Smead File Cart, Single Width",Office Supplies,Storage
3825,OFF-ST-10001999,"Tenex Folders, Wire Frame",Office Supplies,Storage
3826,OFF-ST-10000505,"Fellowes File Cart, Blue",Office Supplies,Storage
3827,OFF-ST-10001562,"Fellowes Box, Industrial",Office Supplies,Storage
3828,OFF-ELD-10000845,"Eldon Lockers, Wire Frame",Office Supplies,Storage
3829,OFF-ST-10000085,"Rogers File Cart, Single Width",Office Supplies,Storage
3830,OFF-ST-10004050,"Fellowes Folders, Blue",Office Supplies,Storage
3831,OFF-ST-10003953,"Smead File Cart, Industrial",Office Supplies,Storage
3832,OFF-ST-10002670,"Smead Folders, Industrial",Office Supplies,Storage
3833,OFF-ROG-10001735,"Rogers Lockers, Blue",Office Supplies,Storage
3834,OFF-ST-10000952,"Smead File Cart, Blue",Office Supplies,Storage
3835,OFF-ST-10003141,"Fellowes Trays, Industrial",Office Supplies,Storage
3836,OFF-ST-10000220,"Rogers Shelving, Industrial",Office Supplies,Storage
3837,OFF-ST-10004631,"Rogers Trays, Industrial",Office Supplies,Storage
3838,OFF-ST-10000306,"Rogers Trays, Single Width",Office Supplies,Storage
3839,OFF-ST-10000439,"Rogers Lockers, Single Width",Office Supplies,Storage
3840,OFF-ST-10003641,"Fellowes Trays, Wire Frame",Office Supplies,Storage
3841,OFF-ROG-10003993,"Rogers File Cart, Single Width",Office Supplies,Storage
3842,OFF-ST-10002340,"Fellowes Shelving, Industrial",Office Supplies,Storage
3843,OFF-ST-10003858,"Fellowes File Cart, Single Width",Office Supplies,Storage
3844,OFF-ST-10004412,"Smead Shelving, Wire Frame",Office Supplies,Storage
3845,OFF-ST-10004646,"Fellowes Lockers, Blue",Office Supplies,Storage
3846,OFF-ST-10001460,"Smead Trays, Industrial",Office Supplies,Storage
3847,OFF-ST-10004841,"Eldon Box, Blue",Office Supplies,Storage
3848,OFF-FEL-10004117,"Fellowes Trays, Blue",Office Supplies,Storage
3849,OFF-ST-10003445,"Rogers Folders, Industrial",Office Supplies,Storage
3850,OFF-ST-10001597,"Tenex Box, Single Width",Office Supplies,Storage
3851,OFF-ST-10003266,"Tenex Lockers, Industrial",Office Supplies,Storage
3852,OFF-ST-10000836,"Tenex Trays, Blue",Office Supplies,Storage
3853,OFF-ST-10001173,"Eldon Folders, Industrial",Office Supplies,Storage
3854,OFF-ST-10002423,"Smead Shelving, Single Width",Office Supplies,Storage
3855,OFF-ST-10001374,"Rogers Trays, Wire Frame",Office Supplies,Storage
3856,OFF-FEL-10003848,"Fellowes Trays, Industrial",Office Supplies,Storage
3857,OFF-ST-10002510,"Tenex Lockers, Wire Frame",Office Supplies,Storage
3858,OFF-ST-10000988,"Fellowes Folders, Blue",Office Supplies,Storage
3859,OFF-ST-10001753,"Eldon Shelving, Industrial",Office Supplies,Storage
3860,OFF-ST-10002539,"Fellowes Shelving, Single Width",Office Supplies,Storage
3861,OFF-TEN-10001585,"Tenex Box, Single Width",Office Supplies,Storage
3862,OFF-ST-10003243,"Fellowes Folders, Blue",Office Supplies,Storage
3863,OFF-ST-10002598,"Tenex Shelving, Industrial",Office Supplies,Storage
3864,OFF-ST-10004983,"Smead Shelving, Wire Frame",Office Supplies,Storage
3865,OFF-ST-10004350,"Rogers Shelving, Blue",Office Supplies,Storage
3866,OFF-SME-10004370,"Smead File Cart, Blue",Office Supplies,Storage
3867,OFF-ST-10002240,"Fellowes Shelving, Blue",Office Supplies,Storage
3868,OFF-ST-10004374,"Smead File Cart, Single Width",Office Supplies,Storage
3869,OFF-ST-10003409,"Tenex File Cart, Single Width",Office Supplies,Storage
3870,OFF-ST-10003206,"Eldon Shelving, Blue",Office Supplies,Storage
3871,OFF-ST-10000622,"Rogers File Cart, Single Width",Office Supplies,Storage
3872,OFF-ROG-10002682,"Rogers Box, Industrial",Office Supplies,Storage
3873,OFF-ST-10002902,"Fellowes Lockers, Wire Frame",Office Supplies,Storage
3874,OFF-ROG-10000191,"Rogers Lockers, Wire Frame",Office Supplies,Storage
3875,OFF-ST-10000351,"Smead Shelving, Wire Frame",Office Supplies,Storage
3876,OFF-ST-10003907,"Rogers Shelving, Wire Frame",Office Supplies,Storage
3877,OFF-ST-10000546,"Tenex Lockers, Wire Frame",Office Supplies,Storage
3878,OFF-ROG-10001372,"Rogers Trays, Blue",Office Supplies,Storage
3879,OFF-FEL-10001776,"Fellowes File Cart, Single Width",Office Supplies,Storage
3880,OFF-ST-10002499,"Fellowes Shelving, Single Width",Office Supplies,Storage
3881,OFF-ST-10001554,"Eldon Folders, Industrial",Office Supplies,Storage
3882,OFF-ST-10001025,"Tenex Trays, Single Width",Office Supplies,Storage
3883,OFF-ST-10004382,"Smead Folders, Blue",Office Supplies,Storage
3884,OFF-ST-10002759,"Eldon Shelving, Industrial",Office Supplies,Storage
3885,OFF-ST-10002159,"Fellowes Lockers, Wire Frame",Office Supplies,Storage
3886,OFF-ST-10002463,"Eldon Trays, Single Width",Office Supplies,Storage
3887,OFF-ELD-10000967,"Eldon Folders, Industrial",Office Supplies,Storage
3888,OFF-ST-10002574,"Smead Shelving, Blue",Office Supplies,Storage
3889,OFF-ST-10003184,"Eldon Trays, Wire Frame",Office Supplies,Storage
3890,OFF-ST-10001974,"Rogers File Cart, Industrial",Office Supplies,Storage
3891,OFF-ST-10001357,"Eldon Lockers, Single Width",Office Supplies,Storage
3892,OFF-TEN-10000433,"Tenex Lockers, Wire Frame",Office Supplies,Storage
3893,OFF-ST-10002900,"Smead Lockers, Wire Frame",Office Supplies,Storage
3894,OFF-ST-10002650,"Fellowes Lockers, Wire Frame",Office Supplies,Storage
3895,OFF-ST-10004060,"Eldon Lockers, Single Width",Office Supplies,Storage
3896,OFF-ST-10000299,"Tenex Trays, Single Width",Office Supplies,Storage
3897,OFF-ELD-10003181,"Eldon Box, Industrial",Office Supplies,Storage
3898,OFF-ST-10001941,"Rogers Lockers, Wire Frame",Office Supplies,Storage
3899,OFF-ST-10000268,"Smead Box, Blue",Office Supplies,Storage
3900,OFF-ST-10004739,"Rogers Folders, Industrial",Office Supplies,Storage
3901,OFF-ST-10001890,"Eldon Trays, Industrial",Office Supplies,Storage
3902,OFF-ST-10002763,"Fellowes Lockers, Wire Frame",Office Supplies,Storage
3903,OFF-ST-10003997,"Fellowes File Cart, Industrial",Office Supplies,Storage
3904,OFF-ST-10004532,"Tenex File Cart, Single Width",Office Supplies,Storage
3905,OFF-ST-10001818,"Smead Trays, Blue",Office Supplies,Storage
3906,OFF-TEN-10003211,"Tenex Box, Wire Frame",Office Supplies,Storage
3907,OFF-ST-10003305,"Rogers Box, Blue",Office Supplies,Storage
3908,OFF-FEL-10002658,"Fellowes Shelving, Wire Frame",Office Supplies,Storage
3909,OFF-ST-10002028,"Fellowes File Cart, Single Width",Office Supplies,Storage
3910,OFF-SME-10000520,"Smead Shelving, Wire Frame",Office Supplies,Storage
3911,OFF-ST-10002176,"Smead File Cart, Single Width",Office Supplies,Storage
3912,OFF-ELD-10001882,"Eldon Box, Blue",Office Supplies,Storage
3913,OFF-ST-10001172,"Fellowes Trays, Wire Frame",Office Supplies,Storage
3914,OFF-SME-10001761,"Smead Shelving, Industrial",Office Supplies,Storage
3915,OFF-ROG-10002279,"Rogers Box, Blue",Office Supplies,Storage
3916,OFF-SME-10003134,"Smead Box, Single Width",Office Supplies,Storage
3917,OFF-ST-10003153,"Tenex File Cart, Single Width",Office Supplies,Storage
3918,OFF-ST-10000496,"Tenex Folders, Wire Frame",Office Supplies,Storage
3919,OFF-TEN-10003089,"Tenex File Cart, Blue",Office Supplies,Storage
3920,OFF-ST-10002371,"Rogers File Cart, Industrial",Office Supplies,Storage
3921,OFF-ST-10002608,"Eldon Box, Industrial",Office Supplies,Storage
3922,OFF-ST-10001173,"Eldon Trays, Industrial",Office Supplies,Storage
3923,OFF-SME-10000973,"Smead Folders, Industrial",Office Supplies,Storage
3924,OFF-SME-10003530,"Smead Lockers, Wire Frame",Office Supplies,Storage
3925,OFF-SME-10000880,"Smead Box, Blue",Office Supplies,Storage
3926,OFF-ROG-10002866,"Rogers Folders, Blue",Office Supplies,Storage
3927,OFF-ST-10002175,"Fellowes Lockers, Single Width",Office Supplies,Storage
3928,OFF-TEN-10002817,"Tenex Folders, Blue",Office Supplies,Storage
3929,OFF-ST-10001576,"Tenex Folders, Blue",Office Supplies,Storage
3930,OFF-FEL-10001261,"Fellowes File Cart, Blue",Office Supplies,Storage
3931,OFF-ST-10001372,"Eldon Box, Blue",Office Supplies,Storage
3932,OFF-SME-10001149,"Smead Folders, Single Width",Office Supplies,Storage
3933,OFF-BIN-10000772,"Binney & Smith Pencil Sharpener, Water Color",Office Supplies,Art
3934,OFF-AR-10002897,"BIC Markers, Water Color",Office Supplies,Art
3935,OFF-AR-10004153,"Binney & Smith Highlighters, Easy-Erase",Office Supplies,Art
3936,OFF-AR-10004077,"Binney & Smith Pencil Sharpener, Water Color",Office Supplies,Art
3937,OFF-SAN-10001862,"Sanford Highlighters, Easy-Erase",Office Supplies,Art
3938,OFF-AR-10001602,"Sanford Canvas, Water Color",Office Supplies,Art
3939,OFF-AR-10000468,"BIC Pens, Blue",Office Supplies,Art
3940,OFF-BOS-10001772,"Boston Markers, Easy-Erase",Office Supplies,Art
3941,OFF-BIC-10003473,"BIC Markers, Fluorescent",Office Supplies,Art
3942,OFF-BOS-10002041,"Boston Highlighters, Water Color",Office Supplies,Art
3943,OFF-BOS-10001386,"Boston Sketch Pad, Water Color",Office Supplies,Art
3944,OFF-BIC-10003575,"BIC Markers, Easy-Erase",Office Supplies,Art
3945,OFF-AR-10002440,"Stanley Highlighters, Fluorescent",Office Supplies,Art
3946,OFF-AR-10003680,"BIC Markers, Water Color",Office Supplies,Art
3947,OFF-STA-10001636,"Stanley Markers, Water Color",Office Supplies,Art
3948,OFF-AR-10002346,"Binney & Smith Pencil Sharpener, Fluorescent",Office Supplies,Art
3949,OFF-AR-10002650,"Sanford Markers, Easy-Erase",Office Supplies,Art
3950,OFF-BIC-10004826,"BIC Canvas, Easy-Erase",Office Supplies,Art
3951,OFF-BIC-10001211,"BIC Highlighters, Water Color",Office Supplies,Art
3952,OFF-STA-10001968,"Stanley Canvas, Water Color",Office Supplies,Art
3953,OFF-BIC-10001458,"BIC Highlighters, Fluorescent",Office Supplies,Art
3954,OFF-SAN-10001345,"Sanford Canvas, Water Color",Office Supplies,Art
3955,OFF-BIC-10001510,"BIC Pencil Sharpener, Easy-Erase",Office Supplies,Art
3956,OFF-AR-10002389,"Binney & Smith Pens, Fluorescent",Office Supplies,Art
3957,OFF-BOS-10001576,"Boston Pencil Sharpener, Fluorescent",Office Supplies,Art
3958,OFF-AR-10003369,"Stanley Canvas, Blue",Office Supplies,Art
3959,OFF-AR-10003794,"Boston Pencil Sharpener, Water Color",Office Supplies,Art
3960,OFF-AR-10003077,"Boston Markers, Fluorescent",Office Supplies,Art
3961,OFF-AR-10002115,"Boston Canvas, Fluorescent",Office Supplies,Art
3962,OFF-AR-10001708,"Boston Sketch Pad, Blue",Office Supplies,Art
3963,OFF-AR-10001030,"Sanford Markers, Easy-Erase",Office Supplies,Art
3964,OFF-AR-10002800,"Binney & Smith Pencil Sharpener, Water Color",Office Supplies,Art
3965,OFF-AR-10003914,"Stanley Canvas, Easy-Erase",Office Supplies,Art
3966,OFF-AR-10001991,"Stanley Markers, Easy-Erase",Office Supplies,Art
3967,OFF-AR-10001570,"Sanford Canvas, Water Color",Office Supplies,Art
3968,OFF-AR-10004651,"Boston Pens, Fluorescent",Office Supplies,Art
3969,OFF-AR-10000851,"Sanford Sketch Pad, Blue",Office Supplies,Art
3970,OFF-AR-10004900,"Boston Canvas, Easy-Erase",Office Supplies,Art
3971,OFF-AR-10004148,"Sanford Pens, Easy-Erase",Office Supplies,Art
3972,OFF-AR-10004173,"Stanley Pens, Easy-Erase",Office Supplies,Art
3973,OFF-AR-10001773,"Sanford Markers, Water Color",Office Supplies,Art
3974,OFF-AR-10003674,"BIC Pencil Sharpener, Water Color",Office Supplies,Art
3975,OFF-BIN-10002407,"Binney & Smith Highlighters, Water Color",Office Supplies,Art
3976,OFF-AR-10004218,"BIC Pens, Fluorescent",Office Supplies,Art
3977,OFF-AR-10000461,"Binney & Smith Highlighters, Water Color",Office Supplies,Art
3978,OFF-AR-10002236,"Stanley Pencil Sharpener, Water Color",Office Supplies,Art
3979,OFF-AR-10001495,"BIC Sketch Pad, Blue",Office Supplies,Art
3980,OFF-AR-10002665,"Binney & Smith Markers, Easy-Erase",Office Supplies,Art
3981,OFF-AR-10001823,"BIC Highlighters, Blue",Office Supplies,Art
3982,OFF-AR-10003021,"BIC Sketch Pad, Water Color",Office Supplies,Art
3983,OFF-AR-10003321,"BIC Highlighters, Water Color",Office Supplies,Art
3984,OFF-AR-10001043,"BIC Pens, Blue",Office Supplies,Art
3985,OFF-AR-10004456,"Binney & Smith Markers, Blue",Office Supplies,Art
3986,OFF-AR-10003875,"Stanley Highlighters, Easy-Erase",Office Supplies,Art
3987,OFF-AR-10003683,"Boston Sketch Pad, Fluorescent",Office Supplies,Art
3988,OFF-AR-10004486,"Sanford Canvas, Blue",Office Supplies,Art
3989,OFF-AR-10004961,"Sanford Sketch Pad, Easy-Erase",Office Supplies,Art
3990,OFF-AR-10000422,"Stanley Markers, Blue",Office Supplies,Art
3991,OFF-AR-10003691,"Stanley Sketch Pad, Easy-Erase",Office Supplies,Art
3992,OFF-AR-10003179,"BIC Pencil Sharpener, Blue",Office Supplies,Art
3993,OFF-AR-10004360,"Boston Pens, Fluorescent",Office Supplies,Art
3994,OFF-AR-10001402,"Sanford Highlighters, Water Color",Office Supplies,Art
3995,OFF-AR-10003890,"Binney & Smith Pens, Blue",Office Supplies,Art
3996,OFF-AR-10003684,"BIC Sketch Pad, Fluorescent",Office Supplies,Art
3997,OFF-AR-10000120,"BIC Canvas, Fluorescent",Office Supplies,Art
3998,OFF-AR-10004818,"Boston Markers, Easy-Erase",Office Supplies,Art
3999,OFF-AR-10000804,"Binney & Smith Markers, Water Color",Office Supplies,Art
4000,OFF-AR-10001965,"BIC Markers, Easy-Erase",Office Supplies,Art
4001,OFF-AR-10001232,"Sanford Canvas, Fluorescent",Office Supplies,Art
4002,OFF-AR-10002340,"Stanley Markers, Water Color",Office Supplies,Art
4003,OFF-BIN-10004729,"Binney & Smith Sketch Pad, Water Color",Office Supplies,Art
4004,OFF-AR-10001752,"Binney & Smith Pens, Blue",Office Supplies,Art
4005,OFF-AR-10003123,"Boston Canvas, Easy-Erase",Office Supplies,Art
4006,OFF-AR-10002144,"Stanley Pens, Blue",Office Supplies,Art
4007,OFF-AR-10001622,"BIC Markers, Easy-Erase",Office Supplies,Art
4008,OFF-AR-10000729,"Stanley Highlighters, Fluorescent",Office Supplies,Art
4009,OFF-AR-10004012,"Sanford Highlighters, Blue",Office Supplies,Art
4010,OFF-AR-10004920,"Boston Canvas, Water Color",Office Supplies,Art
4011,OFF-AR-10004749,"BIC Canvas, Blue",Office Supplies,Art
4012,OFF-AR-10001833,"Boston Highlighters, Easy-Erase",Office Supplies,Art
4013,OFF-AR-10001266,"Boston Canvas, Blue",Office Supplies,Art
4014,OFF-AR-10001599,"Binney & Smith Canvas, Blue",Office Supplies,Art
4015,OFF-AR-10000584,"Sanford Pencil Sharpener, Water Color",Office Supplies,Art
4016,OFF-AR-10002852,"Stanley Pens, Fluorescent",Office Supplies,Art
4017,OFF-AR-10004303,"Stanley Markers, Blue",Office Supplies,Art
4018,OFF-AR-10004825,"BIC Canvas, Fluorescent",Office Supplies,Art
4019,OFF-AR-10003457,"Sanford Sketch Pad, Water Color",Office Supplies,Art
4020,OFF-AR-10004115,"Sanford Markers, Blue",Office Supplies,Art
4021,OFF-AR-10000980,"Sanford Pencil Sharpener, Water Color",Office Supplies,Art
4022,OFF-AR-10002485,"Boston Markers, Easy-Erase",Office Supplies,Art
4023,OFF-AR-10002255,"Boston Sketch Pad, Water Color",Office Supplies,Art
4024,OFF-AR-10002991,"Binney & Smith Markers, Blue",Office Supplies,Art
4025,OFF-AR-10002116,"BIC Pens, Fluorescent",Office Supplies,Art
4026,OFF-AR-10004884,"Sanford Pens, Fluorescent",Office Supplies,Art
4027,OFF-AR-10002433,"Stanley Pens, Easy-Erase",Office Supplies,Art
4028,OFF-BI-10002570,"Cardinal 3-Hole Punch, Clear",Office Supplies,Binders
4029,OFF-BI-10003724,"Cardinal Index Tab, Economy",Office Supplies,Binders
4030,OFF-BI-10003616,"Avery Binding Machine, Clear",Office Supplies,Binders
4031,OFF-BI-10000880,"Wilson Jones Binder, Recycled",Office Supplies,Binders
4032,OFF-BI-10001622,"Acco 3-Hole Punch, Durable",Office Supplies,Binders
4033,OFF-BI-10000179,"Wilson Jones 3-Hole Punch, Economy",Office Supplies,Binders
4034,OFF-BI-10002570,"Acco Binder Covers, Clear",Office Supplies,Binders
4035,OFF-BI-10002128,"Acco Binder Covers, Durable",Office Supplies,Binders
4036,OFF-BI-10000171,"Wilson Jones Index Tab, Recycled",Office Supplies,Binders
4037,OFF-BI-10000121,"Cardinal Index Tab, Clear",Office Supplies,Binders
4038,OFF-BI-10002937,"Wilson Jones Binder Covers, Clear",Office Supplies,Binders
4039,OFF-BI-10001892,"Ibico Hole Reinforcements, Recycled",Office Supplies,Binders
4040,OFF-BI-10004553,"Cardinal Binder, Clear",Office Supplies,Binders
4041,OFF-BI-10003324,"Acco Hole Reinforcements, Recycled",Office Supplies,Binders
4042,OFF-BI-10001096,"Ibico Binder Covers, Durable",Office Supplies,Binders
4043,OFF-BI-10003582,"Cardinal Index Tab, Economy",Office Supplies,Binders
4044,OFF-BI-10003468,"Wilson Jones Binder Covers, Durable",Office Supplies,Binders
4045,OFF-BI-10004454,"Cardinal Binder Covers, Clear",Office Supplies,Binders
4046,OFF-BI-10001662,"Wilson Jones Binder Covers, Durable",Office Supplies,Binders
4047,OFF-BI-10000328,"Acco Binding Machine, Clear",Office Supplies,Binders
4048,OFF-BI-10000089,"Wilson Jones 3-Hole Punch, Recycled",Office Supplies,Binders
4049,OFF-BI-10003870,"Wilson Jones Binder Covers, Economy",Office Supplies,Binders
4050,OFF-BI-10000490,"Cardinal Binder, Recycled",Office Supplies,Binders
4051,OFF-BI-10000930,"Avery Hole Reinforcements, Clear",Office Supplies,Binders
4052,OFF-BI-10001422,"Cardinal 3-Hole Punch, Clear",Office Supplies,Binders
4053,OFF-BI-10001504,"Avery Binding Machine, Durable",Office Supplies,Binders
4054,OFF-BI-10004428,"Cardinal Binder, Clear",Office Supplies,Binders
4055,OFF-ACC-10004692,"Acco 3-Hole Punch, Recycled",Office Supplies,Binders
4056,OFF-BI-10003367,"Wilson Jones Binder, Recycled",Office Supplies,Binders
4057,OFF-BI-10002715,"Avery Index Tab, Clear",Office Supplies,Binders
4058,OFF-BI-10000124,"Acco Binder Covers, Clear",Office Supplies,Binders
4059,OFF-ACC-10004281,"Acco Hole Reinforcements, Recycled",Office Supplies,Binders
4060,OFF-BI-10001032,"Avery Binding Machine, Recycled",Office Supplies,Binders
4061,OFF-BI-10000168,"Cardinal Hole Reinforcements, Recycled",Office Supplies,Binders
4062,OFF-BI-10004361,"Avery 3-Hole Punch, Recycled",Office Supplies,Binders
4063,OFF-BI-10004105,"Acco 3-Hole Punch, Recycled",Office Supplies,Binders
4064,OFF-BI-10000517,"Acco Binder, Durable",Office Supplies,Binders
4065,OFF-BI-10003713,"Wilson Jones Index Tab, Economy",Office Supplies,Binders
4066,OFF-ACC-10000102,"Acco Binding Machine, Clear",Office Supplies,Binders
4067,OFF-BI-10004491,"Avery Binder Covers, Durable",Office Supplies,Binders
4068,OFF-IBI-10001640,"Ibico Hole Reinforcements, Economy",Office Supplies,Binders
4069,OFF-BI-10001533,"Wilson Jones Binding Machine, Recycled",Office Supplies,Binders
4070,OFF-CAR-10001746,"Cardinal Index Tab, Clear",Office Supplies,Binders
4071,OFF-IBI-10004855,"Ibico Hole Reinforcements, Recycled",Office Supplies,Binders
4072,OFF-CAR-10004408,"Cardinal 3-Hole Punch, Economy",Office Supplies,Binders
4073,OFF-ACC-10002680,"Acco Binding Machine, Recycled",Office Supplies,Binders
4074,OFF-BI-10000373,"Ibico Hole Reinforcements, Economy",Office Supplies,Binders
4075,OFF-AVE-10002311,"Avery Binder Covers, Durable",Office Supplies,Binders
4076,OFF-BI-10001305,"Cardinal Binder, Clear",Office Supplies,Binders
4077,OFF-BI-10000821,"Acco Hole Reinforcements, Durable",Office Supplies,Binders
4078,OFF-BI-10004275,"Wilson Jones Index Tab, Recycled",Office Supplies,Binders
4079,OFF-IBI-10004959,"Ibico Binder, Economy",Office Supplies,Binders
4080,OFF-AVE-10000432,"Avery Index Tab, Clear",Office Supplies,Binders
4081,OFF-BI-10003874,"Avery Index Tab, Clear",Office Supplies,Binders
4082,OFF-BI-10003646,"Avery Index Tab, Economy",Office Supplies,Binders
4083,OFF-BI-10003342,"Cardinal Binder, Economy",Office Supplies,Binders
4084,OFF-BI-10001895,"Ibico Binding Machine, Economy",Office Supplies,Binders
4085,OFF-BI-10001858,"Ibico Binding Machine, Durable",Office Supplies,Binders
4086,OFF-BI-10004483,"Ibico Index Tab, Clear",Office Supplies,Binders
4087,OFF-CAR-10004886,"Cardinal Binder, Economy",Office Supplies,Binders
4088,OFF-BI-10004969,"Acco Binding Machine, Durable",Office Supplies,Binders
4089,OFF-BI-10001400,"Cardinal 3-Hole Punch, Economy",Office Supplies,Binders
4090,OFF-BI-10003588,"Ibico Binder, Economy",Office Supplies,Binders
4091,OFF-BI-10000206,"Wilson Jones Binder Covers, Economy",Office Supplies,Binders
4092,OFF-BI-10004305,"Cardinal Hole Reinforcements, Durable",Office Supplies,Binders
4093,OFF-BI-10002301,"Cardinal Hole Reinforcements, Economy",Office Supplies,Binders
4094,OFF-BI-10000963,"Acco Index Tab, Clear",Office Supplies,Binders
4095,OFF-BI-10002881,"Wilson Jones Binding Machine, Economy",Office Supplies,Binders
4096,OFF-BI-10000719,"Wilson Jones Hole Reinforcements, Clear",Office Supplies,Binders
4097,OFF-BI-10002841,"Cardinal Binding Machine, Durable",Office Supplies,Binders
4098,OFF-BI-10000106,"Cardinal Hole Reinforcements, Clear",Office Supplies,Binders
4099,OFF-BI-10003184,"Avery Index Tab, Clear",Office Supplies,Binders
4100,OFF-BI-10002919,"Acco Binder Covers, Durable",Office Supplies,Binders
4101,OFF-BI-10003018,"Avery Binder, Clear",Office Supplies,Binders
4102,OFF-BI-10004388,"Acco Hole Reinforcements, Clear",Office Supplies,Binders
4103,OFF-BI-10002287,"Acco Index Tab, Clear",Office Supplies,Binders
4104,OFF-BI-10003475,"Wilson Jones Index Tab, Recycled",Office Supplies,Binders
4105,OFF-BI-10002243,"Wilson Jones 3-Hole Punch, Durable",Office Supplies,Binders
4106,OFF-BI-10001987,"Acco Binding Machine, Economy",Office Supplies,Binders
4107,OFF-BI-10000583,"Wilson Jones Hole Reinforcements, Clear",Office Supplies,Binders
4108,OFF-BI-10002558,"Cardinal Binder Covers, Economy",Office Supplies,Binders
4109,OFF-BI-10004148,"Avery Binder, Durable",Office Supplies,Binders
4110,OFF-BI-10003585,"Acco 3-Hole Punch, Clear",Office Supplies,Binders
4111,OFF-WIL-10002593,"Wilson Jones Hole Reinforcements, Durable",Office Supplies,Binders
4112,OFF-BI-10003392,"Acco Binder Covers, Durable",Office Supplies,Binders
4113,OFF-AVE-10004312,"Avery Index Tab, Clear",Office Supplies,Binders
4114,OFF-BI-10000777,"Ibico Binder Covers, Clear",Office Supplies,Binders
4115,OFF-AVE-10000543,"Avery Hole Reinforcements, Clear",Office Supplies,Binders
4116,OFF-AVE-10004909,"Avery 3-Hole Punch, Durable",Office Supplies,Binders
4117,OFF-BI-10001662,"Avery Binder, Recycled",Office Supplies,Binders
4118,OFF-ACC-10001993,"Acco Binder Covers, Clear",Office Supplies,Binders
4119,OFF-BI-10002712,"Acco Hole Reinforcements, Durable",Office Supplies,Binders
4120,OFF-IBI-10003732,"Ibico Hole Reinforcements, Durable",Office Supplies,Binders
4121,OFF-BI-10001248,"Avery Binder, Economy",Office Supplies,Binders
4122,OFF-BI-10003397,"Acco Hole Reinforcements, Clear",Office Supplies,Binders
4123,OFF-BI-10004980,"Cardinal Hole Reinforcements, Recycled",Office Supplies,Binders
4124,OFF-BI-10003650,"Ibico Index Tab, Clear",Office Supplies,Binders
4125,OFF-BI-10004440,"Cardinal Binder, Economy",Office Supplies,Binders
4126,OFF-BI-10001167,"Wilson Jones Binder, Clear",Office Supplies,Binders
4127,OFF-BI-10000404,"Avery Binder Covers, Clear",Office Supplies,Binders
4128,OFF-BI-10004233,"Avery Index Tab, Economy",Office Supplies,Binders
4129,OFF-BI-10000542,"Ibico Binder Covers, Recycled",Office Supplies,Binders
4130,OFF-BI-10000126,"Ibico Hole Reinforcements, Durable",Office Supplies,Binders
4131,OFF-IBI-10000684,"Ibico Binding Machine, Clear",Office Supplies,Binders
4132,OFF-BI-10001885,"Avery Binder Covers, Economy",Office Supplies,Binders
4133,OFF-BI-10002524,"Cardinal Index Tab, Durable",Office Supplies,Binders
4134,OFF-BI-10001397,"Ibico Binder, Economy",Office Supplies,Binders
4135,OFF-BI-10000538,"Acco Binding Machine, Clear",Office Supplies,Binders
4136,OFF-BI-10002977,"Wilson Jones Binder, Economy",Office Supplies,Binders
4137,OFF-BI-10003281,"Ibico Binder, Recycled",Office Supplies,Binders
4138,OFF-BI-10000698,"Wilson Jones Hole Reinforcements, Recycled",Office Supplies,Binders
4139,OFF-BI-10004809,"Acco Binder Covers, Economy",Office Supplies,Binders
4140,OFF-BI-10002682,"Cardinal Binding Machine, Economy",Office Supplies,Binders
4141,OFF-BI-10003364,"Cardinal 3-Hole Punch, Clear",Office Supplies,Binders
4142,OFF-PA-10001283,"Green Bar Parchment Paper, Premium",Office Supplies,Paper
4143,OFF-KRA-10002752,"Kraft Clasp Envelope, Recycled",Office Supplies,Envelopes
4144,OFF-OIC-10004255,"OIC Paper Clips, Assorted Sizes",Office Supplies,Fasteners
4145,OFF-BIN-10001621,"Binney & Smith Canvas, Fluorescent",Office Supplies,Art
4146,OFF-PA-10004910,"Eaton Message Books, Premium",Office Supplies,Paper
4147,OFF-KLE-10000228,"Kleencut Shears, High Speed",Office Supplies,Supplies
4148,OFF-BI-10004861,"Cardinal Binding Machine, Clear",Office Supplies,Binders
4149,OFF-AR-10003023,"Stanley Highlighters, Water Color",Office Supplies,Art
4150,OFF-STI-10002716,"Stiletto Box Cutter, Serrated",Office Supplies,Supplies
4151,OFF-BRE-10004359,"Breville Coffee Grinder, White",Office Supplies,Appliances
4152,OFF-BRE-10001378,"Breville Toaster, White",Office Supplies,Appliances
4153,OFF-GLO-10003639,"GlobeWeis Interoffice Envelope, Security-Tint",Office Supplies,Envelopes
4154,OFF-EAT-10001137,"Eaton Parchment Paper, 8.5 x 11",Office Supplies,Paper
4155,OFF-GLO-10003496,"GlobeWeis Manila Envelope, Set of 50",Office Supplies,Envelopes
4156,OFF-STI-10000856,"Stiletto Shears, Easy Grip",Office Supplies,Supplies
4157,OFF-SU-10004514,"Elite Letter Opener, Easy Grip",Office Supplies,Supplies
4158,OFF-SME-10002870,"Smead Legal Exhibit Labels, Alphabetical",Office Supplies,Labels
4159,OFF-FA-10002759,"Stockwell Clamps, Bulk Pack",Office Supplies,Fasteners
4160,OFF-TEN-10003127,"Tenex Box, Industrial",Office Supplies,Storage
4161,OFF-JIF-10003677,"Jiffy Peel and Seal, Set of 50",Office Supplies,Envelopes
4162,OFF-BIC-10003680,"BIC Highlighters, Blue",Office Supplies,Art
4163,OFF-FA-10004175,"Stockwell Push Pins, Assorted Sizes",Office Supplies,Fasteners
4164,OFF-ST-10001091,"Smead Box, Industrial",Office Supplies,Storage
4165,OFF-KIT-10002678,"KitchenAid Coffee Grinder, Silver",Office Supplies,Appliances
4166,OFF-EN-10000358,"Cameo Business Envelopes, Recycled",Office Supplies,Envelopes
4167,OFF-GLO-10003429,"GlobeWeis Peel and Seal, Set of 50",Office Supplies,Envelopes
4168,OFF-HAM-10004896,"Hamilton Beach Microwave, Red",Office Supplies,Appliances
4169,OFF-ACC-10002425,"Accos Thumb Tacks, Assorted Sizes",Office Supplies,Fasteners
4170,OFF-STO-10002042,"Stockwell Staples, Metal",Office Supplies,Fasteners
4171,OFF-NOV-10000787,"Novimex Removable Labels, Laser Printer Compatible",Office Supplies,Labels
4172,OFF-ADV-10004241,"Advantus Thumb Tacks, 12 Pack",Office Supplies,Fasteners
4173,OFF-STO-10002661,"Stockwell Staples, 12 Pack",Office Supplies,Fasteners
4174,OFF-SAN-10002015,"Sanford Pens, Water Color",Office Supplies,Art
4175,OFF-HON-10003010,"Hon Round Labels, 5000 Label Set",Office Supplies,Labels
4176,OFF-ELD-10004625,"Eldon Trays, Blue",Office Supplies,Storage
4177,OFF-CAM-10001761,"Cameo Clasp Envelope, Security-Tint",Office Supplies,Envelopes
4178,OFF-BI-10002190,"Wilson Jones Binder, Durable",Office Supplies,Binders
4179,OFF-HAM-10003992,"Hamilton Beach Toaster, Silver",Office Supplies,Appliances
4180,OFF-PA-10003455,"Green Bar Memo Slips, Recycled",Office Supplies,Paper
4181,OFF-FA-10000131,"Accos Clamps, 12 Pack",Office Supplies,Fasteners
4182,OFF-AP-10004972,"Breville Coffee Grinder, Red",Office Supplies,Appliances
4183,OFF-FA-10001521,"Stockwell Thumb Tacks, Assorted Sizes",Office Supplies,Fasteners
4184,OFF-AR-10000465,"Sanford Markers, Blue",Office Supplies,Art
4185,OFF-LA-10003515,"Novimex Color Coded Labels, Laser Printer Compatible",Office Supplies,Labels
4186,OFF-AVE-10000894,"Avery Color Coded Labels, Adjustable",Office Supplies,Labels
4187,OFF-STI-10002519,"Stiletto Trimmer, High Speed",Office Supplies,Supplies
4188,OFF-SME-10004702,"Smead File Cart, Industrial",Office Supplies,Storage
4189,OFF-EAT-10000522,"Eaton Computer Printout Paper, Multicolor",Office Supplies,Paper
4190,OFF-FIS-10002759,"Fiskars Letter Opener, High Speed",Office Supplies,Supplies
4191,OFF-AP-10003363,"Hoover Blender, White",Office Supplies,Appliances
4192,OFF-AVE-10000065,"Avery Removable Labels, Alphabetical",Office Supplies,Labels
4193,OFF-AP-10000577,"Cuisinart Stove, Black",Office Supplies,Appliances
4194,OFF-BI-10002594,"Cardinal Binder Covers, Recycled",Office Supplies,Binders
4195,OFF-EN-10002674,"Cameo Interoffice Envelope, Set of 50",Office Supplies,Envelopes
4196,OFF-AR-10001072,"Sanford Pens, Fluorescent",Office Supplies,Art
4197,OFF-AP-10004958,"KitchenAid Stove, Black",Office Supplies,Appliances
4198,OFF-BRE-10000157,"Breville Toaster, Red",Office Supplies,Appliances
4199,OFF-LA-10000598,"Novimex File Folder Labels, Alphabetical",Office Supplies,Labels
4200,OFF-AP-10004220,"Hamilton Beach Coffee Grinder, White",Office Supplies,Appliances
4201,OFF-AR-10004132,"Boston Pens, Blue",Office Supplies,Art
4202,OFF-FA-10004649,"Advantus Clamps, 12 Pack",Office Supplies,Fasteners
4203,OFF-ST-10003764,"Tenex Box, Industrial",Office Supplies,Storage
4204,OFF-FIS-10001399,"Fiskars Ruler, Serrated",Office Supplies,Supplies
4205,OFF-ADV-10002549,"Advantus Rubber Bands, Assorted Sizes",Office Supplies,Fasteners
4206,OFF-AP-10000486,"Cuisinart Stove, Silver",Office Supplies,Appliances
4207,OFF-LA-10004164,"Smead Color Coded Labels, Laser Printer Compatible",Office Supplies,Labels
4208,OFF-BI-10002907,"Wilson Jones 3-Hole Punch, Economy",Office Supplies,Binders
4209,OFF-FA-10003546,"Stockwell Thumb Tacks, Metal",Office Supplies,Fasteners
4210,OFF-LA-10004738,"Harbour Creations Legal Exhibit Labels, Alphabetical",Office Supplies,Labels
4211,OFF-EN-10000353,"Jiffy Mailers, with clear poly window",Office Supplies,Envelopes
4212,OFF-AME-10003089,"Ames Clasp Envelope, Security-Tint",Office Supplies,Envelopes
4213,OFF-EN-10001162,"GlobeWeis Mailers, Set of 50",Office Supplies,Envelopes
4214,OFF-AR-10002256,"BIC Sketch Pad, Easy-Erase",Office Supplies,Art
4215,OFF-LA-10004332,"Novimex File Folder Labels, Adjustable",Office Supplies,Labels
4216,OFF-AR-10002605,"Sanford Sketch Pad, Fluorescent",Office Supplies,Art
4217,OFF-FA-10001375,"Accos Clamps, 12 Pack",Office Supplies,Fasteners
4218,OFF-ST-10003204,"Tenex Trays, Industrial",Office Supplies,Storage
4219,OFF-EN-10002850,"Ames Manila Envelope, Recycled",Office Supplies,Envelopes
4220,OFF-AP-10001882,"Breville Coffee Grinder, Silver",Office Supplies,Appliances
4221,OFF-PA-10003273,"Green Bar Cards & Envelopes, Premium",Office Supplies,Paper
4222,OFF-PA-10003105,"SanDisk Parchment Paper, Premium",Office Supplies,Paper
4223,OFF-ST-10000520,"Eldon Folders, Blue",Office Supplies,Storage
4224,OFF-PA-10002416,"Xerox Memo Slips, 8.5 x 11",Office Supplies,Paper
4225,OFF-SU-10002388,"Elite Shears, Easy Grip",Office Supplies,Supplies
4226,OFF-SU-10002306,"Elite Scissors, Steel",Office Supplies,Supplies
4227,OFF-AP-10002360,"Cuisinart Blender, White",Office Supplies,Appliances
4228,OFF-FA-10001057,"Accos Clamps, Assorted Sizes",Office Supplies,Fasteners
4229,OFF-LA-10000345,"Avery File Folder Labels, Laser Printer Compatible",Office Supplies,Labels
4230,OFF-FA-10001815,"Advantus Push Pins, Bulk Pack",Office Supplies,Fasteners
4231,OFF-PA-10004450,"Xerox Cards & Envelopes, Recycled",Office Supplies,Paper
4232,OFF-ST-10004226,"Fellowes File Cart, Blue",Office Supplies,Storage
4233,OFF-FA-10001304,"Stockwell Push Pins, Assorted Sizes",Office Supplies,Fasteners
4234,OFF-LA-10003338,"Novimex Legal Exhibit Labels, Alphabetical",Office Supplies,Labels
4235,OFF-LA-10004318,"Hon Color Coded Labels, Adjustable",Office Supplies,Labels
4236,OFF-AP-10004140,"Breville Stove, Silver",Office Supplies,Appliances
4237,OFF-LA-10003795,"Smead Round Labels, Alphabetical",Office Supplies,Labels
4238,OFF-EN-10000215,"Jiffy Interoffice Envelope, Security-Tint",Office Supplies,Envelopes
4239,OFF-BI-10004869,"Avery 3-Hole Punch, Recycled",Office Supplies,Binders
4240,OFF-SME-10002467,"Smead Round Labels, Alphabetical",Office Supplies,Labels
4241,OFF-PA-10000301,"Enermax Parchment Paper, Premium",Office Supplies,Paper
4242,OFF-PA-10004495,"SanDisk Note Cards, Premium",Office Supplies,Paper
4243,OFF-BI-10000518,"Wilson Jones Index Tab, Clear",Office Supplies,Binders
4244,OFF-SU-10000618,"Acme Trimmer, High Speed",Office Supplies,Supplies
4245,OFF-GRE-10003316,"Green Bar Parchment Paper, Recycled",Office Supplies,Paper
4246,OFF-LA-10002939,"Harbour Creations Legal Exhibit Labels, 5000 Label Set",Office Supplies,Labels
4247,OFF-CAM-10000497,"Cameo Manila Envelope, Set of 50",Office Supplies,Envelopes
4248,OFF-SU-10000969,"Fiskars Box Cutter, Serrated",Office Supplies,Supplies
4249,OFF-AR-10004138,"Stanley Pens, Easy-Erase",Office Supplies,Art
4250,OFF-AR-10001850,"BIC Highlighters, Fluorescent",Office Supplies,Art
4251,OFF-EN-10003069,"Ames Mailers, Set of 50",Office Supplies,Envelopes
4252,OFF-FA-10004206,"Advantus Staples, 12 Pack",Office Supplies,Fasteners
4253,OFF-AR-10002055,"Binney & Smith Markers, Blue",Office Supplies,Art
4254,OFF-SU-10001794,"Elite Ruler, Steel",Office Supplies,Supplies
4255,OFF-LA-10001413,"Hon Shipping Labels, Laser Printer Compatible",Office Supplies,Labels
4256,OFF-PA-10003718,"Xerox Memo Slips, Recycled",Office Supplies,Paper
4257,OFF-ST-10001186,"Rogers Trays, Industrial",Office Supplies,Storage
4258,OFF-EN-10003231,"Jiffy Business Envelopes, Set of 50",Office Supplies,Envelopes
4259,OFF-AP-10001298,"Breville Stove, Black",Office Supplies,Appliances
4260,OFF-EN-10004784,"Kraft Business Envelopes, Recycled",Office Supplies,Envelopes
4261,OFF-FA-10001052,"Stockwell Paper Clips, Assorted Sizes",Office Supplies,Fasteners
4262,OFF-ST-10001346,"Smead File Cart, Industrial",Office Supplies,Storage
4263,OFF-ST-10004577,"Tenex Shelving, Wire Frame",Office Supplies,Storage
4264,OFF-PA-10004124,"SanDisk Message Books, 8.5 x 11",Office Supplies,Paper
4265,OFF-LA-10002895,"Avery Legal Exhibit Labels, Laser Printer Compatible",Office Supplies,Labels
4266,OFF-FA-10004339,"Stockwell Staples, Metal",Office Supplies,Fasteners
4267,OFF-STO-10001693,"Stockwell Paper Clips, Assorted Sizes",Office Supplies,Fasteners
4268,OFF-EN-10003933,"Kraft Manila Envelope, Security-Tint",Office Supplies,Envelopes
4269,OFF-BI-10004250,"Cardinal 3-Hole Punch, Recycled",Office Supplies,Binders
4270,OFF-SU-10002732,"Acme Box Cutter, High Speed",Office Supplies,Supplies
4271,OFF-EN-10001538,"Jiffy Peel and Seal, Recycled",Office Supplies,Envelopes
4272,OFF-AR-10002535,"Stanley Markers, Water Color",Office Supplies,Art
4273,OFF-ST-10000300,"Eldon Folders, Wire Frame",Office Supplies,Storage
4274,OFF-AME-10001179,"Ames Mailers, Set of 50",Office Supplies,Envelopes
4275,OFF-AR-10003962,"Binney & Smith Highlighters, Water Color",Office Supplies,Art
4276,OFF-PA-10002473,"SanDisk Note Cards, Multicolor",Office Supplies,Paper
4277,OFF-SU-10000198,"Fiskars Scissors, Steel",Office Supplies,Supplies
4278,OFF-SU-10000926,"Acme Trimmer, Easy Grip",Office Supplies,Supplies
4279,OFF-SU-10003130,"Acme Trimmer, Serrated",Office Supplies,Supplies
4280,OFF-FA-10002728,"Advantus Paper Clips, Assorted Sizes",Office Supplies,Fasteners
4281,OFF-SU-10001397,"Acme Box Cutter, Steel",Office Supplies,Supplies
4282,OFF-FA-10004503,"Accos Staples, Assorted Sizes",Office Supplies,Fasteners
4283,OFF-EN-10001861,"Kraft Peel and Seal, Set of 50",Office Supplies,Envelopes
4284,OFF-FA-10003815,"Stockwell Clamps, Metal",Office Supplies,Fasteners
4285,OFF-LA-10002015,"Hon Round Labels, Alphabetical",Office Supplies,Labels
4286,OFF-PA-10003133,"Eaton Cards & Envelopes, 8.5 x 11",Office Supplies,Paper
4287,OFF-AR-10000082,"Binney & Smith Pencil Sharpener, Water Color",Office Supplies,Art
4288,OFF-FA-10003464,"Stockwell Rubber Bands, 12 Pack",Office Supplies,Fasteners
4289,OFF-AR-10003989,"Sanford Pencil Sharpener, Fluorescent",Office Supplies,Art
4290,OFF-ST-10001051,"Eldon Shelving, Industrial",Office Supplies,Storage
4291,OFF-EN-10001870,"Kraft Peel and Seal, Security-Tint",Office Supplies,Envelopes
4292,OFF-LA-10000073,"Novimex Legal Exhibit Labels, 5000 Label Set",Office Supplies,Labels
4293,OFF-ST-10002522,"Tenex Folders, Blue",Office Supplies,Storage
4294,OFF-PA-10000194,"SanDisk Cards & Envelopes, 8.5 x 11",Office Supplies,Paper
4295,OFF-AP-10003135,"KitchenAid Toaster, White",Office Supplies,Appliances
4296,OFF-EN-10004100,"Kraft Mailers, Security-Tint",Office Supplies,Envelopes
4297,OFF-LA-10004312,"Hon File Folder Labels, Laser Printer Compatible",Office Supplies,Labels
4298,OFF-PA-10003586,"Eaton Computer Printout Paper, Premium",Office Supplies,Paper
4299,OFF-EN-10003465,"Cameo Peel and Seal, Security-Tint",Office Supplies,Envelopes
4300,OFF-PA-10004842,"SanDisk Message Books, Recycled",Office Supplies,Paper
4301,OFF-LA-10001676,"Hon Removable Labels, Adjustable",Office Supplies,Labels
4302,OFF-LA-10000880,"Novimex Removable Labels, 5000 Label Set",Office Supplies,Labels
4303,OFF-EN-10004404,"Jiffy Manila Envelope, with clear poly window",Office Supplies,Envelopes
4304,OFF-LA-10000157,"Novimex Shipping Labels, Laser Printer Compatible",Office Supplies,Labels
4305,OFF-FA-10003990,"Stockwell Clamps, Metal",Office Supplies,Fasteners
4306,OFF-LA-10001075,"Hon Removable Labels, Laser Printer Compatible",Office Supplies,Labels
4307,OFF-FA-10002715,"Stockwell Clamps, 12 Pack",Office Supplies,Fasteners
4308,OFF-PA-10001445,"Eaton Cards & Envelopes, Multicolor",Office Supplies,Paper
4309,OFF-PA-10001650,"Xerox Message Books, Premium",Office Supplies,Paper
4310,OFF-ST-10001954,"Rogers Shelving, Wire Frame",Office Supplies,Storage
4311,OFF-AME-10001009,"Ames Interoffice Envelope, Set of 50",Office Supplies,Envelopes
4312,OFF-PA-10003956,"SanDisk Parchment Paper, Recycled",Office Supplies,Paper
4313,OFF-AP-10001274,"Hoover Microwave, Black",Office Supplies,Appliances
4314,OFF-LA-10004122,"Avery Color Coded Labels, Laser Printer Compatible",Office Supplies,Labels
4315,OFF-SU-10002543,"Stiletto Scissors, Easy Grip",Office Supplies,Supplies
4316,OFF-JIF-10002621,"Jiffy Business Envelopes, Security-Tint",Office Supplies,Envelopes
4317,OFF-SAN-10002873,"SanDisk Cards & Envelopes, 8.5 x 11",Office Supplies,Paper
4318,OFF-FA-10004257,"Accos Clamps, Metal",Office Supplies,Fasteners
4319,OFF-ST-10001195,"Smead Box, Wire Frame",Office Supplies,Storage
4320,OFF-EN-10003511,"Jiffy Interoffice Envelope, Security-Tint",Office Supplies,Envelopes
4321,OFF-ST-10002164,"Rogers Lockers, Industrial",Office Supplies,Storage
4322,OFF-PA-10003449,"Green Bar Computer Printout Paper, Premium",Office Supplies,Paper
4323,OFF-ST-10000344,"Fellowes Box, Industrial",Office Supplies,Storage
4324,OFF-ST-10003931,"Smead Lockers, Blue",Office Supplies,Storage
4325,OFF-SU-10000573,"Acme Ruler, High Speed",Office Supplies,Supplies
4326,OFF-HAR-10001531,"Harbour Creations Removable Labels, Adjustable",Office Supplies,Labels
4327,OFF-PA-10004613,"Green Bar Note Cards, Premium",Office Supplies,Paper
4328,OFF-FA-10000799,"OIC Push Pins, Bulk Pack",Office Supplies,Fasteners
4329,OFF-EN-10002613,"Ames Clasp Envelope, Security-Tint",Office Supplies,Envelopes
4330,OFF-PA-10000116,"Xerox Parchment Paper, Premium",Office Supplies,Paper
4331,OFF-BI-10000928,"Ibico Binder, Clear",Office Supplies,Binders
4332,OFF-PA-10001761,"Eaton Message Books, Multicolor",Office Supplies,Paper
4333,OFF-AP-10002577,"Hamilton Beach Coffee Grinder, Black",Office Supplies,Appliances
4334,OFF-ST-10004702,"Eldon Box, Single Width",Office Supplies,Storage
4335,OFF-FA-10002353,"Accos Paper Clips, Metal",Office Supplies,Fasteners
4336,OFF-PA-10002369,"Eaton Parchment Paper, Multicolor",Office Supplies,Paper
4337,OFF-FA-10001348,"Accos Thumb Tacks, Metal",Office Supplies,Fasteners
4338,OFF-BI-10003265,"Wilson Jones Binder, Clear",Office Supplies,Binders
4339,OFF-PA-10004386,"Green Bar Note Cards, Premium",Office Supplies,Paper
4340,OFF-ST-10004638,"Eldon File Cart, Blue",Office Supplies,Storage
4341,OFF-AP-10001723,"Hoover Blender, Black",Office Supplies,Appliances
4342,OFF-EN-10004788,"Cameo Manila Envelope, Recycled",Office Supplies,Envelopes
4343,OFF-BI-10004712,"Cardinal Hole Reinforcements, Clear",Office Supplies,Binders
4344,OFF-PA-10000915,"Eaton Note Cards, 8.5 x 11",Office Supplies,Paper
4345,OFF-LA-10001924,"Hon Round Labels, Adjustable",Office Supplies,Labels
4346,OFF-SU-10001848,"Kleencut Ruler, Easy Grip",Office Supplies,Supplies
4347,OFF-ADV-10000213,"Advantus Rubber Bands, Metal",Office Supplies,Fasteners
4348,OFF-EN-10004744,"GlobeWeis Mailers, with clear poly window",Office Supplies,Envelopes
4349,OFF-EN-10003904,"Jiffy Business Envelopes, Recycled",Office Supplies,Envelopes
4350,OFF-LA-10004972,"Avery File Folder Labels, 5000 Label Set",Office Supplies,Labels
4351,OFF-FA-10003596,"Stockwell Push Pins, Bulk Pack",Office Supplies,Fasteners
4352,OFF-EN-10004537,"GlobeWeis Clasp Envelope, with clear poly window",Office Supplies,Envelopes
4353,OFF-BI-10002796,"Wilson Jones Binder Covers, Durable",Office Supplies,Binders
4354,OFF-ST-10002561,"Rogers File Cart, Blue",Office Supplies,Storage
4355,OFF-STO-10002026,"Stockwell Clamps, Bulk Pack",Office Supplies,Fasteners
4356,OFF-PA-10002522,"Green Bar Note Cards, 8.5 x 11",Office Supplies,Paper
4357,OFF-SU-10001889,"Kleencut Letter Opener, Easy Grip",Office Supplies,Supplies
4358,OFF-SU-10002344,"Stiletto Box Cutter, Serrated",Office Supplies,Supplies
4359,OFF-LA-10001265,"Hon File Folder Labels, Alphabetical",Office Supplies,Labels
4360,OFF-LA-10004050,"Hon Color Coded Labels, Laser Printer Compatible",Office Supplies,Labels
4361,OFF-SU-10003624,"Stiletto Scissors, High Speed",Office Supplies,Supplies
4362,OFF-AVE-10000802,"Avery Removable Labels, Adjustable",Office Supplies,Labels
4363,OFF-LA-10001830,"Hon Round Labels, Laser Printer Compatible",Office Supplies,Labels
4364,OFF-BRE-10004211,"Breville Blender, White",Office Supplies,Appliances
4365,OFF-FA-10002782,"Accos Thumb Tacks, Assorted Sizes",Office Supplies,Fasteners
4366,OFF-ST-10004768,"Eldon Lockers, Industrial",Office Supplies,Storage
4367,OFF-EN-10004507,"GlobeWeis Mailers, Set of 50",Office Supplies,Envelopes
4368,OFF-AP-10002244,"Breville Refrigerator, White",Office Supplies,Appliances
4369,OFF-LA-10003381,"Novimex Removable Labels, Laser Printer Compatible",Office Supplies,Labels
4370,OFF-BI-10004769,"Wilson Jones Index Tab, Economy",Office Supplies,Binders
4371,OFF-HAM-10003872,"Hamilton Beach Blender, White",Office Supplies,Appliances
4372,OFF-OIC-10003978,"OIC Staples, Assorted Sizes",Office Supplies,Fasteners
4373,OFF-LA-10003851,"Smead Removable Labels, 5000 Label Set",Office Supplies,Labels
4374,OFF-STI-10001957,"Stiletto Ruler, Serrated",Office Supplies,Supplies
4375,OFF-EN-10003715,"Kraft Manila Envelope, Set of 50",Office Supplies,Envelopes
4376,OFF-SU-10004938,"Fiskars Trimmer, Steel",Office Supplies,Supplies
4377,OFF-AR-10000314,"BIC Highlighters, Fluorescent",Office Supplies,Art
4378,OFF-AR-10004109,"Boston Sketch Pad, Fluorescent",Office Supplies,Art
4379,OFF-AR-10003592,"Sanford Pencil Sharpener, Fluorescent",Office Supplies,Art
4380,OFF-AR-10002538,"Binney & Smith Sketch Pad, Fluorescent",Office Supplies,Art
4381,OFF-AR-10002677,"BIC Pencil Sharpener, Easy-Erase",Office Supplies,Art
4382,OFF-AR-10003774,"Stanley Sketch Pad, Fluorescent",Office Supplies,Art
4383,OFF-AR-10001132,"BIC Markers, Blue",Office Supplies,Art
4384,OFF-AR-10003978,"Binney & Smith Sketch Pad, Easy-Erase",Office Supplies,Art
4385,OFF-JIF-10004822,"Jiffy Mailers, Security-Tint",Office Supplies,Envelopes
4386,OFF-FA-10000577,"Stockwell Push Pins, 12 Pack",Office Supplies,Fasteners
4387,OFF-FA-10002085,"Stockwell Clamps, Assorted Sizes",Office Supplies,Fasteners
4388,OFF-BRE-10003081,"Breville Coffee Grinder, Black",Office Supplies,Appliances
4389,OFF-AR-10001074,"Sanford Highlighters, Blue",Office Supplies,Art
4390,OFF-AP-10001049,"Breville Coffee Grinder, Silver",Office Supplies,Appliances
4391,OFF-FA-10001104,"Stockwell Paper Clips, Assorted Sizes",Office Supplies,Fasteners
4392,OFF-FA-10000455,"Stockwell Thumb Tacks, 12 Pack",Office Supplies,Fasteners
4393,OFF-STO-10001173,"Stockwell Thumb Tacks, Assorted Sizes",Office Supplies,Fasteners
4394,OFF-AP-10002317,"Hamilton Beach Refrigerator, Silver",Office Supplies,Appliances
4395,OFF-SU-10002849,"Kleencut Ruler, Serrated",Office Supplies,Supplies
4396,OFF-FA-10000631,"Accos Rubber Bands, Assorted Sizes",Office Supplies,Fasteners
4397,OFF-FA-10001574,"Accos Clamps, Bulk Pack",Office Supplies,Fasteners
4398,OFF-LA-10004832,"Novimex Legal Exhibit Labels, Alphabetical",Office Supplies,Labels
4399,OFF-AR-10003031,"Stanley Highlighters, Easy-Erase",Office Supplies,Art
4400,OFF-FA-10004839,"Accos Clamps, Metal",Office Supplies,Fasteners
4401,OFF-LA-10003327,"Hon Legal Exhibit Labels, Adjustable",Office Supplies,Labels
4402,OFF-FA-10001082,"OIC Staples, Assorted Sizes",Office Supplies,Fasteners
4403,OFF-EN-10004742,"Kraft Interoffice Envelope, Recycled",Office Supplies,Envelopes
4404,OFF-LA-10002980,"Harbour Creations Shipping Labels, Alphabetical",Office Supplies,Labels
4405,OFF-BI-10002222,"Cardinal Binder Covers, Clear",Office Supplies,Binders
4406,OFF-SU-10001455,"Acme Box Cutter, Easy Grip",Office Supplies,Supplies
4407,OFF-ST-10003344,"Rogers Folders, Blue",Office Supplies,Storage
4408,OFF-ST-10000650,"Rogers Box, Industrial",Office Supplies,Storage
4409,OFF-SU-10000514,"Kleencut Shears, High Speed",Office Supplies,Supplies
4410,OFF-PA-10003832,"Xerox Message Books, 8.5 x 11",Office Supplies,Paper
4411,OFF-SME-10003805,"Smead Color Coded Labels, Adjustable",Office Supplies,Labels
4412,OFF-GLO-10000201,"GlobeWeis Clasp Envelope, Recycled",Office Supplies,Envelopes
4413,OFF-ST-10001124,"Fellowes Trays, Wire Frame",Office Supplies,Storage
4414,OFF-FA-10000353,"Accos Staples, Metal",Office Supplies,Fasteners
4415,OFF-AR-10000097,"BIC Sketch Pad, Blue",Office Supplies,Art
4416,OFF-FA-10002491,"Stockwell Rubber Bands, Bulk Pack",Office Supplies,Fasteners
4417,OFF-ST-10002685,"Eldon Lockers, Blue",Office Supplies,Storage
4418,OFF-LA-10002681,"Smead Round Labels, Laser Printer Compatible",Office Supplies,Labels
4419,OFF-LA-10002401,"Avery Shipping Labels, Laser Printer Compatible",Office Supplies,Labels
4420,OFF-FA-10000644,"Accos Push Pins, Metal",Office Supplies,Fasteners
4421,OFF-LA-10002943,"Novimex Removable Labels, Laser Printer Compatible",Office Supplies,Labels
4422,OFF-BI-10002432,"Ibico Binder, Recycled",Office Supplies,Binders
4423,OFF-AP-10002128,"Breville Toaster, White",Office Supplies,Appliances
4424,OFF-EN-10004503,"GlobeWeis Peel and Seal, Security-Tint",Office Supplies,Envelopes
4425,OFF-FA-10000154,"OIC Paper Clips, Bulk Pack",Office Supplies,Fasteners
4426,OFF-BI-10001967,"Acco Binder, Recycled",Office Supplies,Binders
4427,OFF-ST-10003414,"Smead Box, Wire Frame",Office Supplies,Storage
4428,OFF-SU-10004575,"Fiskars Letter Opener, Steel",Office Supplies,Supplies
4429,OFF-PA-10001516,"Xerox Note Cards, Recycled",Office Supplies,Paper
4430,OFF-KRA-10000492,"Kraft Manila Envelope, Recycled",Office Supplies,Envelopes
4431,OFF-NOV-10004585,"Novimex Legal Exhibit Labels, Laser Printer Compatible",Office Supplies,Labels
4432,OFF-AP-10001018,"Cuisinart Refrigerator, White",Office Supplies,Appliances
4433,OFF-XER-10003600,"Xerox Memo Slips, Multicolor",Office Supplies,Paper
4434,OFF-LA-10002107,"Novimex Legal Exhibit Labels, 5000 Label Set",Office Supplies,Labels
4435,OFF-SAN-10003660,"SanDisk Computer Printout Paper, Multicolor",Office Supplies,Paper
4436,OFF-XER-10000641,"Xerox Cards & Envelopes, Recycled",Office Supplies,Paper
4437,OFF-GRE-10003213,"Green Bar Memo Slips, Premium",Office Supplies,Paper
4438,OFF-ST-10002074,"Tenex Box, Blue",Office Supplies,Storage
4439,OFF-SAN-10004633,"SanDisk Message Books, Multicolor",Office Supplies,Paper
4440,OFF-JIF-10003890,"Jiffy Peel and Seal, Recycled",Office Supplies,Envelopes
4441,OFF-CUI-10001670,"Cuisinart Stove, White",Office Supplies,Appliances
4442,OFF-STI-10002245,"Stiletto Shears, Serrated",Office Supplies,Supplies
4443,OFF-LA-10000959,"Harbour Creations Round Labels, Alphabetical",Office Supplies,Labels
4444,OFF-AVE-10001367,"Avery Legal Exhibit Labels, Alphabetical",Office Supplies,Labels
4445,OFF-AP-10002008,"Hamilton Beach Microwave, Silver",Office Supplies,Appliances
4446,OFF-TEN-10000827,"Tenex File Cart, Industrial",Office Supplies,Storage
4447,OFF-ADV-10001437,"Advantus Paper Clips, Bulk Pack",Office Supplies,Fasteners
4448,OFF-EN-10002634,"Jiffy Clasp Envelope, Set of 50",Office Supplies,Envelopes
4449,OFF-AP-10003800,"Hoover Microwave, Silver",Office Supplies,Appliances
4450,OFF-EN-10003391,"Jiffy Manila Envelope, Set of 50",Office Supplies,Envelopes
4451,OFF-ST-10003172,"Eldon Box, Wire Frame",Office Supplies,Storage
4452,OFF-ST-10003089,"Tenex Lockers, Industrial",Office Supplies,Storage
4453,OFF-FA-10001520,"Stockwell Thumb Tacks, 12 Pack",Office Supplies,Fasteners
4454,OFF-PA-10003034,"SanDisk Memo Slips, 8.5 x 11",Office Supplies,Paper
4455,OFF-AR-10001508,"BIC Canvas, Water Color",Office Supplies,Art
4456,OFF-AP-10003618,"Hoover Refrigerator, Silver",Office Supplies,Appliances
4457,OFF-EN-10003094,"Ames Peel and Seal, with clear poly window",Office Supplies,Envelopes
4458,OFF-AVE-10003504,"Avery Legal Exhibit Labels, 5000 Label Set",Office Supplies,Labels
4459,OFF-AP-10003610,"Hamilton Beach Coffee Grinder, Silver",Office Supplies,Appliances
4460,OFF-PA-10000383,"Green Bar Note Cards, Premium",Office Supplies,Paper
4461,OFF-AP-10000415,"KitchenAid Toaster, Red",Office Supplies,Appliances
4462,OFF-ST-10001026,"Fellowes Trays, Single Width",Office Supplies,Storage
4463,OFF-SU-10004446,"Acme Scissors, Steel",Office Supplies,Supplies
4464,OFF-CUI-10001032,"Cuisinart Stove, Red",Office Supplies,Appliances
4465,OFF-ST-10001631,"Tenex Trays, Blue",Office Supplies,Storage
4466,OFF-BI-10003397,"Avery 3-Hole Punch, Economy",Office Supplies,Binders
4467,OFF-FA-10004739,"Accos Rubber Bands, Bulk Pack",Office Supplies,Fasteners
4468,OFF-ST-10002505,"Tenex Box, Wire Frame",Office Supplies,Storage
4469,OFF-ELD-10004324,"Eldon File Cart, Blue",Office Supplies,Storage
4470,OFF-AR-10001612,"Boston Pens, Easy-Erase",Office Supplies,Art
4471,OFF-EN-10003071,"Kraft Clasp Envelope, Security-Tint",Office Supplies,Envelopes
4472,OFF-FA-10001030,"Stockwell Paper Clips, Assorted Sizes",Office Supplies,Fasteners
4473,OFF-EN-10004801,"Ames Clasp Envelope, Security-Tint",Office Supplies,Envelopes
4474,OFF-BI-10000734,"Avery Binding Machine, Recycled",Office Supplies,Binders
4475,OFF-EN-10004550,"GlobeWeis Interoffice Envelope, Recycled",Office Supplies,Envelopes
4476,OFF-OIC-10002266,"OIC Staples, 12 Pack",Office Supplies,Fasteners
4477,OFF-FA-10000089,"OIC Rubber Bands, Assorted Sizes",Office Supplies,Fasteners
4478,OFF-FA-10003034,"OIC Rubber Bands, 12 Pack",Office Supplies,Fasteners
4479,OFF-PA-10003878,"Enermax Cards & Envelopes, Premium",Office Supplies,Paper
4480,OFF-ADV-10004274,"Advantus Thumb Tacks, Metal",Office Supplies,Fasteners
4481,OFF-SU-10001750,"Stiletto Trimmer, High Speed",Office Supplies,Supplies
4482,OFF-FA-10004233,"Stockwell Paper Clips, Metal",Office Supplies,Fasteners
4483,OFF-CAM-10001191,"Cameo Peel and Seal, Recycled",Office Supplies,Envelopes
4484,OFF-LA-10002465,"Hon Shipping Labels, 5000 Label Set",Office Supplies,Labels
4485,OFF-PA-10003418,"Enermax Memo Slips, Multicolor",Office Supplies,Paper
4486,OFF-SU-10002649,"Elite Shears, Serrated",Office Supplies,Supplies
4487,OFF-LA-10000471,"Smead Shipping Labels, 5000 Label Set",Office Supplies,Labels
4488,OFF-HAM-10000822,"Hamilton Beach Toaster, Black",Office Supplies,Appliances
4489,OFF-FA-10004067,"Stockwell Rubber Bands, 12 Pack",Office Supplies,Fasteners
4490,OFF-LA-10002744,"Novimex File Folder Labels, Adjustable",Office Supplies,Labels
4491,OFF-PA-10004411,"Xerox Memo Slips, Multicolor",Office Supplies,Paper
4492,OFF-PA-10001801,"Xerox Memo Slips, Premium",Office Supplies,Paper
4493,OFF-FA-10003415,"Stockwell Push Pins, Bulk Pack",Office Supplies,Fasteners
4494,OFF-AP-10004946,"KitchenAid Toaster, Black",Office Supplies,Appliances
4495,OFF-OIC-10003518,"OIC Rubber Bands, Assorted Sizes",Office Supplies,Fasteners
4496,OFF-HON-10001204,"Hon Color Coded Labels, Alphabetical",Office Supplies,Labels
4497,OFF-EN-10004486,"GlobeWeis Business Envelopes, Security-Tint",Office Supplies,Envelopes
4498,OFF-LA-10001738,"Novimex Color Coded Labels, Alphabetical",Office Supplies,Labels
4499,OFF-SU-10002498,"Stiletto Letter Opener, High Speed",Office Supplies,Supplies
4500,OFF-EN-10004521,"Ames Manila Envelope, Security-Tint",Office Supplies,Envelopes
4501,OFF-EN-10000061,"Jiffy Clasp Envelope, Security-Tint",Office Supplies,Envelopes
4502,OFF-SU-10002710,"Fiskars Trimmer, High Speed",Office Supplies,Supplies
4503,OFF-KIT-10001213,"KitchenAid Refrigerator, Black",Office Supplies,Appliances
4504,OFF-SU-10003879,"Kleencut Shears, High Speed",Office Supplies,Supplies
4505,OFF-EN-10001975,"Kraft Business Envelopes, Security-Tint",Office Supplies,Envelopes
4506,OFF-FA-10004516,"Stockwell Push Pins, Bulk Pack",Office Supplies,Fasteners
4507,OFF-FA-10003437,"Accos Clamps, Bulk Pack",Office Supplies,Fasteners
4508,OFF-LA-10000404,"Smead Shipping Labels, Laser Printer Compatible",Office Supplies,Labels
4509,OFF-FA-10001621,"Accos Rubber Bands, 12 Pack",Office Supplies,Fasteners
4510,OFF-AP-10003400,"Hamilton Beach Toaster, Black",Office Supplies,Appliances
4511,OFF-SU-10001488,"Stiletto Scissors, Steel",Office Supplies,Supplies
4512,OFF-LA-10000473,"Harbour Creations File Folder Labels, Alphabetical",Office Supplies,Labels
4513,OFF-EN-10004892,"Ames Manila Envelope, with clear poly window",Office Supplies,Envelopes
4514,OFF-EN-10001047,"Jiffy Manila Envelope, Security-Tint",Office Supplies,Envelopes
4515,OFF-AP-10001559,"KitchenAid Blender, Black",Office Supplies,Appliances
4516,OFF-CUI-10002506,"Cuisinart Blender, White",Office Supplies,Appliances
4517,OFF-EN-10000127,"Ames Clasp Envelope, with clear poly window",Office Supplies,Envelopes
4518,OFF-KRA-10002085,"Kraft Clasp Envelope, with clear poly window",Office Supplies,Envelopes
4519,OFF-AP-10004168,"Cuisinart Stove, White",Office Supplies,Appliances
4520,OFF-BRE-10003443,"Breville Refrigerator, Silver",Office Supplies,Appliances
4521,OFF-JIF-10004747,"Jiffy Manila Envelope, with clear poly window",Office Supplies,Envelopes
4522,OFF-KRA-10002126,"Kraft Business Envelopes, Recycled",Office Supplies,Envelopes
4523,OFF-EN-10003737,"Kraft Business Envelopes, Set of 50",Office Supplies,Envelopes
4524,OFF-AP-10001169,"Cuisinart Microwave, White",Office Supplies,Appliances
4525,OFF-AP-10002675,"Cuisinart Refrigerator, Black",Office Supplies,Appliances
4526,OFF-AP-10000119,"Breville Microwave, White",Office Supplies,Appliances
4527,OFF-AP-10001824,"Breville Stove, Silver",Office Supplies,Appliances
4528,OFF-EN-10003413,"Kraft Manila Envelope, Security-Tint",Office Supplies,Envelopes
4529,OFF-KIT-10003683,"KitchenAid Stove, Silver",Office Supplies,Appliances
4530,OFF-AP-10001623,"Hoover Stove, White",Office Supplies,Appliances
4531,OFF-EN-10001038,"Jiffy Mailers, Set of 50",Office Supplies,Envelopes
4532,OFF-EN-10004849,"Cameo Mailers, Security-Tint",Office Supplies,Envelopes
4533,OFF-KRA-10000695,"Kraft Mailers, Set of 50",Office Supplies,Envelopes
4534,OFF-AP-10001458,"KitchenAid Blender, Black",Office Supplies,Appliances
4535,OFF-AP-10003497,"Breville Coffee Grinder, Black",Office Supplies,Appliances
4536,OFF-PA-10000300,"Green Bar Cards & Envelopes, Premium",Office Supplies,Paper
4537,OFF-PA-10000871,"Enermax Cards & Envelopes, Recycled",Office Supplies,Paper
4538,OFF-XER-10003203,"Xerox Computer Printout Paper, Recycled",Office Supplies,Paper
4539,OFF-PA-10001844,"Eaton Message Books, 8.5 x 11",Office Supplies,Paper
4540,OFF-SAN-10003318,"SanDisk Memo Slips, Premium",Office Supplies,Paper
4541,OFF-PA-10003424,"Enermax Computer Printout Paper, 8.5 x 11",Office Supplies,Paper
4542,OFF-PA-10002488,"Xerox Message Books, Multicolor",Office Supplies,Paper
4543,OFF-ENE-10003314,"Enermax Parchment Paper, Recycled",Office Supplies,Paper
4544,OFF-PA-10000781,"Eaton Message Books, 8.5 x 11",Office Supplies,Paper
4545,OFF-PA-10002534,"Green Bar Memo Slips, Multicolor",Office Supplies,Paper
4546,OFF-PA-10003350,"Eaton Message Books, 8.5 x 11",Office Supplies,Paper
4547,OFF-ENE-10004401,"Enermax Parchment Paper, Premium",Office Supplies,Paper
4548,OFF-SU-10004481,"Stiletto Shears, Serrated",Office Supplies,Supplies
4549,OFF-FIS-10004721,"Fiskars Box Cutter, Serrated",Office Supplies,Supplies
4550,OFF-FIS-10001549,"Fiskars Shears, Serrated",Office Supplies,Supplies
4551,OFF-SU-10003540,"Acme Shears, Serrated",Office Supplies,Supplies
4552,OFF-SU-10001686,"Kleencut Trimmer, Easy Grip",Office Supplies,Supplies
4553,OFF-ACM-10001704,"Acme Letter Opener, Serrated",Office Supplies,Supplies
4554,OFF-KLE-10002340,"Kleencut Shears, Easy Grip",Office Supplies,Supplies
4555,OFF-SU-10000192,"Elite Trimmer, High Speed",Office Supplies,Supplies
4556,OFF-SU-10001125,"Stiletto Letter Opener, High Speed",Office Supplies,Supplies
4557,OFF-SU-10000835,"Acme Box Cutter, Steel",Office Supplies,Supplies
4558,OFF-SU-10000932,"Fiskars Ruler, High Speed",Office Supplies,Supplies
4559,OFF-FIS-10000063,"Fiskars Box Cutter, Easy Grip",Office Supplies,Supplies
4560,OFF-KLE-10003227,"Kleencut Ruler, Steel",Office Supplies,Supplies
4561,OFF-LA-10001375,"Smead Removable Labels, 5000 Label Set",Office Supplies,Labels
4562,OFF-LA-10003807,"Smead Removable Labels, Adjustable",Office Supplies,Labels
4563,OFF-LA-10003594,"Hon Removable Labels, Adjustable",Office Supplies,Labels
4564,OFF-LA-10001185,"Harbour Creations Round Labels, 5000 Label Set",Office Supplies,Labels
4565,OFF-LA-10001019,"Avery Color Coded Labels, Laser Printer Compatible",Office Supplies,Labels
4566,OFF-LA-10002490,"Hon Round Labels, Alphabetical",Office Supplies,Labels
4567,OFF-LA-10001471,"Harbour Creations File Folder Labels, Alphabetical",Office Supplies,Labels
4568,OFF-LA-10001497,"Smead Round Labels, Adjustable",Office Supplies,Labels
4569,OFF-LA-10000685,"Avery Shipping Labels, Laser Printer Compatible",Office Supplies,Labels
4570,OFF-LA-10000901,"Smead File Folder Labels, 5000 Label Set",Office Supplies,Labels
4571,OFF-LA-10000861,"Avery Color Coded Labels, Alphabetical",Office Supplies,Labels
4572,OFF-HON-10004800,"Hon Shipping Labels, Alphabetical",Office Supplies,Labels
4573,OFF-ACC-10003745,"Accos Paper Clips, Assorted Sizes",Office Supplies,Fasteners
4574,OFF-FA-10002308,"Accos Push Pins, Assorted Sizes",Office Supplies,Fasteners
4575,OFF-FA-10003980,"OIC Paper Clips, Metal",Office Supplies,Fasteners
4576,OFF-ACC-10002853,"Accos Thumb Tacks, Bulk Pack",Office Supplies,Fasteners
4577,OFF-FA-10003717,"Stockwell Clamps, Metal",Office Supplies,Fasteners
4578,OFF-FA-10000091,"Stockwell Push Pins, Metal",Office Supplies,Fasteners
4579,OFF-FA-10003218,"Advantus Push Pins, Assorted Sizes",Office Supplies,Fasteners
4580,OFF-FA-10001838,"Stockwell Paper Clips, Metal",Office Supplies,Fasteners
4581,OFF-FA-10003411,"OIC Staples, Bulk Pack",Office Supplies,Fasteners
4582,OFF-FA-10002683,"Stockwell Staples, Assorted Sizes",Office Supplies,Fasteners
4583,OFF-ACC-10004430,"Accos Rubber Bands, 12 Pack",Office Supplies,Fasteners
4584,OFF-FA-10002835,"OIC Staples, Assorted Sizes",Office Supplies,Fasteners
4585,OFF-FA-10003123,"Stockwell Staples, Bulk Pack",Office Supplies,Fasteners
4586,OFF-FA-10002015,"Stockwell Push Pins, 12 Pack",Office Supplies,Fasteners
4587,OFF-ST-10003446,"Smead Trays, Single Width",Office Supplies,Storage
4588,OFF-ST-10001758,"Rogers Lockers, Blue",Office Supplies,Storage
4589,OFF-ST-10003020,"Tenex Lockers, Industrial",Office Supplies,Storage
4590,OFF-ST-10003295,"Tenex Lockers, Blue",Office Supplies,Storage
4591,OFF-ST-10001478,"Tenex File Cart, Single Width",Office Supplies,Storage
4592,OFF-ST-10000003,"Tenex Shelving, Industrial",Office Supplies,Storage
4593,OFF-ST-10003547,"Smead Shelving, Blue",Office Supplies,Storage
4594,OFF-ST-10002538,"Fellowes Shelving, Blue",Office Supplies,Storage
4595,OFF-ST-10000948,"Fellowes Box, Blue",Office Supplies,Storage
4596,OFF-ST-10002437,"Eldon Trays, Blue",Office Supplies,Storage
4597,OFF-ST-10004802,"Rogers File Cart, Industrial",Office Supplies,Storage
4598,OFF-ST-10004341,"Tenex File Cart, Single Width",Office Supplies,Storage
4599,OFF-ST-10000875,"Smead Shelving, Single Width",Office Supplies,Storage
4600,OFF-ST-10002822,"Tenex File Cart, Blue",Office Supplies,Storage
4601,OFF-ST-10001743,"Tenex Folders, Wire Frame",Office Supplies,Storage
4602,OFF-ST-10001752,"Tenex Shelving, Wire Frame",Office Supplies,Storage
4603,OFF-ST-10004046,"Fellowes Box, Single Width",Office Supplies,Storage
4604,OFF-AR-10002745,"BIC Canvas, Blue",Office Supplies,Art
4605,OFF-AR-10001405,"Binney & Smith Highlighters, Fluorescent",Office Supplies,Art
4606,OFF-BOS-10000477,"Boston Canvas, Blue",Office Supplies,Art
4607,OFF-AR-10002036,"Binney & Smith Pencil Sharpener, Fluorescent",Office Supplies,Art
4608,OFF-AR-10002677,"BIC Pens, Water Color",Office Supplies,Art
4609,OFF-AR-10001336,"Binney & Smith Pens, Blue",Office Supplies,Art
4610,OFF-AR-10000150,"Boston Pens, Water Color",Office Supplies,Art
4611,OFF-AR-10001850,"Boston Sketch Pad, Water Color",Office Supplies,Art
4612,OFF-AR-10000719,"Boston Pencil Sharpener, Water Color",Office Supplies,Art
4613,OFF-AR-10000179,"Binney & Smith Canvas, Easy-Erase",Office Supplies,Art
4614,OFF-AR-10002727,"Stanley Pencil Sharpener, Fluorescent",Office Supplies,Art
4615,OFF-AR-10003096,"Binney & Smith Sketch Pad, Blue",Office Supplies,Art
4616,OFF-AR-10003046,"Sanford Sketch Pad, Fluorescent",Office Supplies,Art
4617,OFF-AR-10003554,"Stanley Canvas, Blue",Office Supplies,Art
4618,OFF-AR-10001226,"Boston Pencil Sharpener, Fluorescent",Office Supplies,Art
4619,OFF-AR-10000347,"Sanford Highlighters, Easy-Erase",Office Supplies,Art
4620,OFF-AR-10002513,"Sanford Sketch Pad, Blue",Office Supplies,Art
4621,OFF-AR-10003551,"Sanford Pens, Water Color",Office Supplies,Art
4622,OFF-ACC-10004322,"Acco Binder, Clear",Office Supplies,Binders
4623,OFF-BI-10000081,"Ibico Index Tab, Clear",Office Supplies,Binders
4624,OFF-BI-10004470,"Wilson Jones Index Tab, Durable",Office Supplies,Binders
4625,OFF-BI-10001744,"Acco Binding Machine, Economy",Office Supplies,Binders
4626,OFF-BI-10004534,"Wilson Jones Binding Machine, Recycled",Office Supplies,Binders
4627,OFF-BI-10000305,"Wilson Jones Index Tab, Durable",Office Supplies,Binders
4628,OFF-BI-10000871,"Wilson Jones Binder Covers, Recycled",Office Supplies,Binders
4629,OFF-BI-10004334,"Avery Hole Reinforcements, Durable",Office Supplies,Binders
4630,OFF-WIL-10001495,"Wilson Jones Index Tab, Recycled",Office Supplies,Binders
4631,OFF-BI-10002386,"Acco Index Tab, Clear",Office Supplies,Binders
4632,OFF-BI-10004185,"Cardinal Binder, Durable",Office Supplies,Binders
4633,OFF-BI-10003879,"Ibico Binder Covers, Economy",Office Supplies,Binders
4634,OFF-AVE-10003549,"Avery Binding Machine, Recycled",Office Supplies,Binders
4635,OFF-BI-10000724,"Avery Hole Reinforcements, Recycled",Office Supplies,Binders
4636,OFF-BI-10002627,"Avery Binder Covers, Economy",Office Supplies,Binders
4637,OFF-EN-10002789,"Kraft Peel and Seal, Recycled",Office Supplies,Envelopes
4638,OFF-AP-10001670,"Hoover Coffee Grinder, White",Office Supplies,Appliances
4639,OFF-EN-10003463,"Jiffy Peel and Seal, Recycled",Office Supplies,Envelopes
4640,OFF-EN-10003607,"Cameo Business Envelopes, Recycled",Office Supplies,Envelopes
4641,OFF-PA-10000317,"Xerox Computer Printout Paper, Premium",Office Supplies,Paper
4642,OFF-PA-10003938,"Eaton Cards & Envelopes, Premium",Office Supplies,Paper
4643,OFF-PA-10002373,"Enermax Parchment Paper, Premium",Office Supplies,Paper
4644,OFF-EAT-10002463,"Eaton Computer Printout Paper, Premium",Office Supplies,Paper
4645,OFF-SU-10000914,"Kleencut Scissors, Serrated",Office Supplies,Supplies
4646,OFF-SU-10003522,"Elite Box Cutter, Serrated",Office Supplies,Supplies
4647,OFF-EN-10001533,"Kraft Mailers, with clear poly window",Office Supplies,Envelopes
4648,OFF-EN-10002472,"Cameo Interoffice Envelope, Security-Tint",Office Supplies,Envelopes
4649,OFF-LA-10002354,"Novimex Color Coded Labels, 5000 Label Set",Office Supplies,Labels
4650,OFF-LA-10001154,"Hon Shipping Labels, Adjustable",Office Supplies,Labels
4651,OFF-ST-10000430,"Tenex File Cart, Blue",Office Supplies,Storage
4652,OFF-AR-10001386,"Sanford Sketch Pad, Easy-Erase",Office Supplies,Art
4653,OFF-FA-10001126,"Accos Paper Clips, Metal",Office Supplies,Fasteners
4654,OFF-EN-10004793,"Ames Interoffice Envelope, Security-Tint",Office Supplies,Envelopes
4655,OFF-SU-10002032,"Fiskars Ruler, Steel",Office Supplies,Supplies
4656,OFF-AR-10000733,"Binney & Smith Canvas, Fluorescent",Office Supplies,Art
4657,OFF-PA-10002292,"SanDisk Computer Printout Paper, Recycled",Office Supplies,Paper
4658,OFF-PA-10004326,"Enermax Parchment Paper, Multicolor",Office Supplies,Paper
4659,OFF-SU-10004091,"Elite Ruler, Serrated",Office Supplies,Supplies
4660,OFF-FA-10004942,"OIC Clamps, Metal",Office Supplies,Fasteners
4661,OFF-ST-10000619,"Eldon Lockers, Wire Frame",Office Supplies,Storage
4662,OFF-LA-10002633,"Novimex Shipping Labels, Laser Printer Compatible",Office Supplies,Labels
4663,OFF-AP-10002794,"KitchenAid Microwave, Black",Office Supplies,Appliances
4664,OFF-AP-10002899,"Breville Toaster, Silver",Office Supplies,Appliances
4665,OFF-ST-10004035,"Rogers Box, Wire Frame",Office Supplies,Storage
4666,OFF-EN-10000857,"Jiffy Interoffice Envelope, Set of 50",Office Supplies,Envelopes
4667,OFF-ST-10002530,"Rogers Lockers, Single Width",Office Supplies,Storage
4668,OFF-FA-10002058,"Stockwell Thumb Tacks, Assorted Sizes",Office Supplies,Fasteners
4669,OFF-FA-10002569,"Stockwell Staples, Metal",Office Supplies,Fasteners
4670,OFF-AP-10000172,"Cuisinart Toaster, Silver",Office Supplies,Appliances
4671,OFF-SU-10000289,"Kleencut Ruler, Easy Grip",Office Supplies,Supplies
4672,OFF-ST-10001290,"Rogers Box, Industrial",Office Supplies,Storage
4673,OFF-ST-10002221,"Rogers Lockers, Industrial",Office Supplies,Storage
4674,OFF-PA-10003333,"Eaton Note Cards, 8.5 x 11",Office Supplies,Paper
4675,OFF-PA-10003875,"Enermax Memo Slips, Multicolor",Office Supplies,Paper
4676,OFF-PA-10001086,"Enermax Cards & Envelopes, Multicolor",Office Supplies,Paper
4677,OFF-AVE-10003558,"Avery Round Labels, Alphabetical",Office Supplies,Labels
4678,OFF-SU-10000079,"Fiskars Trimmer, Serrated",Office Supplies,Supplies
4679,OFF-LA-10000553,"Hon Round Labels, Laser Printer Compatible",Office Supplies,Labels
4680,OFF-PA-10001850,"Eaton Note Cards, Premium",Office Supplies,Paper
4681,OFF-EN-10002671,"GlobeWeis Interoffice Envelope, with clear poly window",Office Supplies,Envelopes
4682,OFF-EN-10001315,"Jiffy Manila Envelope, Security-Tint",Office Supplies,Envelopes
4683,OFF-AR-10001228,"Binney & Smith Pens, Easy-Erase",Office Supplies,Art
4684,OFF-AME-10001641,"Ames Interoffice Envelope, Recycled",Office Supplies,Envelopes
4685,OFF-EN-10004571,"Ames Peel and Seal, with clear poly window",Office Supplies,Envelopes
4686,OFF-EN-10000699,"Cameo Interoffice Envelope, Set of 50",Office Supplies,Envelopes
4687,OFF-ST-10001366,"Rogers Folders, Wire Frame",Office Supplies,Storage
4688,OFF-SU-10002547,"Acme Ruler, Steel",Office Supplies,Supplies
4689,OFF-EN-10003512,"Jiffy Peel and Seal, Recycled",Office Supplies,Envelopes
4690,OFF-AP-10003259,"Cuisinart Refrigerator, Silver",Office Supplies,Appliances
4691,OFF-PA-10000026,"Eaton Cards & Envelopes, 8.5 x 11",Office Supplies,Paper
4692,OFF-LA-10000604,"Harbour Creations Color Coded Labels, Laser Printer Compatible",Office Supplies,Labels
4693,OFF-OIC-10001477,"OIC Push Pins, Bulk Pack",Office Supplies,Fasteners
4694,OFF-EN-10001977,"Cameo Business Envelopes, Recycled",Office Supplies,Envelopes
4695,OFF-AP-10004372,"Hoover Coffee Grinder, White",Office Supplies,Appliances
4696,OFF-AME-10002956,"Ames Business Envelopes, Security-Tint",Office Supplies,Envelopes
4697,OFF-AP-10004711,"Breville Refrigerator, Silver",Office Supplies,Appliances
4698,OFF-SU-10003105,"Fiskars Shears, Steel",Office Supplies,Supplies
4699,OFF-FA-10003378,"Accos Push Pins, Metal",Office Supplies,Fasteners
4700,OFF-AP-10003795,"Hoover Refrigerator, Red",Office Supplies,Appliances
4701,OFF-HAM-10004471,"Hamilton Beach Coffee Grinder, Silver",Office Supplies,Appliances
4702,OFF-SU-10000866,"Elite Trimmer, Serrated",Office Supplies,Supplies
4703,OFF-AR-10003461,"Stanley Pencil Sharpener, Easy-Erase",Office Supplies,Art
4704,OFF-SU-10001573,"Kleencut Shears, Serrated",Office Supplies,Supplies
4705,OFF-PA-10004468,"SanDisk Note Cards, Premium",Office Supplies,Paper
4706,OFF-ST-10001646,"Fellowes Box, Wire Frame",Office Supplies,Storage
4707,OFF-EN-10001711,"Ames Clasp Envelope, with clear poly window",Office Supplies,Envelopes
4708,OFF-EN-10000897,"Kraft Mailers, Set of 50",Office Supplies,Envelopes
4709,OFF-SU-10003665,"Kleencut Trimmer, Serrated",Office Supplies,Supplies
4710,OFF-ST-10001426,"Eldon Folders, Single Width",Office Supplies,Storage
4711,OFF-AR-10004219,"Sanford Pencil Sharpener, Easy-Erase",Office Supplies,Art
4712,OFF-EN-10002630,"Ames Business Envelopes, Recycled",Office Supplies,Envelopes
4713,OFF-AR-10002417,"Boston Sketch Pad, Water Color",Office Supplies,Art
4714,OFF-LA-10002289,"Hon Shipping Labels, Adjustable",Office Supplies,Labels
4715,OFF-AP-10002476,"Cuisinart Blender, Red",Office Supplies,Appliances
4716,OFF-AP-10001692,"KitchenAid Stove, Black",Office Supplies,Appliances
4717,OFF-FA-10001650,"OIC Push Pins, Metal",Office Supplies,Fasteners
4718,OFF-PA-10004930,"Xerox Note Cards, Recycled",Office Supplies,Paper
4719,OFF-ST-10000485,"Fellowes Folders, Single Width",Office Supplies,Storage
4720,OFF-PA-10000694,"Green Bar Message Books, Premium",Office Supplies,Paper
4721,OFF-SU-10002599,"Stiletto Letter Opener, Easy Grip",Office Supplies,Supplies
4722,OFF-AR-10001423,"BIC Canvas, Water Color",Office Supplies,Art
4723,OFF-AR-10003281,"Stanley Highlighters, Blue",Office Supplies,Art
4724,OFF-ST-10002930,"Eldon Lockers, Industrial",Office Supplies,Storage
4725,OFF-LA-10002703,"Novimex Removable Labels, Adjustable",Office Supplies,Labels
4726,OFF-PA-10002352,"Eaton Parchment Paper, Premium",Office Supplies,Paper
4727,OFF-LA-10002319,"Smead Legal Exhibit Labels, Laser Printer Compatible",Office Supplies,Labels
4728,OFF-SU-10000979,"Acme Letter Opener, Easy Grip",Office Supplies,Supplies
4729,OFF-ST-10004576,"Rogers File Cart, Single Width",Office Supplies,Storage
4730,OFF-SU-10004461,"Stiletto Box Cutter, High Speed",Office Supplies,Supplies
4731,OFF-LA-10000869,"Harbour Creations Removable Labels, Adjustable",Office Supplies,Labels
4732,OFF-PA-10004990,"SanDisk Computer Printout Paper, Recycled",Office Supplies,Paper
4733,OFF-EAT-10003094,"Eaton Memo Slips, Premium",Office Supplies,Paper
4734,OFF-GLO-10004160,"GlobeWeis Business Envelopes, with clear poly window",Office Supplies,Envelopes
4735,OFF-HAR-10003580,"Harbour Creations Legal Exhibit Labels, Alphabetical",Office Supplies,Labels
4736,OFF-SAN-10004618,"SanDisk Memo Slips, Recycled",Office Supplies,Paper
4737,OFF-KRA-10003816,"Kraft Mailers, with clear poly window",Office Supplies,Envelopes
4738,OFF-STO-10000753,"Stockwell Thumb Tacks, 12 Pack",Office Supplies,Fasteners
4739,OFF-OIC-10002160,"OIC Rubber Bands, 12 Pack",Office Supplies,Fasteners
4740,OFF-JIF-10004616,"Jiffy Manila Envelope, Security-Tint",Office Supplies,Envelopes
4741,OFF-KIT-10000964,"KitchenAid Coffee Grinder, White",Office Supplies,Appliances
4742,OFF-HOO-10002715,"Hoover Coffee Grinder, White",Office Supplies,Appliances
4743,OFF-AME-10001587,"Ames Peel and Seal, with clear poly window",Office Supplies,Envelopes
4744,OFF-KIT-10003611,"KitchenAid Stove, Red",Office Supplies,Appliances
4745,OFF-GLO-10004223,"GlobeWeis Clasp Envelope, Security-Tint",Office Supplies,Envelopes
4746,OFF-ELI-10001176,"Elite Box Cutter, Easy Grip",Office Supplies,Supplies
4747,OFF-GLO-10001688,"GlobeWeis Manila Envelope, Recycled",Office Supplies,Envelopes
4748,OFF-HAR-10001855,"Harbour Creations Round Labels, Alphabetical",Office Supplies,Labels
4749,OFF-BRE-10003558,"Breville Refrigerator, White",Office Supplies,Appliances
4750,OFF-HAR-10002914,"Harbour Creations Shipping Labels, Laser Printer Compatible",Office Supplies,Labels
4751,OFF-XER-10001429,"Xerox Parchment Paper, Recycled",Office Supplies,Paper
4752,OFF-OIC-10001921,"OIC Clamps, Assorted Sizes",Office Supplies,Fasteners
4753,OFF-ST-10000210,"Tenex Lockers, Wire Frame",Office Supplies,Storage
4754,OFF-KIT-10001040,"KitchenAid Coffee Grinder, Black",Office Supplies,Appliances
4755,OFF-SU-10000378,"Kleencut Scissors, High Speed",Office Supplies,Supplies
4756,OFF-EN-10003455,"Cameo Manila Envelope, Set of 50",Office Supplies,Envelopes
4757,OFF-AP-10003834,"KitchenAid Stove, Red",Office Supplies,Appliances
4758,OFF-FA-10002226,"Stockwell Thumb Tacks, Metal",Office Supplies,Fasteners
4759,OFF-SU-10000148,"Stiletto Ruler, Serrated",Office Supplies,Supplies
4760,OFF-LA-10004623,"Smead Removable Labels, 5000 Label Set",Office Supplies,Labels
4761,OFF-AP-10001130,"Breville Toaster, Black",Office Supplies,Appliances
4762,OFF-LA-10001865,"Avery Round Labels, 5000 Label Set",Office Supplies,Labels
4763,OFF-LA-10004108,"Avery Round Labels, 5000 Label Set",Office Supplies,Labels
4764,OFF-AP-10004964,"Hoover Stove, White",Office Supplies,Appliances
4765,OFF-LA-10002029,"Hon Round Labels, 5000 Label Set",Office Supplies,Labels
4766,OFF-LA-10002782,"Hon File Folder Labels, Adjustable",Office Supplies,Labels
4767,OFF-AP-10003577,"Hoover Stove, Silver",Office Supplies,Appliances
4768,OFF-PA-10004835,"Enermax Computer Printout Paper, Multicolor",Office Supplies,Paper
4769,OFF-AP-10004227,"Hamilton Beach Refrigerator, White",Office Supplies,Appliances
4770,OFF-LA-10000095,"Avery Round Labels, Laser Printer Compatible",Office Supplies,Labels
4771,OFF-ST-10003231,"Fellowes Box, Industrial",Office Supplies,Storage
4772,OFF-FA-10001577,"Stockwell Staples, Bulk Pack",Office Supplies,Fasteners
4773,OFF-AR-10003028,"Binney & Smith Highlighters, Blue",Office Supplies,Art
4774,OFF-EN-10003838,"Cameo Business Envelopes, Security-Tint",Office Supplies,Envelopes
4775,OFF-EN-10003853,"Cameo Peel and Seal, Recycled",Office Supplies,Envelopes
4776,OFF-AR-10001479,"Binney & Smith Pencil Sharpener, Easy-Erase",Office Supplies,Art
4777,OFF-SU-10000102,"Stiletto Box Cutter, Easy Grip",Office Supplies,Supplies
4778,OFF-ST-10000794,"Tenex Trays, Wire Frame",Office Supplies,Storage
4779,OFF-EN-10003540,"Cameo Mailers, Set of 50",Office Supplies,Envelopes
4780,OFF-LA-10001170,"Harbour Creations Color Coded Labels, 5000 Label Set",Office Supplies,Labels
4781,OFF-SU-10001337,"Fiskars Box Cutter, Easy Grip",Office Supplies,Supplies
4782,OFF-SME-10004110,"Smead Color Coded Labels, Alphabetical",Office Supplies,Labels
4783,OFF-ST-10004315,"Rogers Lockers, Blue",Office Supplies,Storage
4784,OFF-CUI-10002269,"Cuisinart Refrigerator, Red",Office Supplies,Appliances
4785,OFF-PA-10002645,"Green Bar Computer Printout Paper, Recycled",Office Supplies,Paper
4786,OFF-ST-10002566,"Tenex Lockers, Wire Frame",Office Supplies,Storage
4787,OFF-FA-10003931,"Stockwell Push Pins, 12 Pack",Office Supplies,Fasteners
4788,OFF-EN-10001621,"GlobeWeis Business Envelopes, Security-Tint",Office Supplies,Envelopes
4789,OFF-EN-10002784,"Cameo Manila Envelope, Recycled",Office Supplies,Envelopes
4790,OFF-LA-10002851,"Hon Legal Exhibit Labels, 5000 Label Set",Office Supplies,Labels
4791,OFF-FA-10001596,"Stockwell Clamps, 12 Pack",Office Supplies,Fasteners
4792,OFF-AR-10002392,"Binney & Smith Highlighters, Blue",Office Supplies,Art
4793,OFF-ST-10004382,"Tenex Folders, Industrial",Office Supplies,Storage
4794,OFF-ST-10004489,"Smead Lockers, Single Width",Office Supplies,Storage
4795,OFF-PA-10003303,"Xerox Computer Printout Paper, Multicolor",Office Supplies,Paper
4796,OFF-BI-10004121,"Avery Index Tab, Durable",Office Supplies,Binders
4797,OFF-BI-10000968,"Acco Hole Reinforcements, Recycled",Office Supplies,Binders
4798,OFF-BI-10001324,"Ibico Hole Reinforcements, Clear",Office Supplies,Binders
4799,OFF-BI-10003309,"Wilson Jones Binder Covers, Clear",Office Supplies,Binders
4800,OFF-BI-10001028,"Ibico 3-Hole Punch, Clear",Office Supplies,Binders
4801,OFF-BI-10001200,"Avery Binder, Durable",Office Supplies,Binders
4802,OFF-BI-10004486,"Wilson Jones 3-Hole Punch, Durable",Office Supplies,Binders
4803,OFF-BI-10004986,"Ibico 3-Hole Punch, Recycled",Office Supplies,Binders
4804,OFF-BI-10004562,"Acco Binder, Clear",Office Supplies,Binders
4805,OFF-BI-10004078,"Wilson Jones 3-Hole Punch, Clear",Office Supplies,Binders
4806,OFF-BI-10002446,"Wilson Jones Binder, Economy",Office Supplies,Binders
4807,OFF-BI-10000359,"Ibico Binder Covers, Durable",Office Supplies,Binders
4808,OFF-BI-10002990,"Acco Index Tab, Clear",Office Supplies,Binders
4809,OFF-BI-10003124,"Cardinal Hole Reinforcements, Durable",Office Supplies,Binders
4810,OFF-BI-10001843,"Wilson Jones Index Tab, Durable",Office Supplies,Binders
4811,OFF-ST-10000806,"Fellowes Shelving, Industrial",Office Supplies,Storage
4812,OFF-ST-10004141,"Rogers Folders, Wire Frame",Office Supplies,Storage
4813,OFF-ST-10004020,"Tenex Lockers, Single Width",Office Supplies,Storage
4814,OFF-ST-10003835,"Rogers Folders, Single Width",Office Supplies,Storage
4815,OFF-ST-10002905,"Rogers Box, Single Width",Office Supplies,Storage
4816,OFF-ST-10000542,"Fellowes Folders, Industrial",Office Supplies,Storage
4817,OFF-ST-10003274,"Eldon Box, Wire Frame",Office Supplies,Storage
4818,OFF-ST-10002386,"Fellowes Shelving, Industrial",Office Supplies,Storage
4819,OFF-ST-10000580,"Fellowes Trays, Industrial",Office Supplies,Storage
4820,OFF-ST-10002506,"Smead Lockers, Blue",Office Supplies,Storage
4821,OFF-ST-10001554,"Tenex File Cart, Industrial",Office Supplies,Storage
4822,OFF-ST-10002172,"Fellowes Trays, Blue",Office Supplies,Storage
4823,OFF-ROG-10003300,"Rogers Box, Wire Frame",Office Supplies,Storage
4824,OFF-ST-10003012,"Tenex Folders, Industrial",Office Supplies,Storage
4825,OFF-ST-10001290,"Rogers Shelving, Single Width",Office Supplies,Storage
4826,OFF-ST-10003750,"Tenex Shelving, Wire Frame",Office Supplies,Storage
4827,OFF-ST-10004019,"Rogers Folders, Single Width",Office Supplies,Storage
4828,OFF-ST-10002720,"Rogers Shelving, Blue",Office Supplies,Storage
4829,OFF-ST-10004794,"Rogers Shelving, Blue",Office Supplies,Storage
4830,OFF-ST-10004830,"Eldon Lockers, Blue",Office Supplies,Storage
4831,OFF-ST-10003470,"Rogers Folders, Industrial",Office Supplies,Storage
4832,OFF-ST-10002902,"Fellowes Shelving, Blue",Office Supplies,Storage
4833,OFF-ELI-10001507,"Elite Scissors, Steel",Office Supplies,Supplies
4834,OFF-SU-10000178,"Acme Ruler, Easy Grip",Office Supplies,Supplies
4835,OFF-SU-10003717,"Stiletto Ruler, Serrated",Office Supplies,Supplies
4836,OFF-SU-10004659,"Elite Letter Opener, Easy Grip",Office Supplies,Supplies
4837,OFF-SU-10002227,"Elite Letter Opener, High Speed",Office Supplies,Supplies
4838,OFF-SU-10002342,"Kleencut Scissors, Steel",Office Supplies,Supplies
4839,OFF-SU-10002550,"Kleencut Scissors, Steel",Office Supplies,Supplies
4840,OFF-ACM-10004587,"Acme Scissors, Steel",Office Supplies,Supplies
4841,OFF-SU-10004589,"Elite Shears, Serrated",Office Supplies,Supplies
4842,OFF-SU-10003671,"Fiskars Scissors, High Speed",Office Supplies,Supplies
4843,OFF-SU-10001124,"Acme Trimmer, High Speed",Office Supplies,Supplies
4844,OFF-FIS-10002661,"Fiskars Shears, Steel",Office Supplies,Supplies
4845,OFF-SU-10000180,"Acme Shears, Serrated",Office Supplies,Supplies
4846,OFF-ACM-10000277,"Acme Ruler, High Speed",Office Supplies,Supplies
4847,OFF-SU-10003834,"Stiletto Shears, High Speed",Office Supplies,Supplies
4848,OFF-SU-10002419,"Fiskars Letter Opener, Easy Grip",Office Supplies,Supplies
4849,OFF-SU-10003082,"Acme Box Cutter, Easy Grip",Office Supplies,Supplies
4850,OFF-SU-10004283,"Elite Shears, Steel",Office Supplies,Supplies
4851,OFF-SU-10002002,"Fiskars Scissors, Steel",Office Supplies,Supplies
4852,OFF-SU-10003277,"Elite Ruler, Serrated",Office Supplies,Supplies
4853,OFF-SU-10001343,"Elite Scissors, High Speed",Office Supplies,Supplies
4854,OFF-SU-10004110,"Stiletto Scissors, Serrated",Office Supplies,Supplies
4855,OFF-SU-10001891,"Stiletto Box Cutter, Easy Grip",Office Supplies,Supplies
4856,OFF-SU-10002362,"Acme Ruler, Serrated",Office Supplies,Supplies
4857,OFF-SU-10002414,"Stiletto Ruler, Easy Grip",Office Supplies,Supplies
4858,OFF-ELI-10000443,"Elite Shears, Steel",Office Supplies,Supplies
4859,OFF-JIF-10004450,"Jiffy Mailers, Recycled",Office Supplies,Envelopes
4860,OFF-EN-10002007,"Kraft Clasp Envelope, with clear poly window",Office Supplies,Envelopes
4861,OFF-EN-10003733,"Cameo Interoffice Envelope, Security-Tint",Office Supplies,Envelopes
4862,OFF-EN-10000645,"Ames Mailers, Recycled",Office Supplies,Envelopes
4863,OFF-EN-10004211,"GlobeWeis Business Envelopes, Security-Tint",Office Supplies,Envelopes
4864,OFF-EN-10000069,"Ames Mailers, Security-Tint",Office Supplies,Envelopes
4865,OFF-EN-10001029,"Cameo Business Envelopes, Recycled",Office Supplies,Envelopes
4866,OFF-EN-10004186,"Cameo Mailers, Set of 50",Office Supplies,Envelopes
4867,OFF-EN-10000694,"GlobeWeis Business Envelopes, Security-Tint",Office Supplies,Envelopes
4868,OFF-EN-10004568,"Kraft Business Envelopes, Set of 50",Office Supplies,Envelopes
4869,OFF-JIF-10004213,"Jiffy Business Envelopes, Set of 50",Office Supplies,Envelopes
4870,OFF-JIF-10000843,"Jiffy Manila Envelope, Set of 50",Office Supplies,Envelopes
4871,OFF-EN-10001491,"Jiffy Interoffice Envelope, Set of 50",Office Supplies,Envelopes
4872,OFF-GLO-10003463,"GlobeWeis Peel and Seal, Security-Tint",Office Supplies,Envelopes
4873,OFF-EN-10001832,"Ames Mailers, with clear poly window",Office Supplies,Envelopes
4874,OFF-EN-10002013,"Cameo Business Envelopes, Security-Tint",Office Supplies,Envelopes
4875,OFF-EN-10004493,"GlobeWeis Manila Envelope, Security-Tint",Office Supplies,Envelopes
4876,OFF-EN-10001882,"Jiffy Manila Envelope, with clear poly window",Office Supplies,Envelopes
4877,OFF-GLO-10000617,"GlobeWeis Peel and Seal, Recycled",Office Supplies,Envelopes
4878,OFF-LA-10003674,"Hon Legal Exhibit Labels, Alphabetical",Office Supplies,Labels
4879,OFF-LA-10002107,"Harbour Creations Removable Labels, Laser Printer Compatible",Office Supplies,Labels
4880,OFF-LA-10001672,"Avery Legal Exhibit Labels, Alphabetical",Office Supplies,Labels
4881,OFF-LA-10004020,"Hon Color Coded Labels, 5000 Label Set",Office Supplies,Labels
4882,OFF-SME-10000675,"Smead Round Labels, 5000 Label Set",Office Supplies,Labels
4883,OFF-LA-10001930,"Hon Removable Labels, Adjustable",Office Supplies,Labels
4884,OFF-LA-10001063,"Novimex Removable Labels, 5000 Label Set",Office Supplies,Labels
4885,OFF-LA-10001469,"Smead File Folder Labels, Laser Printer Compatible",Office Supplies,Labels
4886,OFF-LA-10003058,"Novimex Legal Exhibit Labels, Adjustable",Office Supplies,Labels
4887,OFF-LA-10004280,"Harbour Creations Legal Exhibit Labels, Alphabetical",Office Supplies,Labels
4888,OFF-HAR-10000414,"Harbour Creations Round Labels, Adjustable",Office Supplies,Labels
4889,OFF-SME-10003746,"Smead Legal Exhibit Labels, Adjustable",Office Supplies,Labels
4890,OFF-LA-10001019,"Hon Legal Exhibit Labels, Laser Printer Compatible",Office Supplies,Labels
4891,OFF-LA-10001312,"Hon File Folder Labels, Laser Printer Compatible",Office Supplies,Labels
4892,OFF-LA-10003090,"Harbour Creations File Folder Labels, Adjustable",Office Supplies,Labels
4893,OFF-AVE-10002102,"Avery File Folder Labels, Adjustable",Office Supplies,Labels
4894,OFF-LA-10000536,"Smead Color Coded Labels, Laser Printer Compatible",Office Supplies,Labels
4895,OFF-NOV-10002610,"Novimex File Folder Labels, Alphabetical",Office Supplies,Labels
4896,OFF-LA-10003973,"Hon Removable Labels, Laser Printer Compatible",Office Supplies,Labels
4897,OFF-LA-10002731,"Smead Removable Labels, Laser Printer Compatible",Office Supplies,Labels
4898,OFF-LA-10001230,"Smead Removable Labels, Adjustable",Office Supplies,Labels
4899,OFF-PA-10000758,"SanDisk Computer Printout Paper, 8.5 x 11",Office Supplies,Paper
4900,OFF-PA-10001142,"Green Bar Note Cards, Multicolor",Office Supplies,Paper
4901,OFF-PA-10004990,"Xerox Note Cards, Recycled",Office Supplies,Paper
4902,OFF-PA-10001258,"Green Bar Cards & Envelopes, Multicolor",Office Supplies,Paper
4903,OFF-GRE-10001774,"Green Bar Note Cards, Premium",Office Supplies,Paper
4904,OFF-PA-10003027,"Enermax Message Books, Premium",Office Supplies,Paper
4905,OFF-GRE-10001814,"Green Bar Computer Printout Paper, 8.5 x 11",Office Supplies,Paper
4906,OFF-PA-10003805,"Eaton Note Cards, Multicolor",Office Supplies,Paper
4907,OFF-PA-10004054,"Green Bar Computer Printout Paper, Recycled",Office Supplies,Paper
4908,OFF-PA-10002925,"Enermax Cards & Envelopes, Multicolor",Office Supplies,Paper
4909,OFF-PA-10004380,"SanDisk Memo Slips, Multicolor",Office Supplies,Paper
4910,OFF-PA-10002862,"Green Bar Message Books, Recycled",Office Supplies,Paper
4911,OFF-PA-10000030,"Eaton Parchment Paper, Recycled",Office Supplies,Paper
4912,OFF-PA-10004124,"Xerox Message Books, Multicolor",Office Supplies,Paper
4913,OFF-PA-10002218,"Enermax Note Cards, Multicolor",Office Supplies,Paper
4914,OFF-PA-10004444,"SanDisk Note Cards, Premium",Office Supplies,Paper
4915,OFF-EAT-10004979,"Eaton Cards & Envelopes, Multicolor",Office Supplies,Paper
4916,OFF-XER-10003329,"Xerox Computer Printout Paper, Multicolor",Office Supplies,Paper
4917,OFF-PA-10001537,"Green Bar Note Cards, 8.5 x 11",Office Supplies,Paper
4918,OFF-PA-10004433,"Green Bar Parchment Paper, Premium",Office Supplies,Paper
4919,OFF-PA-10003573,"Enermax Parchment Paper, 8.5 x 11",Office Supplies,Paper
4920,OFF-PA-10003835,"SanDisk Memo Slips, Premium",Office Supplies,Paper
4921,OFF-PA-10001979,"Enermax Message Books, Premium",Office Supplies,Paper
4922,OFF-FA-10002011,"OIC Push Pins, Bulk Pack",Office Supplies,Fasteners
4923,OFF-FA-10001152,"Stockwell Clamps, Metal",Office Supplies,Fasteners
4924,OFF-ACC-10002327,"Accos Thumb Tacks, Metal",Office Supplies,Fasteners
4925,OFF-FA-10004269,"Accos Staples, Assorted Sizes",Office Supplies,Fasteners
4926,OFF-FA-10000475,"OIC Paper Clips, Metal",Office Supplies,Fasteners
4927,OFF-FA-10001330,"OIC Rubber Bands, Bulk Pack",Office Supplies,Fasteners
4928,OFF-FA-10000191,"Stockwell Rubber Bands, 12 Pack",Office Supplies,Fasteners
4929,OFF-FA-10002453,"Stockwell Thumb Tacks, Bulk Pack",Office Supplies,Fasteners
4930,OFF-FA-10003429,"Accos Paper Clips, Metal",Office Supplies,Fasteners
4931,OFF-FA-10003685,"Stockwell Rubber Bands, Bulk Pack",Office Supplies,Fasteners
4932,OFF-FA-10002815,"Stockwell Thumb Tacks, 12 Pack",Office Supplies,Fasteners
4933,OFF-FA-10002632,"Accos Staples, Metal",Office Supplies,Fasteners
4934,OFF-FA-10004447,"Advantus Rubber Bands, Metal",Office Supplies,Fasteners
4935,OFF-STO-10004496,"Stockwell Push Pins, Bulk Pack",Office Supplies,Fasteners
4936,OFF-OIC-10000189,"OIC Clamps, Metal",Office Supplies,Fasteners
4937,OFF-FA-10000838,"Stockwell Push Pins, Assorted Sizes",Office Supplies,Fasteners
4938,OFF-FA-10003450,"Advantus Paper Clips, Metal",Office Supplies,Fasteners
4939,OFF-FA-10004687,"Advantus Thumb Tacks, Bulk Pack",Office Supplies,Fasteners
4940,OFF-FA-10000459,"OIC Paper Clips, 12 Pack",Office Supplies,Fasteners
4941,OFF-FA-10000907,"OIC Rubber Bands, Bulk Pack",Office Supplies,Fasteners
4942,OFF-FA-10003004,"Advantus Push Pins, Metal",Office Supplies,Fasteners
4943,OFF-AP-10002165,"Hamilton Beach Blender, White",Office Supplies,Appliances
4944,OFF-AP-10003598,"Breville Refrigerator, Red",Office Supplies,Appliances
4945,OFF-AP-10002134,"KitchenAid Coffee Grinder, White",Office Supplies,Appliances
4946,OFF-BRE-10002255,"Breville Stove, White",Office Supplies,Appliances
4947,OFF-AP-10002226,"Hoover Blender, Black",Office Supplies,Appliances
4948,OFF-KIT-10004732,"KitchenAid Blender, Silver",Office Supplies,Appliances
4949,OFF-HAM-10001107,"Hamilton Beach Refrigerator, Silver",Office Supplies,Appliances
4950,OFF-AP-10000675,"Hamilton Beach Stove, White",Office Supplies,Appliances
4951,OFF-BRE-10003382,"Breville Stove, Silver",Office Supplies,Appliances
4952,OFF-AP-10000977,"Breville Blender, White",Office Supplies,Appliances
4953,OFF-AP-10003007,"Breville Toaster, Red",Office Supplies,Appliances
4954,OFF-CUI-10001990,"Cuisinart Refrigerator, White",Office Supplies,Appliances
4955,OFF-AP-10004571,"Hoover Stove, Silver",Office Supplies,Appliances
4956,OFF-HOO-10000638,"Hoover Toaster, Black",Office Supplies,Appliances
4957,OFF-AP-10004191,"Cuisinart Refrigerator, Silver",Office Supplies,Appliances
4958,OFF-AP-10000545,"Cuisinart Toaster, Black",Office Supplies,Appliances
4959,OFF-AP-10000108,"Breville Refrigerator, Black",Office Supplies,Appliances
4960,OFF-AP-10000261,"Cuisinart Toaster, Silver",Office Supplies,Appliances
4961,OFF-HOO-10001987,"Hoover Coffee Grinder, Red",Office Supplies,Appliances
4962,OFF-AP-10002531,"Hoover Blender, White",Office Supplies,Appliances
4963,OFF-AP-10003298,"KitchenAid Coffee Grinder, Black",Office Supplies,Appliances
4964,OFF-AP-10002793,"KitchenAid Stove, Black",Office Supplies,Appliances
4965,OFF-HAM-10002778,"Hamilton Beach Microwave, Black",Office Supplies,Appliances
4966,OFF-KIT-10002828,"KitchenAid Microwave, White",Office Supplies,Appliances
4967,OFF-AP-10001076,"Hamilton Beach Coffee Grinder, Red",Office Supplies,Appliances
4968,OFF-AP-10002933,"Hoover Blender, Silver",Office Supplies,Appliances
4969,OFF-AP-10001058,"Cuisinart Microwave, White",Office Supplies,Appliances
4970,OFF-AP-10002344,"Hoover Microwave, Silver",Office Supplies,Appliances
4971,OFF-AP-10004756,"Hamilton Beach Toaster, Red",Office Supplies,Appliances
4972,OFF-AR-10000227,"BIC Sketch Pad, Fluorescent",Office Supplies,Art
4973,OFF-AR-10000251,"Stanley Markers, Fluorescent",Office Supplies,Art
4974,OFF-AR-10000493,"Boston Pencil Sharpener, Fluorescent",Office Supplies,Art
4975,OFF-AR-10003557,"Boston Highlighters, Easy-Erase",Office Supplies,Art
4976,OFF-AR-10001518,"Binney & Smith Pencil Sharpener, Water Color",Office Supplies,Art
4977,OFF-AR-10000676,"Sanford Markers, Blue",Office Supplies,Art
4978,OFF-AR-10000513,"BIC Pencil Sharpener, Easy-Erase",Office Supplies,Art
4979,OFF-AR-10001654,"Stanley Highlighters, Fluorescent",Office Supplies,Art
4980,OFF-AR-10000821,"Sanford Highlighters, Fluorescent",Office Supplies,Art
4981,OFF-AR-10001073,"Sanford Markers, Easy-Erase",Office Supplies,Art
4982,OFF-AR-10002260,"Boston Pens, Blue",Office Supplies,Art
4983,OFF-AR-10003582,"BIC Pencil Sharpener, Water Color",Office Supplies,Art
4984,OFF-AR-10002105,"Boston Highlighters, Fluorescent",Office Supplies,Art
4985,OFF-AR-10003110,"Sanford Sketch Pad, Water Color",Office Supplies,Art
4986,OFF-AR-10003536,"Stanley Pencil Sharpener, Water Color",Office Supplies,Art
4987,OFF-AR-10003620,"Boston Pencil Sharpener, Water Color",Office Supplies,Art
4988,OFF-AR-10000614,"Sanford Markers, Blue",Office Supplies,Art
4989,OFF-BI-10000287,"Wilson Jones Index Tab, Recycled",Office Supplies,Binders
4990,OFF-BI-10004830,"Ibico Index Tab, Clear",Office Supplies,Binders
4991,OFF-BI-10003159,"Avery Binding Machine, Durable",Office Supplies,Binders
4992,OFF-BI-10001650,"Avery 3-Hole Punch, Economy",Office Supplies,Binders
4993,OFF-BI-10004597,"Avery Binding Machine, Durable",Office Supplies,Binders
4994,OFF-BI-10002329,"Avery 3-Hole Punch, Durable",Office Supplies,Binders
4995,OFF-BI-10000348,"Cardinal Index Tab, Durable",Office Supplies,Binders
4996,OFF-BI-10002681,"Ibico Binder, Clear",Office Supplies,Binders
4997,OFF-BI-10002533,"Wilson Jones Binding Machine, Economy",Office Supplies,Binders
4998,OFF-BI-10004741,"Acco Binder, Durable",Office Supplies,Binders
4999,OFF-BI-10003985,"Cardinal Index Tab, Economy",Office Supplies,Binders
5000,OFF-BI-10002005,"Acco Index Tab, Clear",Office Supplies,Binders
5001,OFF-EN-10003770,"Kraft Manila Envelope, with clear poly window",Office Supplies,Envelopes
5002,OFF-EN-10001109,"Ames Interoffice Envelope, Recycled",Office Supplies,Envelopes
5003,OFF-EN-10003630,"GlobeWeis Business Envelopes, Set of 50",Office Supplies,Envelopes
5004,OFF-EN-10003422,"Kraft Peel and Seal, Recycled",Office Supplies,Envelopes
5005,OFF-EN-10003834,"Cameo Business Envelopes, Recycled",Office Supplies,Envelopes
5006,OFF-EN-10000543,"Ames Clasp Envelope, Security-Tint",Office Supplies,Envelopes
5007,OFF-EN-10000122,"Ames Business Envelopes, Recycled",Office Supplies,Envelopes
5008,OFF-EN-10002406,"Kraft Business Envelopes, Recycled",Office Supplies,Envelopes
5009,OFF-EN-10002048,"Ames Manila Envelope, Set of 50",Office Supplies,Envelopes
5010,OFF-EN-10003619,"Kraft Manila Envelope, with clear poly window",Office Supplies,Envelopes
5011,OFF-EN-10001789,"Kraft Peel and Seal, Set of 50",Office Supplies,Envelopes
5012,OFF-EN-10000871,"Ames Interoffice Envelope, Set of 50",Office Supplies,Envelopes
5013,OFF-EN-10004885,"Jiffy Interoffice Envelope, Recycled",Office Supplies,Envelopes
5014,OFF-GLO-10003650,"GlobeWeis Mailers, with clear poly window",Office Supplies,Envelopes
5015,OFF-EN-10002592,"Cameo Interoffice Envelope, Recycled",Office Supplies,Envelopes
5016,OFF-EN-10000428,"Cameo Clasp Envelope, with clear poly window",Office Supplies,Envelopes
5017,OFF-EN-10000539,"Ames Clasp Envelope, with clear poly window",Office Supplies,Envelopes
5018,OFF-EN-10003316,"Jiffy Business Envelopes, Recycled",Office Supplies,Envelopes
5019,OFF-EN-10000968,"Kraft Mailers, Recycled",Office Supplies,Envelopes
5020,OFF-EN-10003668,"Ames Business Envelopes, Recycled",Office Supplies,Envelopes
5021,OFF-AME-10002923,"Ames Clasp Envelope, Set of 50",Office Supplies,Envelopes
5022,OFF-EN-10003018,"GlobeWeis Clasp Envelope, Set of 50",Office Supplies,Envelopes
5023,OFF-EN-10002806,"GlobeWeis Peel and Seal, Recycled",Office Supplies,Envelopes
5024,OFF-EN-10000788,"Cameo Peel and Seal, Set of 50",Office Supplies,Envelopes
5025,OFF-NOV-10000721,"Novimex File Folder Labels, Laser Printer Compatible",Office Supplies,Labels
5026,OFF-AVE-10000585,"Avery Legal Exhibit Labels, Adjustable",Office Supplies,Labels
5027,OFF-LA-10002353,"Harbour Creations Legal Exhibit Labels, Laser Printer Compatible",Office Supplies,Labels
5028,OFF-HAR-10001948,"Harbour Creations File Folder Labels, Adjustable",Office Supplies,Labels
5029,OFF-HON-10003230,"Hon Removable Labels, Adjustable",Office Supplies,Labels
5030,OFF-NOV-10003964,"Novimex File Folder Labels, 5000 Label Set",Office Supplies,Labels
5031,OFF-NOV-10001238,"Novimex Shipping Labels, Alphabetical",Office Supplies,Labels
5032,OFF-AVE-10000418,"Avery Color Coded Labels, 5000 Label Set",Office Supplies,Labels
5033,OFF-LA-10000784,"Harbour Creations File Folder Labels, 5000 Label Set",Office Supplies,Labels
5034,OFF-LA-10000757,"Harbour Creations Removable Labels, 5000 Label Set",Office Supplies,Labels
5035,OFF-LA-10002086,"Hon Shipping Labels, 5000 Label Set",Office Supplies,Labels
5036,OFF-LA-10002020,"Novimex Color Coded Labels, 5000 Label Set",Office Supplies,Labels
5037,OFF-LA-10002088,"Novimex Round Labels, Laser Printer Compatible",Office Supplies,Labels
5038,OFF-LA-10002630,"Novimex Legal Exhibit Labels, Laser Printer Compatible",Office Supplies,Labels
5039,OFF-LA-10002037,"Avery Shipping Labels, 5000 Label Set",Office Supplies,Labels
5040,OFF-LA-10001803,"Avery Legal Exhibit Labels, Adjustable",Office Supplies,Labels
5041,OFF-LA-10004488,"Novimex Color Coded Labels, Adjustable",Office Supplies,Labels
5042,OFF-LA-10004400,"Hon Legal Exhibit Labels, Laser Printer Compatible",Office Supplies,Labels
5043,OFF-LA-10003338,"Harbour Creations Removable Labels, 5000 Label Set",Office Supplies,Labels
5044,OFF-LA-10000477,"Smead Round Labels, Alphabetical",Office Supplies,Labels
5045,OFF-LA-10002337,"Smead Shipping Labels, 5000 Label Set",Office Supplies,Labels
5046,OFF-LA-10003617,"Smead Legal Exhibit Labels, Adjustable",Office Supplies,Labels
5047,OFF-LA-10004614,"Smead Round Labels, 5000 Label Set",Office Supplies,Labels
5048,OFF-LA-10004756,"Avery Removable Labels, Laser Printer Compatible",Office Supplies,Labels
5049,OFF-LA-10004774,"Avery Shipping Labels, Alphabetical",Office Supplies,Labels
5050,OFF-LA-10000767,"Hon Legal Exhibit Labels, Laser Printer Compatible",Office Supplies,Labels
5051,OFF-LA-10000321,"Novimex Color Coded Labels, Adjustable",Office Supplies,Labels
5052,OFF-LA-10002389,"Smead Legal Exhibit Labels, Alphabetical",Office Supplies,Labels
5053,OFF-LA-10003231,"Smead Round Labels, Adjustable",Office Supplies,Labels
5054,OFF-LA-10000560,"Smead File Folder Labels, Alphabetical",Office Supplies,Labels
5055,OFF-LA-10004859,"Avery Legal Exhibit Labels, Alphabetical",Office Supplies,Labels
5056,OFF-FA-10004359,"OIC Paper Clips, Assorted Sizes",Office Supplies,Fasteners
5057,OFF-FA-10002045,"Accos Rubber Bands, Metal",Office Supplies,Fasteners
5058,OFF-FA-10001175,"OIC Staples, Bulk Pack",Office Supplies,Fasteners
5059,OFF-FA-10003144,"Stockwell Clamps, Metal",Office Supplies,Fasteners
5060,OFF-FA-10000349,"OIC Push Pins, 12 Pack",Office Supplies,Fasteners
5061,OFF-FA-10000659,"Stockwell Clamps, 12 Pack",Office Supplies,Fasteners
5062,OFF-OIC-10004999,"OIC Push Pins, Metal",Office Supplies,Fasteners
5063,OFF-OIC-10001056,"OIC Clamps, 12 Pack",Office Supplies,Fasteners
5064,OFF-STO-10004495,"Stockwell Thumb Tacks, Bulk Pack",Office Supplies,Fasteners
5065,OFF-FA-10004664,"Advantus Push Pins, Bulk Pack",Office Supplies,Fasteners
5066,OFF-FA-10001710,"Advantus Rubber Bands, Metal",Office Supplies,Fasteners
5067,OFF-ADV-10002593,"Advantus Clamps, Bulk Pack",Office Supplies,Fasteners
5068,OFF-OIC-10004253,"OIC Rubber Bands, Bulk Pack",Office Supplies,Fasteners
5069,OFF-FA-10001045,"Stockwell Staples, 12 Pack",Office Supplies,Fasteners
5070,OFF-FA-10001187,"Stockwell Paper Clips, Bulk Pack",Office Supplies,Fasteners
5071,OFF-STO-10002857,"Stockwell Push Pins, 12 Pack",Office Supplies,Fasteners
5072,OFF-FA-10001764,"OIC Staples, Bulk Pack",Office Supplies,Fasteners
5073,OFF-FA-10000197,"Stockwell Rubber Bands, Assorted Sizes",Office Supplies,Fasteners
5074,OFF-FA-10000207,"OIC Clamps, Assorted Sizes",Office Supplies,Fasteners
5075,OFF-FA-10002061,"Accos Paper Clips, Bulk Pack",Office Supplies,Fasteners
5076,OFF-FA-10001718,"Accos Staples, Assorted Sizes",Office Supplies,Fasteners
5077,OFF-FA-10003897,"Stockwell Push Pins, Metal",Office Supplies,Fasteners
5078,OFF-FA-10004563,"Stockwell Clamps, Assorted Sizes",Office Supplies,Fasteners
5079,OFF-FA-10003531,"Accos Thumb Tacks, Bulk Pack",Office Supplies,Fasteners
5080,OFF-FA-10001128,"Stockwell Clamps, Bulk Pack",Office Supplies,Fasteners
5081,OFF-FA-10003007,"OIC Rubber Bands, Assorted Sizes",Office Supplies,Fasteners
5082,OFF-FA-10004586,"Stockwell Staples, 12 Pack",Office Supplies,Fasteners
5083,OFF-SU-10003659,"Fiskars Trimmer, Steel",Office Supplies,Supplies
5084,OFF-ELI-10000044,"Elite Ruler, Serrated",Office Supplies,Supplies
5085,OFF-SU-10004435,"Stiletto Shears, Serrated",Office Supplies,Supplies
5086,OFF-SU-10000997,"Fiskars Shears, Easy Grip",Office Supplies,Supplies
5087,OFF-FIS-10002703,"Fiskars Letter Opener, Easy Grip",Office Supplies,Supplies
5088,OFF-SU-10004696,"Acme Shears, Easy Grip",Office Supplies,Supplies
5089,OFF-SU-10001886,"Acme Box Cutter, Serrated",Office Supplies,Supplies
5090,OFF-SU-10003209,"Elite Scissors, Easy Grip",Office Supplies,Supplies
5091,OFF-STI-10001136,"Stiletto Letter Opener, Easy Grip",Office Supplies,Supplies
5092,OFF-SU-10003544,"Kleencut Scissors, High Speed",Office Supplies,Supplies
5093,OFF-SU-10002909,"Fiskars Ruler, Easy Grip",Office Supplies,Supplies
5094,OFF-SU-10001698,"Stiletto Box Cutter, Steel",Office Supplies,Supplies
5095,OFF-SU-10003723,"Elite Shears, High Speed",Office Supplies,Supplies
5096,OFF-ACM-10002045,"Acme Shears, High Speed",Office Supplies,Supplies
5097,OFF-SU-10002900,"Kleencut Trimmer, Easy Grip",Office Supplies,Supplies
5098,OFF-SU-10002429,"Fiskars Box Cutter, Steel",Office Supplies,Supplies
5099,OFF-SU-10000789,"Kleencut Box Cutter, Serrated",Office Supplies,Supplies
5100,OFF-SU-10002934,"Elite Shears, Serrated",Office Supplies,Supplies
5101,OFF-STI-10001171,"Stiletto Letter Opener, Easy Grip",Office Supplies,Supplies
5102,OFF-FIS-10002784,"Fiskars Box Cutter, High Speed",Office Supplies,Supplies
5103,OFF-SU-10004373,"Kleencut Scissors, Steel",Office Supplies,Supplies
5104,OFF-SU-10001066,"Kleencut Box Cutter, Easy Grip",Office Supplies,Supplies
5105,OFF-SU-10001506,"Kleencut Letter Opener, Steel",Office Supplies,Supplies
5106,OFF-ELI-10003732,"Elite Letter Opener, Easy Grip",Office Supplies,Supplies
5107,OFF-PA-10003232,"Eaton Parchment Paper, 8.5 x 11",Office Supplies,Paper
5108,OFF-PA-10002976,"Xerox Computer Printout Paper, 8.5 x 11",Office Supplies,Paper
5109,OFF-PA-10002394,"Eaton Computer Printout Paper, Recycled",Office Supplies,Paper
5110,OFF-PA-10003416,"Green Bar Parchment Paper, Recycled",Office Supplies,Paper
5111,OFF-SAN-10000931,"SanDisk Message Books, 8.5 x 11",Office Supplies,Paper
5112,OFF-PA-10001944,"SanDisk Computer Printout Paper, Premium",Office Supplies,Paper
5113,OFF-EAT-10004036,"Eaton Parchment Paper, Premium",Office Supplies,Paper
5114,OFF-PA-10002461,"Eaton Parchment Paper, Multicolor",Office Supplies,Paper
5115,OFF-PA-10002921,"Eaton Message Books, Multicolor",Office Supplies,Paper
5116,OFF-PA-10003020,"Xerox Message Books, Premium",Office Supplies,Paper
5117,OFF-ENE-10002470,"Enermax Cards & Envelopes, 8.5 x 11",Office Supplies,Paper
5118,OFF-GRE-10004359,"Green Bar Message Books, 8.5 x 11",Office Supplies,Paper
5119,OFF-PA-10002109,"SanDisk Message Books, Premium",Office Supplies,Paper
5120,OFF-PA-10003969,"Green Bar Note Cards, 8.5 x 11",Office Supplies,Paper
5121,OFF-PA-10004379,"Enermax Computer Printout Paper, Premium",Office Supplies,Paper
5122,OFF-PA-10000944,"Enermax Computer Printout Paper, 8.5 x 11",Office Supplies,Paper
5123,OFF-ENE-10000935,"Enermax Memo Slips, Premium",Office Supplies,Paper
5124,OFF-ENE-10003066,"Enermax Memo Slips, Multicolor",Office Supplies,Paper
5125,OFF-PA-10002479,"Enermax Cards & Envelopes, 8.5 x 11",Office Supplies,Paper
5126,OFF-ENE-10000199,"Enermax Computer Printout Paper, Multicolor",Office Supplies,Paper
5127,OFF-PA-10004673,"Green Bar Memo Slips, Recycled",Office Supplies,Paper
5128,OFF-PA-10000318,"Green Bar Parchment Paper, 8.5 x 11",Office Supplies,Paper
5129,OFF-PA-10003359,"Eaton Cards & Envelopes, 8.5 x 11",Office Supplies,Paper
5130,OFF-PA-10002101,"Xerox Parchment Paper, Multicolor",Office Supplies,Paper
5131,OFF-PA-10000827,"Enermax Message Books, 8.5 x 11",Office Supplies,Paper
5132,OFF-PA-10001223,"SanDisk Cards & Envelopes, Premium",Office Supplies,Paper
5133,OFF-PA-10001595,"Enermax Memo Slips, 8.5 x 11",Office Supplies,Paper
5134,OFF-PA-10000277,"SanDisk Computer Printout Paper, Premium",Office Supplies,Paper
5135,OFF-PA-10001656,"SanDisk Parchment Paper, 8.5 x 11",Office Supplies,Paper
5136,OFF-PA-10003039,"Xerox Note Cards, 8.5 x 11",Office Supplies,Paper
5137,OFF-PA-10003981,"SanDisk Note Cards, Premium",Office Supplies,Paper
5138,OFF-AP-10003491,"Hoover Coffee Grinder, Silver",Office Supplies,Appliances
5139,OFF-AP-10003562,"Hamilton Beach Toaster, Silver",Office Supplies,Appliances
5140,OFF-AP-10001635,"KitchenAid Refrigerator, Silver",Office Supplies,Appliances
5141,OFF-AP-10001905,"KitchenAid Toaster, White",Office Supplies,Appliances
5142,OFF-AP-10002568,"Hamilton Beach Toaster, Black",Office Supplies,Appliances
5143,OFF-AP-10003382,"Breville Stove, White",Office Supplies,Appliances
5144,OFF-CUI-10003670,"Cuisinart Toaster, White",Office Supplies,Appliances
5145,OFF-AP-10002697,"Breville Coffee Grinder, Red",Office Supplies,Appliances
5146,OFF-AP-10003558,"Hoover Refrigerator, White",Office Supplies,Appliances
5147,OFF-HOO-10002386,"Hoover Toaster, Silver",Office Supplies,Appliances
5148,OFF-AP-10001299,"Cuisinart Microwave, Silver",Office Supplies,Appliances
5149,OFF-AP-10003758,"KitchenAid Blender, Silver",Office Supplies,Appliances
5150,OFF-AP-10003221,"Cuisinart Refrigerator, Red",Office Supplies,Appliances
5151,OFF-AP-10003184,"KitchenAid Stove, Silver",Office Supplies,Appliances
5152,OFF-AP-10000510,"Cuisinart Coffee Grinder, Red",Office Supplies,Appliances
5153,OFF-AP-10000729,"KitchenAid Refrigerator, White",Office Supplies,Appliances
5154,OFF-AP-10001606,"KitchenAid Toaster, Black",Office Supplies,Appliances
5155,OFF-BRE-10000391,"Breville Toaster, Black",Office Supplies,Appliances
5156,OFF-AP-10004755,"KitchenAid Microwave, Black",Office Supplies,Appliances
5157,OFF-CUI-10001302,"Cuisinart Blender, Silver",Office Supplies,Appliances
5158,OFF-AP-10004295,"Cuisinart Refrigerator, Silver",Office Supplies,Appliances
5159,OFF-AP-10001805,"KitchenAid Toaster, Silver",Office Supplies,Appliances
5160,OFF-AP-10000023,"Breville Toaster, Black",Office Supplies,Appliances
5161,OFF-AP-10002421,"Breville Stove, Silver",Office Supplies,Appliances
5162,OFF-AP-10000825,"KitchenAid Coffee Grinder, White",Office Supplies,Appliances
5163,OFF-AP-10004919,"Hamilton Beach Blender, White",Office Supplies,Appliances
5164,OFF-BRE-10004310,"Breville Blender, Black",Office Supplies,Appliances
5165,OFF-KIT-10001609,"KitchenAid Coffee Grinder, Red",Office Supplies,Appliances
5166,OFF-CUI-10004428,"Cuisinart Coffee Grinder, White",Office Supplies,Appliances
5167,OFF-KIT-10003990,"KitchenAid Toaster, Silver",Office Supplies,Appliances
5168,OFF-HOO-10002752,"Hoover Refrigerator, Red",Office Supplies,Appliances
5169,OFF-AP-10000004,"Cuisinart Stove, Silver",Office Supplies,Appliances
5170,OFF-AP-10001266,"Hoover Toaster, Black",Office Supplies,Appliances
5171,OFF-AP-10000864,"Hamilton Beach Refrigerator, Black",Office Supplies,Appliances
5172,OFF-AP-10002753,"Cuisinart Toaster, Red",Office Supplies,Appliances
5173,OFF-AP-10000039,"Breville Coffee Grinder, Silver",Office Supplies,Appliances
5174,OFF-KIT-10003337,"KitchenAid Microwave, Silver",Office Supplies,Appliances
5175,OFF-AP-10002531,"Cuisinart Blender, Red",Office Supplies,Appliances
5176,OFF-AP-10003177,"Hamilton Beach Toaster, White",Office Supplies,Appliances
5177,OFF-AP-10000873,"Hamilton Beach Microwave, Red",Office Supplies,Appliances
5178,OFF-AP-10003577,"Cuisinart Blender, Black",Office Supplies,Appliances
5179,OFF-AP-10003477,"Hamilton Beach Blender, Silver",Office Supplies,Appliances
5180,OFF-AP-10003473,"Hoover Coffee Grinder, Black",Office Supplies,Appliances
5181,OFF-AP-10001099,"Hoover Stove, Black",Office Supplies,Appliances
5182,OFF-AP-10002413,"Breville Coffee Grinder, Black",Office Supplies,Appliances
5183,OFF-AP-10002057,"Breville Coffee Grinder, Black",Office Supplies,Appliances
5184,OFF-ST-10001719,"Tenex Trays, Industrial",Office Supplies,Storage
5185,OFF-ST-10002834,"Smead File Cart, Single Width",Office Supplies,Storage
5186,OFF-ST-10003150,"Smead Lockers, Wire Frame",Office Supplies,Storage
5187,OFF-ST-10003147,"Tenex Box, Blue",Office Supplies,Storage
5188,OFF-ST-10004687,"Eldon Lockers, Industrial",Office Supplies,Storage
5189,OFF-ST-10000648,"Eldon File Cart, Industrial",Office Supplies,Storage
5190,OFF-ST-10004597,"Rogers File Cart, Blue",Office Supplies,Storage
5191,OFF-ST-10004431,"Fellowes Trays, Single Width",Office Supplies,Storage
5192,OFF-ST-10003286,"Rogers Lockers, Wire Frame",Office Supplies,Storage
5193,OFF-ST-10003322,"Eldon Shelving, Wire Frame",Office Supplies,Storage
5194,OFF-ST-10000242,"Fellowes Folders, Wire Frame",Office Supplies,Storage
5195,OFF-ST-10001057,"Eldon Folders, Wire Frame",Office Supplies,Storage
5196,OFF-ST-10002318,"Smead Box, Industrial",Office Supplies,Storage
5197,OFF-ST-10003455,"Fellowes Lockers, Blue",Office Supplies,Storage
5198,OFF-ST-10003282,"Fellowes Folders, Single Width",Office Supplies,Storage
5199,OFF-ST-10003319,"Rogers Box, Wire Frame",Office Supplies,Storage
5200,OFF-ST-10000486,"Rogers Trays, Industrial",Office Supplies,Storage
5201,OFF-ST-10000752,"Fellowes File Cart, Wire Frame",Office Supplies,Storage
5202,OFF-ST-10004280,"Eldon Trays, Industrial",Office Supplies,Storage
5203,OFF-AR-10004594,"Sanford Canvas, Water Color",Office Supplies,Art
5204,OFF-AR-10003806,"Stanley Sketch Pad, Water Color",Office Supplies,Art
5205,OFF-AR-10004748,"Boston Pencil Sharpener, Easy-Erase",Office Supplies,Art
5206,OFF-AR-10000293,"BIC Sketch Pad, Water Color",Office Supplies,Art
5207,OFF-AR-10000989,"Binney & Smith Canvas, Blue",Office Supplies,Art
5208,OFF-AR-10000340,"Boston Pens, Water Color",Office Supplies,Art
5209,OFF-AR-10003613,"Sanford Canvas, Easy-Erase",Office Supplies,Art
5210,OFF-AR-10000660,"Boston Canvas, Water Color",Office Supplies,Art
5211,OFF-AR-10002797,"Sanford Highlighters, Blue",Office Supplies,Art
5212,OFF-AR-10004990,"Boston Highlighters, Blue",Office Supplies,Art
5213,OFF-AR-10001117,"Stanley Pens, Blue",Office Supplies,Art
5214,OFF-AR-10003448,"Boston Markers, Water Color",Office Supplies,Art
5215,OFF-AR-10001598,"BIC Highlighters, Easy-Erase",Office Supplies,Art
5216,OFF-AR-10002400,"Boston Highlighters, Water Color",Office Supplies,Art
5217,OFF-BI-10003784,"Ibico Index Tab, Economy",Office Supplies,Binders
5218,OFF-BI-10002734,"Wilson Jones Binder Covers, Clear",Office Supplies,Binders
5219,OFF-BI-10004700,"Cardinal Binder, Durable",Office Supplies,Binders
5220,OFF-BI-10000561,"Acco Binding Machine, Durable",Office Supplies,Binders
5221,OFF-BI-10003768,"Acco Index Tab, Clear",Office Supplies,Binders
5222,OFF-BI-10001286,"Ibico Hole Reinforcements, Durable",Office Supplies,Binders
5223,OFF-BI-10001973,"Wilson Jones 3-Hole Punch, Clear",Office Supplies,Binders
5224,OFF-BI-10003188,"Wilson Jones Binder Covers, Economy",Office Supplies,Binders
5225,OFF-BI-10004224,"Avery Index Tab, Durable",Office Supplies,Binders
5226,OFF-BI-10000725,"Wilson Jones Binding Machine, Durable",Office Supplies,Binders
5227,OFF-BI-10002885,"Avery Hole Reinforcements, Recycled",Office Supplies,Binders
5228,OFF-BI-10001347,"Cardinal Binder Covers, Economy",Office Supplies,Binders
5229,TEC-LOG-10003896,"Logitech Router, Erganomic",Technology,Accessories
5230,TEC-AC-10004586,"Belkin Flash Drive, Bluetooth",Technology,Accessories
5231,TEC-AC-10004051,"Enermax Flash Drive, Programmable",Technology,Accessories
5232,TEC-AC-10002738,"Belkin Memory Card, Programmable",Technology,Accessories
5233,TEC-AC-10004016,"Memorex Flash Drive, Programmable",Technology,Accessories
5234,TEC-AC-10001082,"Enermax Keyboard, Bluetooth",Technology,Accessories
5235,TEC-AC-10000241,"Enermax Numeric Keypad, Bluetooth",Technology,Accessories
5236,TEC-AC-10001754,"SanDisk Memory Card, Bluetooth",Technology,Accessories
5237,TEC-AC-10001410,"Memorex Memory Card, Bluetooth",Technology,Accessories
5238,TEC-AC-10001666,"Memorex Numeric Keypad, Erganomic",Technology,Accessories
5239,TEC-AC-10000742,"SanDisk Flash Drive, Erganomic",Technology,Accessories
5240,TEC-AC-10002568,"Enermax Numeric Keypad, Erganomic",Technology,Accessories
5241,TEC-AC-10004249,"Logitech Flash Drive, USB",Technology,Accessories
5242,TEC-AC-10002533,"Enermax Memory Card, USB",Technology,Accessories
5243,TEC-AC-10001904,"Logitech Mouse, Bluetooth",Technology,Accessories
5244,TEC-AC-10003571,"Memorex Numeric Keypad, Bluetooth",Technology,Accessories
5245,TEC-AC-10002086,"SanDisk Keyboard, Erganomic",Technology,Accessories
5246,TEC-ENE-10003873,"Enermax Numeric Keypad, Bluetooth",Technology,Accessories
5247,TEC-BEL-10003875,"Belkin Memory Card, Programmable",Technology,Accessories
5248,TEC-AC-10004975,"SanDisk Numeric Keypad, Erganomic",Technology,Accessories
5249,TEC-AC-10003327,"Logitech Keyboard, Erganomic",Technology,Accessories
5250,TEC-AC-10003533,"SanDisk Mouse, Bluetooth",Technology,Accessories
5251,TEC-AC-10004203,"Logitech Flash Drive, Bluetooth",Technology,Accessories
5252,TEC-AC-10002629,"Belkin Memory Card, Programmable",Technology,Accessories
5253,TEC-AC-10003487,"Enermax Mouse, Erganomic",Technology,Accessories
5254,TEC-AC-10003970,"SanDisk Numeric Keypad, Bluetooth",Technology,Accessories
5255,TEC-AC-10003172,"Memorex Numeric Keypad, Bluetooth",Technology,Accessories
5256,TEC-AC-10004562,"Enermax Flash Drive, Programmable",Technology,Accessories
5257,TEC-AC-10004043,"Memorex Numeric Keypad, Erganomic",Technology,Accessories
5258,TEC-AC-10004813,"SanDisk Keyboard, Bluetooth",Technology,Accessories
5259,TEC-AC-10000890,"Belkin Router, USB",Technology,Accessories
5260,TEC-AC-10004269,"Belkin Memory Card, USB",Technology,Accessories
5261,TEC-AC-10001055,"Enermax Numeric Keypad, Bluetooth",Technology,Accessories
5262,TEC-AC-10001076,"Memorex Keyboard, USB",Technology,Accessories
5263,TEC-AC-10004108,"Memorex Router, USB",Technology,Accessories
5264,TEC-AC-10000692,"Logitech Keyboard, Erganomic",Technology,Accessories
5265,TEC-AC-10002850,"Enermax Memory Card, Bluetooth",Technology,Accessories
5266,TEC-AC-10002308,"Belkin Memory Card, Erganomic",Technology,Accessories
5267,TEC-AC-10004938,"Belkin Mouse, Bluetooth",Technology,Accessories
5268,TEC-SAN-10002477,"SanDisk Flash Drive, Bluetooth",Technology,Accessories
5269,TEC-AC-10001221,"Memorex Memory Card, USB",Technology,Accessories
5270,TEC-AC-10001636,"Belkin Mouse, Erganomic",Technology,Accessories
5271,TEC-AC-10000712,"Enermax Router, Programmable",Technology,Accessories
5272,TEC-AC-10000221,"Belkin Memory Card, Programmable",Technology,Accessories
5273,TEC-AC-10003047,"SanDisk Keyboard, USB",Technology,Accessories
5274,TEC-AC-10001251,"Belkin Numeric Keypad, Erganomic",Technology,Accessories
5275,TEC-AC-10002670,"Logitech Mouse, Erganomic",Technology,Accessories
5276,TEC-AC-10004334,"Logitech Router, Erganomic",Technology,Accessories
5277,TEC-AC-10001056,"Belkin Router, USB",Technology,Accessories
5278,TEC-AC-10002172,"Memorex Keyboard, Programmable",Technology,Accessories
5279,TEC-AC-10004808,"Memorex Router, Erganomic",Technology,Accessories
5280,TEC-AC-10002458,"Logitech Mouse, Bluetooth",Technology,Accessories
5281,TEC-AC-10002357,"SanDisk Numeric Keypad, USB",Technology,Accessories
5282,TEC-AC-10000097,"Belkin Mouse, Programmable",Technology,Accessories
5283,TEC-AC-10001990,"Enermax Router, USB",Technology,Accessories
5284,TEC-AC-10002901,"Memorex Mouse, Bluetooth",Technology,Accessories
5285,TEC-AC-10001486,"Belkin Flash Drive, Programmable",Technology,Accessories
5286,TEC-AC-10004704,"SanDisk Numeric Keypad, USB",Technology,Accessories
5287,TEC-AC-10001311,"Belkin Keyboard, Erganomic",Technology,Accessories
5288,TEC-AC-10001441,"SanDisk Mouse, Erganomic",Technology,Accessories
5289,TEC-BEL-10003896,"Belkin Mouse, Erganomic",Technology,Accessories
5290,TEC-AC-10004451,"SanDisk Mouse, Bluetooth",Technology,Accessories
5291,TEC-AC-10001438,"SanDisk Flash Drive, Programmable",Technology,Accessories
5292,TEC-BEL-10004950,"Belkin Numeric Keypad, Erganomic",Technology,Accessories
5293,TEC-AC-10003518,"Logitech Router, USB",Technology,Accessories
5294,TEC-AC-10003666,"Memorex Router, Bluetooth",Technology,Accessories
5295,TEC-AC-10004317,"SanDisk Numeric Keypad, USB",Technology,Accessories
5296,TEC-AC-10004393,"Belkin Flash Drive, Programmable",Technology,Accessories
5297,TEC-AC-10004853,"Logitech Memory Card, Programmable",Technology,Accessories
5298,TEC-AC-10003955,"Memorex Router, Erganomic",Technology,Accessories
5299,TEC-AC-10002257,"Enermax Router, Bluetooth",Technology,Accessories
5300,TEC-AC-10001660,"Enermax Flash Drive, USB",Technology,Accessories
5301,TEC-AC-10002712,"Enermax Keyboard, Erganomic",Technology,Accessories
5302,TEC-AC-10003294,"Enermax Flash Drive, USB",Technology,Accessories
5303,TEC-AC-10002148,"Belkin Keyboard, Programmable",Technology,Accessories
5304,TEC-MEM-10002202,"Memorex Router, USB",Technology,Accessories
5305,TEC-AC-10003407,"Memorex Mouse, Erganomic",Technology,Accessories
5306,TEC-AC-10001566,"Logitech Router, Erganomic",Technology,Accessories
5307,TEC-AC-10003367,"Enermax Memory Card, Programmable",Technology,Accessories
5308,TEC-AC-10001987,"Memorex Numeric Keypad, Bluetooth",Technology,Accessories
5309,TEC-AC-10003343,"Logitech Flash Drive, Erganomic",Technology,Accessories
5310,TEC-AC-10004487,"Memorex Router, Erganomic",Technology,Accessories
5311,TEC-BEL-10000681,"Belkin Mouse, USB",Technology,Accessories
5312,TEC-AC-10004520,"Memorex Flash Drive, Bluetooth",Technology,Accessories
5313,TEC-AC-10001616,"SanDisk Numeric Keypad, Erganomic",Technology,Accessories
5314,TEC-AC-10003265,"Belkin Router, Bluetooth",Technology,Accessories
5315,TEC-AC-10000863,"Enermax Numeric Keypad, Erganomic",Technology,Accessories
5316,TEC-AC-10003335,"SanDisk Memory Card, Erganomic",Technology,Accessories
5317,TEC-LOG-10002018,"Logitech Memory Card, Erganomic",Technology,Accessories
5318,TEC-AC-10002883,"Logitech Keyboard, Erganomic",Technology,Accessories
5319,TEC-AC-10004709,"Logitech Flash Drive, USB",Technology,Accessories
5320,TEC-AC-10003403,"Enermax Router, USB",Technology,Accessories
5321,TEC-AC-10003857,"Memorex Keyboard, Programmable",Technology,Accessories
5322,TEC-AC-10000110,"Belkin Numeric Keypad, Bluetooth",Technology,Accessories
5323,TEC-AC-10004752,"Memorex Keyboard, Erganomic",Technology,Accessories
5324,TEC-AC-10004620,"Belkin Flash Drive, USB",Technology,Accessories
5325,TEC-AC-10004379,"Memorex Flash Drive, Bluetooth",Technology,Accessories
5326,TEC-AC-10000376,"Memorex Router, Bluetooth",Technology,Accessories
5327,TEC-AC-10000827,"SanDisk Keyboard, Programmable",Technology,Accessories
5328,TEC-AC-10000244,"Memorex Router, USB",Technology,Accessories
5329,TEC-AC-10001258,"Belkin Router, Erganomic",Technology,Accessories
5330,TEC-AC-10001942,"Memorex Flash Drive, Programmable",Technology,Accessories
5331,TEC-AC-10001089,"Enermax Keyboard, Erganomic",Technology,Accessories
5332,TEC-AC-10000089,"SanDisk Router, Bluetooth",Technology,Accessories
5333,TEC-AC-10002289,"SanDisk Numeric Keypad, Erganomic",Technology,Accessories
5334,TEC-AC-10004704,"Logitech Numeric Keypad, Bluetooth",Technology,Accessories
5335,TEC-AC-10004557,"Logitech Mouse, USB",Technology,Accessories
5336,TEC-AC-10002370,"SanDisk Flash Drive, Bluetooth",Technology,Accessories
5337,TEC-AC-10003577,"Memorex Router, USB",Technology,Accessories
5338,TEC-AC-10004434,"Memorex Flash Drive, USB",Technology,Accessories
5339,TEC-AC-10001688,"Enermax Keyboard, Programmable",Technology,Accessories
5340,TEC-AC-10004743,"Logitech Router, USB",Technology,Accessories
5341,TEC-AC-10001246,"Enermax Numeric Keypad, Erganomic",Technology,Accessories
5342,TEC-AC-10000151,"SanDisk Flash Drive, Erganomic",Technology,Accessories
5343,TEC-AC-10000335,"Belkin Router, Programmable",Technology,Accessories
5344,TEC-AC-10001719,"Enermax Flash Drive, Erganomic",Technology,Accessories
5345,TEC-AC-10004054,"Memorex Memory Card, Erganomic",Technology,Accessories
5346,TEC-AC-10004070,"Memorex Router, Programmable",Technology,Accessories
5347,TEC-AC-10002900,"Belkin Mouse, Programmable",Technology,Accessories
5348,TEC-AC-10003463,"Enermax Numeric Keypad, USB",Technology,Accessories
5349,TEC-AC-10000086,"Logitech Mouse, USB",Technology,Accessories
5350,TEC-AC-10001090,"Enermax Mouse, Programmable",Technology,Accessories
5351,TEC-AC-10001491,"Enermax Flash Drive, Bluetooth",Technology,Accessories
5352,TEC-AC-10003416,"Memorex Mouse, USB",Technology,Accessories
5353,TEC-AC-10003814,"Belkin Router, Programmable",Technology,Accessories
5354,TEC-AC-10000258,"Belkin Numeric Keypad, Bluetooth",Technology,Accessories
5355,TEC-AC-10001254,"Enermax Memory Card, Programmable",Technology,Accessories
5356,TEC-AC-10003615,"SanDisk Router, Programmable",Technology,Accessories
5357,TEC-AC-10002996,"Enermax Mouse, Erganomic",Technology,Accessories
5358,TEC-AC-10003556,"Belkin Keyboard, Bluetooth",Technology,Accessories
5359,TEC-AC-10004414,"Enermax Router, Bluetooth",Technology,Accessories
5360,TEC-AC-10004012,"Enermax Flash Drive, Erganomic",Technology,Accessories
5361,TEC-AC-10004054,"Memorex Keyboard, Bluetooth",Technology,Accessories
5362,TEC-AC-10003895,"Enermax Mouse, Bluetooth",Technology,Accessories
5363,TEC-LOG-10004419,"Logitech Flash Drive, USB",Technology,Accessories
5364,TEC-AC-10000212,"SanDisk Memory Card, Erganomic",Technology,Accessories
5365,TEC-AC-10004753,"Logitech Memory Card, Erganomic",Technology,Accessories
5366,TEC-AC-10001352,"SanDisk Numeric Keypad, Bluetooth",Technology,Accessories
5367,TEC-AC-10000883,"Belkin Mouse, Bluetooth",Technology,Accessories
5368,TEC-BEL-10000485,"Belkin Numeric Keypad, Bluetooth",Technology,Accessories
5369,TEC-AC-10002719,"Enermax Router, Programmable",Technology,Accessories
5370,TEC-AC-10001405,"Logitech Router, Bluetooth",Technology,Accessories
5371,TEC-LOG-10002218,"Logitech Numeric Keypad, USB",Technology,Accessories
5372,TEC-AC-10003081,"Memorex Mouse, USB",Technology,Accessories
5373,TEC-AC-10004508,"SanDisk Numeric Keypad, Bluetooth",Technology,Accessories
5374,TEC-LOG-10000546,"Logitech Mouse, Bluetooth",Technology,Accessories
5375,TEC-AC-10002204,"Belkin Flash Drive, Erganomic",Technology,Accessories
5376,TEC-AC-10000170,"Memorex Keyboard, Programmable",Technology,Accessories
5377,TEC-AC-10000394,"Belkin Numeric Keypad, Bluetooth",Technology,Accessories
5378,TEC-MEM-10000263,"Memorex Flash Drive, Programmable",Technology,Accessories
5379,TEC-AC-10000203,"SanDisk Router, Bluetooth",Technology,Accessories
5380,TEC-AC-10001243,"Enermax Mouse, Bluetooth",Technology,Accessories
5381,TEC-ENE-10000817,"Enermax Mouse, USB",Technology,Accessories
5382,TEC-ENE-10002744,"Enermax Numeric Keypad, Bluetooth",Technology,Accessories
5383,TEC-SAN-10004424,"SanDisk Router, Bluetooth",Technology,Accessories
5384,TEC-ENE-10003125,"Enermax Flash Drive, Programmable",Technology,Accessories
5385,TEC-MEM-10001409,"Memorex Keyboard, Bluetooth",Technology,Accessories
5386,TEC-AC-10001295,"Memorex Memory Card, Bluetooth",Technology,Accessories
5387,TEC-AC-10004044,"SanDisk Mouse, Programmable",Technology,Accessories
5388,TEC-AC-10004429,"Enermax Keyboard, USB",Technology,Accessories
5389,TEC-AC-10000007,"SanDisk Router, USB",Technology,Accessories
5390,TEC-BEL-10002207,"Belkin Memory Card, USB",Technology,Accessories
5391,TEC-AC-10000763,"SanDisk Memory Card, USB",Technology,Accessories
5392,TEC-SAN-10000740,"SanDisk Numeric Keypad, Bluetooth",Technology,Accessories
5393,TEC-MEM-10000723,"Memorex Mouse, Bluetooth",Technology,Accessories
5394,TEC-AC-10000264,"Memorex Memory Card, Erganomic",Technology,Accessories
5395,TEC-ENE-10002686,"Enermax Numeric Keypad, Erganomic",Technology,Accessories
5396,TEC-AC-10000450,"Enermax Keyboard, USB",Technology,Accessories
5397,TEC-MEM-10000312,"Memorex Mouse, Programmable",Technology,Accessories
5398,TEC-LOG-10001629,"Logitech Mouse, Programmable",Technology,Accessories
5399,TEC-AC-10000111,"SanDisk Mouse, USB",Technology,Accessories
5400,TEC-AC-10003105,"Memorex Numeric Keypad, Bluetooth",Technology,Accessories
5401,TEC-AC-10002335,"Belkin Memory Card, USB",Technology,Accessories
5402,TEC-AC-10002389,"Enermax Mouse, USB",Technology,Accessories
5403,TEC-AC-10000462,"Logitech Keyboard, Programmable",Technology,Accessories
5404,TEC-AC-10001187,"Memorex Keyboard, USB",Technology,Accessories
5405,TEC-AC-10000483,"SanDisk Memory Card, Bluetooth",Technology,Accessories
5406,TEC-MEM-10003743,"Memorex Numeric Keypad, Bluetooth",Technology,Accessories
5407,TEC-LOG-10003651,"Logitech Router, Programmable",Technology,Accessories
5408,TEC-AC-10000865,"Enermax Keyboard, Bluetooth",Technology,Accessories
5409,TEC-AC-10000269,"Memorex Numeric Keypad, USB",Technology,Accessories
5410,TEC-MEM-10000649,"Memorex Numeric Keypad, Bluetooth",Technology,Accessories
5411,TEC-AC-10001274,"Belkin Memory Card, Bluetooth",Technology,Accessories
5412,TEC-AC-10003750,"Memorex Memory Card, Erganomic",Technology,Accessories
5413,TEC-BEL-10002516,"Belkin Mouse, Bluetooth",Technology,Accessories
5414,TEC-AC-10002257,"Logitech Numeric Keypad, Bluetooth",Technology,Accessories
5415,TEC-AC-10003725,"Memorex Flash Drive, Erganomic",Technology,Accessories
5416,TEC-MEM-10004014,"Memorex Router, Bluetooth",Technology,Accessories
5417,TEC-AC-10004951,"Memorex Mouse, Erganomic",Technology,Accessories
5418,TEC-AC-10004566,"Belkin Mouse, USB",Technology,Accessories
5419,TEC-AC-10003454,"Enermax Memory Card, Erganomic",Technology,Accessories
5420,TEC-AC-10003861,"Enermax Keyboard, Erganomic",Technology,Accessories
5421,TEC-AC-10001950,"Belkin Flash Drive, Programmable",Technology,Accessories
5422,TEC-AC-10001226,"Enermax Mouse, Programmable",Technology,Accessories
5423,TEC-AC-10000860,"Enermax Numeric Keypad, USB",Technology,Accessories
5424,TEC-AC-10000494,"Logitech Numeric Keypad, USB",Technology,Accessories
5425,TEC-AC-10003548,"Logitech Flash Drive, Bluetooth",Technology,Accessories
5426,TEC-AC-10003927,"Belkin Numeric Keypad, Bluetooth",Technology,Accessories
5427,TEC-AC-10002833,"Logitech Mouse, USB",Technology,Accessories
5428,TEC-AC-10002322,"Memorex Memory Card, Bluetooth",Technology,Accessories
5429,TEC-AC-10002324,"Enermax Numeric Keypad, Bluetooth",Technology,Accessories
5430,TEC-AC-10002883,"Belkin Flash Drive, USB",Technology,Accessories
5431,TEC-AC-10004679,"Enermax Flash Drive, Programmable",Technology,Accessories
5432,TEC-AC-10004221,"Logitech Memory Card, Programmable",Technology,Accessories
5433,TEC-AC-10004241,"Logitech Keyboard, USB",Technology,Accessories
5434,TEC-AC-10003217,"Enermax Keyboard, USB",Technology,Accessories
5435,TEC-AC-10000861,"SanDisk Router, Erganomic",Technology,Accessories
5436,TEC-AC-10003776,"Belkin Flash Drive, Programmable",Technology,Accessories
5437,TEC-AC-10001765,"Enermax Memory Card, Bluetooth",Technology,Accessories
5438,TEC-AC-10003063,"Belkin Router, Bluetooth",Technology,Accessories
5439,TEC-AC-10000575,"Logitech Keyboard, Programmable",Technology,Accessories
5440,TEC-AC-10002664,"SanDisk Keyboard, Programmable",Technology,Accessories
5441,TEC-AC-10000422,"Belkin Numeric Keypad, Bluetooth",Technology,Accessories
5442,TEC-AC-10004883,"Enermax Keyboard, Programmable",Technology,Accessories
5443,TEC-AC-10001792,"Logitech Mouse, Programmable",Technology,Accessories
5444,TEC-AC-10000866,"Belkin Router, Erganomic",Technology,Accessories
5445,TEC-AC-10003415,"SanDisk Router, Erganomic",Technology,Accessories
5446,TEC-AC-10003964,"SanDisk Flash Drive, USB",Technology,Accessories
5447,TEC-AC-10002255,"Memorex Keyboard, Erganomic",Technology,Accessories
5448,TEC-AC-10002159,"Logitech Router, Erganomic",Technology,Accessories
5449,TEC-AC-10004306,"Belkin Keyboard, Bluetooth",Technology,Accessories
5450,TEC-AC-10001728,"SanDisk Flash Drive, Programmable",Technology,Accessories
5451,TEC-AC-10003951,"Logitech Numeric Keypad, USB",Technology,Accessories
5452,TEC-AC-10001341,"Enermax Memory Card, USB",Technology,Accessories
5453,TEC-AC-10000397,"Enermax Mouse, USB",Technology,Accessories
5454,TEC-AC-10004068,"Memorex Memory Card, USB",Technology,Accessories
5455,TEC-AC-10002884,"Belkin Keyboard, USB",Technology,Accessories
5456,TEC-AC-10004883,"Logitech Keyboard, Bluetooth",Technology,Accessories
5457,TEC-AC-10000336,"Enermax Mouse, Bluetooth",Technology,Accessories
5458,TEC-AC-10003052,"SanDisk Mouse, Programmable",Technology,Accessories
5459,TEC-AC-10001696,"Belkin Flash Drive, Erganomic",Technology,Accessories
5460,TEC-AC-10001995,"Logitech Router, USB",Technology,Accessories
5461,TEC-AC-10002363,"Logitech Keyboard, USB",Technology,Accessories
5462,TEC-AC-10004591,"Logitech Memory Card, Bluetooth",Technology,Accessories
5463,TEC-AC-10001278,"Enermax Flash Drive, USB",Technology,Accessories
5464,TEC-AC-10004939,"Memorex Mouse, Bluetooth",Technology,Accessories
5465,TEC-AC-10002815,"SanDisk Keyboard, Erganomic",Technology,Accessories
5466,TEC-LOG-10003079,"Logitech Flash Drive, Erganomic",Technology,Accessories
5467,TEC-MEM-10004782,"Memorex Keyboard, Erganomic",Technology,Accessories
5468,TEC-ENE-10001355,"Enermax Numeric Keypad, USB",Technology,Accessories
5469,TEC-BEL-10001189,"Belkin Router, Erganomic",Technology,Accessories
5470,TEC-AC-10002017,"Belkin Memory Card, Erganomic",Technology,Accessories
5471,TEC-SAN-10003793,"SanDisk Memory Card, Erganomic",Technology,Accessories
5472,TEC-ENE-10001541,"Enermax Router, USB",Technology,Accessories
5473,TEC-MEM-10001436,"Memorex Memory Card, USB",Technology,Accessories
5474,TEC-AC-10000097,"Memorex Keyboard, Bluetooth",Technology,Accessories
5475,TEC-AC-10003408,"Enermax Keyboard, Programmable",Technology,Accessories
5476,TEC-SAN-10002254,"SanDisk Mouse, USB",Technology,Accessories
5477,TEC-BEL-10001391,"Belkin Numeric Keypad, USB",Technology,Accessories
5478,TEC-MEM-10001732,"Memorex Numeric Keypad, USB",Technology,Accessories
5479,TEC-BEL-10002324,"Belkin Keyboard, Bluetooth",Technology,Accessories
5480,TEC-MEM-10001163,"Memorex Mouse, Erganomic",Technology,Accessories
5481,TEC-SAN-10000260,"SanDisk Keyboard, Programmable",Technology,Accessories
5482,TEC-BEL-10000696,"Belkin Mouse, Programmable",Technology,Accessories
5483,TEC-AC-10004849,"SanDisk Router, Programmable",Technology,Accessories
5484,TEC-ENE-10004520,"Enermax Mouse, Erganomic",Technology,Accessories
5485,TEC-MEM-10000582,"Memorex Flash Drive, Bluetooth",Technology,Accessories
5486,TEC-ENE-10000154,"Enermax Router, Bluetooth",Technology,Accessories
5487,TEC-AC-10001564,"Logitech Numeric Keypad, Erganomic",Technology,Accessories
5488,TEC-ENE-10002254,"Enermax Keyboard, Programmable",Technology,Accessories
5489,TEC-LOG-10003634,"Logitech Numeric Keypad, Programmable",Technology,Accessories
5490,TEC-AC-10004652,"Belkin Mouse, Erganomic",Technology,Accessories
5491,TEC-BEL-10002476,"Belkin Router, Bluetooth",Technology,Accessories
5492,TEC-SAN-10000250,"SanDisk Memory Card, USB",Technology,Accessories
5493,TEC-ENE-10000895,"Enermax Mouse, Bluetooth",Technology,Accessories
5494,TEC-LOG-10001750,"Logitech Mouse, USB",Technology,Accessories
5495,TEC-LOG-10001137,"Logitech Keyboard, Bluetooth",Technology,Accessories
5496,TEC-AC-10002221,"Memorex Mouse, Bluetooth",Technology,Accessories
5497,TEC-LOG-10002262,"Logitech Flash Drive, Bluetooth",Technology,Accessories
5498,TEC-BEL-10001971,"Belkin Flash Drive, USB",Technology,Accessories
5499,TEC-AC-10003044,"Belkin Numeric Keypad, Erganomic",Technology,Accessories
5500,TEC-BEL-10003985,"Belkin Router, USB",Technology,Accessories
5501,TEC-ENE-10001466,"Enermax Memory Card, Erganomic",Technology,Accessories
5502,TEC-MEM-10004524,"Memorex Memory Card, Programmable",Technology,Accessories
5503,TEC-AC-10003668,"Belkin Memory Card, Bluetooth",Technology,Accessories
5504,TEC-AC-10003873,"Memorex Mouse, Programmable",Technology,Accessories
5505,TEC-SAN-10003238,"SanDisk Router, Erganomic",Technology,Accessories
5506,TEC-AC-10001406,"Enermax Memory Card, Programmable",Technology,Accessories
5507,TEC-MEM-10000178,"Memorex Keyboard, Programmable",Technology,Accessories
5508,TEC-LOG-10003254,"Logitech Keyboard, Programmable",Technology,Accessories
5509,TEC-AC-10002799,"Memorex Memory Card, Programmable",Technology,Accessories
5510,TEC-AC-10001835,"Belkin Mouse, Programmable",Technology,Accessories
5511,TEC-ENE-10004236,"Enermax Flash Drive, Bluetooth",Technology,Accessories
5512,TEC-LOG-10000368,"Logitech Flash Drive, Programmable",Technology,Accessories
5513,TEC-AC-10000431,"Belkin Flash Drive, Bluetooth",Technology,Accessories
5514,TEC-AC-10000896,"Belkin Numeric Keypad, Erganomic",Technology,Accessories
5515,TEC-AC-10002756,"SanDisk Keyboard, Bluetooth",Technology,Accessories
5516,TEC-ENE-10000690,"Enermax Keyboard, USB",Technology,Accessories
5517,TEC-MEM-10002919,"Memorex Flash Drive, USB",Technology,Accessories
5518,TEC-ENE-10003090,"Enermax Memory Card, Programmable",Technology,Accessories
5519,TEC-SAN-10000060,"SanDisk Mouse, Bluetooth",Technology,Accessories
5520,TEC-SAN-10001506,"SanDisk Router, Programmable",Technology,Accessories
5521,TEC-AC-10001402,"Memorex Numeric Keypad, Bluetooth",Technology,Accessories
5522,TEC-SAN-10002684,"SanDisk Flash Drive, USB",Technology,Accessories
5523,TEC-AC-10000815,"Enermax Flash Drive, Erganomic",Technology,Accessories
5524,TEC-MEM-10000374,"Memorex Router, Programmable",Technology,Accessories
5525,TEC-LOG-10004917,"Logitech Memory Card, Programmable",Technology,Accessories
5526,TEC-AC-10000332,"Logitech Keyboard, USB",Technology,Accessories
5527,TEC-SAN-10000235,"SanDisk Router, USB",Technology,Accessories
5528,TEC-LOG-10003539,"Logitech Mouse, Erganomic",Technology,Accessories
5529,TEC-AC-10001348,"Logitech Router, Bluetooth",Technology,Accessories
5530,TEC-ENE-10000995,"Enermax Memory Card, USB",Technology,Accessories
5531,TEC-SAN-10001899,"SanDisk Keyboard, Erganomic",Technology,Accessories
5532,TEC-AC-10004556,"Enermax Memory Card, Programmable",Technology,Accessories
5533,TEC-ENE-10003801,"Enermax Flash Drive, USB",Technology,Accessories
5534,TEC-AC-10000051,"Logitech Memory Card, USB",Technology,Accessories
5535,TEC-AC-10002014,"Belkin Flash Drive, USB",Technology,Accessories
5536,TEC-AC-10002702,"Enermax Keyboard, Bluetooth",Technology,Accessories
5537,TEC-AC-10004539,"Logitech Flash Drive, USB",Technology,Accessories
5538,TEC-LOG-10003995,"Logitech Numeric Keypad, Erganomic",Technology,Accessories
5539,TEC-AC-10004801,"Logitech Mouse, Programmable",Technology,Accessories
5540,TEC-SAN-10004885,"SanDisk Flash Drive, Erganomic",Technology,Accessories
5541,TEC-AC-10003080,"Logitech Memory Card, USB",Technology,Accessories
5542,TEC-AC-10002688,"Memorex Memory Card, Bluetooth",Technology,Accessories
5543,TEC-SAN-10002871,"SanDisk Numeric Keypad, USB",Technology,Accessories
5544,TEC-AC-10002170,"Logitech Flash Drive, Programmable",Technology,Accessories
5545,TEC-SAN-10002954,"SanDisk Memory Card, Programmable",Technology,Accessories
5546,TEC-AC-10003506,"Enermax Router, Erganomic",Technology,Accessories
5547,TEC-AC-10004880,"Logitech Keyboard, Programmable",Technology,Accessories
5548,TEC-AC-10001840,"SanDisk Mouse, Erganomic",Technology,Accessories
5549,TEC-SAN-10004721,"SanDisk Numeric Keypad, Bluetooth",Technology,Accessories
5550,TEC-AC-10002795,"Memorex Mouse, Programmable",Technology,Accessories
5551,TEC-AC-10001463,"Logitech Numeric Keypad, Programmable",Technology,Accessories
5552,TEC-AC-10003734,"Memorex Numeric Keypad, Erganomic",Technology,Accessories
5553,TEC-AC-10001197,"Logitech Memory Card, Erganomic",Technology,Accessories
5554,TEC-AC-10000873,"Belkin Mouse, USB",Technology,Accessories
5555,TEC-AC-10000140,"Enermax Numeric Keypad, Bluetooth",Technology,Accessories
5556,TEC-SAN-10003336,"SanDisk Numeric Keypad, Erganomic",Technology,Accessories
5557,TEC-AC-10004626,"Belkin Router, Erganomic",Technology,Accessories
5558,TEC-AC-10003904,"SanDisk Keyboard, USB",Technology,Accessories
5559,TEC-ENE-10004627,"Enermax Router, Erganomic",Technology,Accessories
5560,TEC-AC-10003103,"SanDisk Keyboard, Erganomic",Technology,Accessories
5561,TEC-AC-10000501,"Enermax Router, Programmable",Technology,Accessories
5562,TEC-AC-10004406,"Memorex Keyboard, USB",Technology,Accessories
5563,TEC-MEM-10000919,"Memorex Keyboard, USB",Technology,Accessories
5564,TEC-ENE-10004728,"Enermax Keyboard, Erganomic",Technology,Accessories
5565,TEC-AC-10000398,"SanDisk Memory Card, Programmable",Technology,Accessories
5566,TEC-AC-10004195,"Memorex Numeric Keypad, Bluetooth",Technology,Accessories
5567,TEC-AC-10003334,"Logitech Numeric Keypad, Programmable",Technology,Accessories
5568,TEC-AC-10004334,"Belkin Memory Card, USB",Technology,Accessories
5569,TEC-AC-10001748,"SanDisk Flash Drive, USB",Technology,Accessories
5570,TEC-AC-10001735,"Logitech Mouse, Bluetooth",Technology,Accessories
5571,TEC-AC-10004904,"Enermax Mouse, Erganomic",Technology,Accessories
5572,TEC-AC-10003640,"SanDisk Mouse, Programmable",Technology,Accessories
5573,TEC-AC-10003824,"Logitech Numeric Keypad, Bluetooth",Technology,Accessories
5574,TEC-AC-10001030,"Memorex Flash Drive, Erganomic",Technology,Accessories
5575,TEC-SAN-10004027,"SanDisk Memory Card, Bluetooth",Technology,Accessories
5576,TEC-AC-10002158,"Enermax Memory Card, Erganomic",Technology,Accessories
5577,TEC-ENE-10004192,"Enermax Keyboard, Bluetooth",Technology,Accessories
5578,TEC-AC-10001830,"Enermax Router, Erganomic",Technology,Accessories
5579,TEC-BEL-10002106,"Belkin Memory Card, Bluetooth",Technology,Accessories
5580,TEC-AC-10000633,"Enermax Memory Card, USB",Technology,Accessories
5581,TEC-AC-10000263,"Belkin Mouse, USB",Technology,Accessories
5582,TEC-AC-10004081,"Logitech Keyboard, Bluetooth",Technology,Accessories
5583,TEC-AC-10004252,"SanDisk Mouse, Bluetooth",Technology,Accessories
5584,TEC-AC-10000530,"Logitech Memory Card, Bluetooth",Technology,Accessories
5585,TEC-SAN-10004215,"SanDisk Keyboard, Bluetooth",Technology,Accessories
5586,TEC-AC-10001032,"Enermax Numeric Keypad, Bluetooth",Technology,Accessories
5587,TEC-AC-10003611,"Memorex Flash Drive, Programmable",Technology,Accessories
5588,TEC-LOG-10004405,"Logitech Router, Bluetooth",Technology,Accessories
5589,TEC-AC-10002364,"Enermax Router, USB",Technology,Accessories
5590,TEC-SAM-10001013,"Samsung Audio Dock, Cordless",Technology,Phones
5591,TEC-PH-10001187,"Cisco Signal Booster, with Caller ID",Technology,Phones
5592,TEC-PH-10004880,"Cisco Signal Booster, Cordless",Technology,Phones
5593,TEC-PH-10002755,"Apple Headset, VoIP",Technology,Phones
5594,TEC-PH-10000106,"Apple Smart Phone, Full Size",Technology,Phones
5595,TEC-PH-10004552,"Motorola Office Telephone, Full Size",Technology,Phones
5596,TEC-PH-10003885,"Cisco Headset, with Caller ID",Technology,Phones
5597,TEC-PH-10001712,"Nokia Smart Phone, Full Size",Technology,Phones
5598,TEC-PH-10002443,"Cisco Signal Booster, with Caller ID",Technology,Phones
5599,TEC-PH-10004105,"Motorola Speaker Phone, VoIP",Technology,Phones
5600,TEC-PH-10003713,"Nokia Smart Phone, Cordless",Technology,Phones
5601,TEC-PH-10000499,"Motorola Smart Phone, Full Size",Technology,Phones
5602,TEC-PH-10003002,"Cisco Smart Phone, Full Size",Technology,Phones
5603,TEC-PH-10002867,"Cisco Smart Phone, with Caller ID",Technology,Phones
5604,TEC-PH-10003488,"Nokia Signal Booster, VoIP",Technology,Phones
5605,TEC-CIS-10003676,"Cisco Headset, with Caller ID",Technology,Phones
5606,TEC-APP-10004657,"Apple Smart Phone, Cordless",Technology,Phones
5607,TEC-NOK-10003560,"Nokia Headset, VoIP",Technology,Phones
5608,TEC-PH-10001478,"Nokia Headset, Full Size",Technology,Phones
5609,TEC-PH-10001677,"Nokia Office Telephone, Full Size",Technology,Phones
5610,TEC-PH-10004287,"Cisco Headset, Cordless",Technology,Phones
5611,TEC-PH-10004358,"Cisco Audio Dock, VoIP",Technology,Phones
5612,TEC-PH-10003457,"Cisco Smart Phone, Full Size",Technology,Phones
5613,TEC-PH-10001725,"Motorola Speaker Phone, Cordless",Technology,Phones
5614,TEC-CIS-10003017,"Cisco Signal Booster, with Caller ID",Technology,Phones
5615,TEC-PH-10000030,"Samsung Smart Phone, with Caller ID",Technology,Phones
5616,TEC-PH-10000720,"Samsung Audio Dock, Full Size",Technology,Phones
5617,TEC-PH-10003416,"Samsung Office Telephone, with Caller ID",Technology,Phones
5618,TEC-PH-10002121,"Apple Headset, with Caller ID",Technology,Phones
5619,TEC-PH-10003994,"Apple Office Telephone, Full Size",Technology,Phones
5620,TEC-PH-10002715,"Cisco Audio Dock, VoIP",Technology,Phones
5621,TEC-PH-10000309,"Motorola Audio Dock, with Caller ID",Technology,Phones
5622,TEC-PH-10003254,"Samsung Office Telephone, Full Size",Technology,Phones
5623,TEC-PH-10002816,"Samsung Signal Booster, Cordless",Technology,Phones
5624,TEC-SAM-10000345,"Samsung Audio Dock, with Caller ID",Technology,Phones
5625,TEC-PH-10001360,"Apple Smart Phone, Full Size",Technology,Phones
5626,TEC-PH-10004618,"Motorola Signal Booster, Cordless",Technology,Phones
5627,TEC-APP-10001586,"Apple Speaker Phone, VoIP",Technology,Phones
5628,TEC-MOT-10002560,"Motorola Signal Booster, Full Size",Technology,Phones
5629,TEC-APP-10001389,"Apple Audio Dock, with Caller ID",Technology,Phones
5630,TEC-PH-10002645,"Motorola Signal Booster, with Caller ID",Technology,Phones
5631,TEC-APP-10002966,"Apple Smart Phone, Full Size",Technology,Phones
5632,TEC-SAM-10000779,"Samsung Signal Booster, Cordless",Technology,Phones
5633,TEC-PH-10002183,"Apple Audio Dock, with Caller ID",Technology,Phones
5634,TEC-PH-10002068,"Apple Office Telephone, with Caller ID",Technology,Phones
5635,TEC-PH-10003556,"Samsung Speaker Phone, VoIP",Technology,Phones
5636,TEC-PH-10001014,"Cisco Speaker Phone, with Caller ID",Technology,Phones
5637,TEC-PH-10000026,"Nokia Office Telephone, Cordless",Technology,Phones
5638,TEC-PH-10001354,"Motorola Speaker Phone, Full Size",Technology,Phones
5639,TEC-PH-10002658,"Apple Signal Booster, with Caller ID",Technology,Phones
5640,TEC-PH-10004732,"Cisco Office Telephone, Cordless",Technology,Phones
5641,TEC-PH-10002102,"Nokia Headset, Cordless",Technology,Phones
5642,TEC-SAM-10003891,"Samsung Headset, with Caller ID",Technology,Phones
5643,TEC-CIS-10000791,"Cisco Audio Dock, Full Size",Technology,Phones
5644,TEC-MOT-10003050,"Motorola Smart Phone, Cordless",Technology,Phones
5645,TEC-PH-10001427,"Motorola Headset, Full Size",Technology,Phones
5646,TEC-PH-10004402,"Cisco Headset, with Caller ID",Technology,Phones
5647,TEC-PH-10000381,"Apple Signal Booster, Full Size",Technology,Phones
5648,TEC-PH-10002962,"Motorola Smart Phone, Full Size",Technology,Phones
5649,TEC-PH-10004655,"Motorola Office Telephone, Cordless",Technology,Phones
5650,TEC-PH-10000419,"Apple Smart Phone, Full Size",Technology,Phones
5651,TEC-PH-10000693,"Apple Speaker Phone, with Caller ID",Technology,Phones
5652,TEC-PH-10001937,"Nokia Audio Dock, Full Size",Technology,Phones
5653,TEC-APP-10001965,"Apple Office Telephone, Full Size",Technology,Phones
5654,TEC-CIS-10001122,"Cisco Speaker Phone, VoIP",Technology,Phones
5655,TEC-MOT-10000554,"Motorola Smart Phone, Full Size",Technology,Phones
5656,TEC-PH-10003683,"Motorola Audio Dock, VoIP",Technology,Phones
5657,TEC-PH-10000494,"Apple Speaker Phone, Cordless",Technology,Phones
5658,TEC-PH-10004901,"Nokia Office Telephone, Cordless",Technology,Phones
5659,TEC-PH-10004300,"Apple Office Telephone, Cordless",Technology,Phones
5660,TEC-CIS-10003103,"Cisco Office Telephone, VoIP",Technology,Phones
5661,TEC-PH-10000286,"Motorola Signal Booster, with Caller ID",Technology,Phones
5662,TEC-APP-10004464,"Apple Signal Booster, VoIP",Technology,Phones
5663,TEC-PH-10003927,"Cisco Signal Booster, Full Size",Technology,Phones
5664,TEC-PH-10003522,"Apple Headset, Full Size",Technology,Phones
5665,TEC-PH-10000160,"Motorola Smart Phone, with Caller ID",Technology,Phones
5666,TEC-PH-10001732,"Samsung Audio Dock, Cordless",Technology,Phones
5667,TEC-PH-10001651,"Samsung Speaker Phone, VoIP",Technology,Phones
5668,TEC-PH-10000303,"Samsung Smart Phone, VoIP",Technology,Phones
5669,TEC-NOK-10001319,"Nokia Headset, Full Size",Technology,Phones
5670,TEC-PH-10004237,"Nokia Office Telephone, with Caller ID",Technology,Phones
5671,TEC-PH-10002708,"Nokia Speaker Phone, with Caller ID",Technology,Phones
5672,TEC-PH-10003945,"Nokia Audio Dock, VoIP",Technology,Phones
5673,TEC-PH-10000490,"Motorola Audio Dock, Full Size",Technology,Phones
5674,TEC-PH-10001574,"Nokia Audio Dock, Cordless",Technology,Phones
5675,TEC-PH-10003549,"Samsung Headset, with Caller ID",Technology,Phones
5676,TEC-CIS-10002986,"Cisco Speaker Phone, Cordless",Technology,Phones
5677,TEC-MOT-10001178,"Motorola Signal Booster, with Caller ID",Technology,Phones
5678,TEC-APP-10001340,"Apple Headset, VoIP",Technology,Phones
5679,TEC-PH-10001917,"Apple Signal Booster, Cordless",Technology,Phones
5680,TEC-PH-10003137,"Nokia Signal Booster, Cordless",Technology,Phones
5681,TEC-PH-10004810,"Samsung Speaker Phone, Full Size",Technology,Phones
5682,TEC-NOK-10001172,"Nokia Speaker Phone, VoIP",Technology,Phones
5683,TEC-PH-10003927,"Nokia Audio Dock, with Caller ID",Technology,Phones
5684,TEC-NOK-10001219,"Nokia Signal Booster, Cordless",Technology,Phones
5685,TEC-MOT-10003366,"Motorola Audio Dock, Full Size",Technology,Phones
5686,TEC-PH-10000036,"Nokia Smart Phone, Full Size",Technology,Phones
5687,TEC-NOK-10003562,"Nokia Audio Dock, Full Size",Technology,Phones
5688,TEC-PH-10004823,"Nokia Smart Phone, Full Size",Technology,Phones
5689,TEC-PH-10002601,"Motorola Smart Phone, Cordless",Technology,Phones
5690,TEC-PH-10003793,"Nokia Office Telephone, VoIP",Technology,Phones
5691,TEC-PH-10000158,"Apple Signal Booster, VoIP",Technology,Phones
5692,TEC-PH-10004682,"Cisco Headset, VoIP",Technology,Phones
5693,TEC-PH-10003580,"Apple Speaker Phone, Full Size",Technology,Phones
5694,TEC-APP-10003588,"Apple Signal Booster, with Caller ID",Technology,Phones
5695,TEC-PH-10001396,"Nokia Smart Phone, Cordless",Technology,Phones
5696,TEC-NOK-10001058,"Nokia Office Telephone, Full Size",Technology,Phones
5697,TEC-PH-10003970,"Cisco Headset, Full Size",Technology,Phones
5698,TEC-SAM-10000765,"Samsung Signal Booster, Full Size",Technology,Phones
5699,TEC-PH-10004261,"Nokia Signal Booster, Full Size",Technology,Phones
5700,TEC-PH-10000004,"Cisco Headset, with Caller ID",Technology,Phones
5701,TEC-PH-10002815,"Samsung Smart Phone, VoIP",Technology,Phones
5702,TEC-PH-10002296,"Nokia Signal Booster, with Caller ID",Technology,Phones
5703,TEC-CIS-10002344,"Cisco Smart Phone, Full Size",Technology,Phones
5704,TEC-PH-10003613,"Apple Signal Booster, VoIP",Technology,Phones
5705,TEC-PH-10003620,"Apple Signal Booster, Cordless",Technology,Phones
5706,TEC-CIS-10001661,"Cisco Signal Booster, VoIP",Technology,Phones
5707,TEC-MOT-10000939,"Motorola Speaker Phone, Cordless",Technology,Phones
5708,TEC-NOK-10001678,"Nokia Audio Dock, Cordless",Technology,Phones
5709,TEC-MOT-10001342,"Motorola Signal Booster, VoIP",Technology,Phones
5710,TEC-PH-10004959,"Motorola Audio Dock, with Caller ID",Technology,Phones
5711,TEC-PH-10004597,"Apple Signal Booster, with Caller ID",Technology,Phones
5712,TEC-PH-10001699,"Samsung Smart Phone, Full Size",Technology,Phones
5713,TEC-SAM-10003205,"Samsung Audio Dock, VoIP",Technology,Phones
5714,TEC-PH-10002935,"Samsung Smart Phone, VoIP",Technology,Phones
5715,TEC-APP-10004049,"Apple Speaker Phone, Cordless",Technology,Phones
5716,TEC-PH-10004281,"Samsung Audio Dock, Cordless",Technology,Phones
5717,TEC-PH-10001585,"Nokia Signal Booster, Cordless",Technology,Phones
5718,TEC-PH-10000730,"Samsung Office Telephone, VoIP",Technology,Phones
5719,TEC-PH-10004879,"Nokia Headset, Cordless",Technology,Phones
5720,TEC-PH-10001087,"Apple Signal Booster, Cordless",Technology,Phones
5721,TEC-PH-10002564,"Motorola Signal Booster, Full Size",Technology,Phones
5722,TEC-PH-10001071,"Nokia Headset, Full Size",Technology,Phones
5723,TEC-PH-10001457,"Apple Smart Phone, Full Size",Technology,Phones
5724,TEC-PH-10002780,"Motorola Smart Phone, Cordless",Technology,Phones
5725,TEC-PH-10002392,"Nokia Signal Booster, Cordless",Technology,Phones
5726,TEC-PH-10001917,"Motorola Speaker Phone, Full Size",Technology,Phones
5727,TEC-SAM-10004230,"Samsung Smart Phone, Cordless",Technology,Phones
5728,TEC-PH-10003572,"Apple Office Telephone, VoIP",Technology,Phones
5729,TEC-PH-10002070,"Apple Headset, with Caller ID",Technology,Phones
5730,TEC-PH-10003011,"Cisco Audio Dock, Full Size",Technology,Phones
5731,TEC-SAM-10000613,"Samsung Speaker Phone, with Caller ID",Technology,Phones
5732,TEC-CIS-10001877,"Cisco Office Telephone, with Caller ID",Technology,Phones
5733,TEC-PH-10004242,"Apple Speaker Phone, VoIP",Technology,Phones
5734,TEC-APP-10003032,"Apple Audio Dock, Cordless",Technology,Phones
5735,TEC-PH-10003774,"Cisco Headset, with Caller ID",Technology,Phones
5736,TEC-PH-10002138,"Apple Audio Dock, Cordless",Technology,Phones
5737,TEC-APP-10001732,"Apple Headset, Cordless",Technology,Phones
5738,TEC-PH-10004074,"Samsung Smart Phone, with Caller ID",Technology,Phones
5739,TEC-NOK-10001283,"Nokia Smart Phone, Full Size",Technology,Phones
5740,TEC-PH-10001670,"Motorola Smart Phone, Full Size",Technology,Phones
5741,TEC-NOK-10003341,"Nokia Headset, Cordless",Technology,Phones
5742,TEC-PH-10002774,"Nokia Smart Phone, with Caller ID",Technology,Phones
5743,TEC-PH-10000599,"Samsung Audio Dock, Cordless",Technology,Phones
5744,TEC-APP-10002829,"Apple Audio Dock, Full Size",Technology,Phones
5745,TEC-PH-10000931,"Motorola Speaker Phone, VoIP",Technology,Phones
5746,TEC-PH-10003847,"Apple Headset, with Caller ID",Technology,Phones
5747,TEC-APP-10000135,"Apple Office Telephone, with Caller ID",Technology,Phones
5748,TEC-PH-10004263,"Cisco Signal Booster, with Caller ID",Technology,Phones
5749,TEC-PH-10003560,"Cisco Audio Dock, Cordless",Technology,Phones
5750,TEC-SAM-10003493,"Samsung Signal Booster, VoIP",Technology,Phones
5751,TEC-PH-10003856,"Motorola Smart Phone, with Caller ID",Technology,Phones
5752,TEC-PH-10001321,"Cisco Speaker Phone, Full Size",Technology,Phones
5753,TEC-PH-10001304,"Apple Office Telephone, Cordless",Technology,Phones
5754,TEC-NOK-10000002,"Nokia Headset, with Caller ID",Technology,Phones
5755,TEC-PH-10000214,"Apple Speaker Phone, VoIP",Technology,Phones
5756,TEC-PH-10001298,"Motorola Office Telephone, VoIP",Technology,Phones
5757,TEC-PH-10004888,"Samsung Audio Dock, VoIP",Technology,Phones
5758,TEC-PH-10004675,"Nokia Audio Dock, VoIP",Technology,Phones
5759,TEC-PH-10000270,"Apple Office Telephone, VoIP",Technology,Phones
5760,TEC-PH-10004614,"Cisco Headset, Full Size",Technology,Phones
5761,TEC-PH-10004554,"Samsung Audio Dock, VoIP",Technology,Phones
5762,TEC-PH-10002597,"Apple Signal Booster, with Caller ID",Technology,Phones
5763,TEC-CIS-10002598,"Cisco Audio Dock, with Caller ID",Technology,Phones
5764,TEC-MOT-10004111,"Motorola Office Telephone, with Caller ID",Technology,Phones
5765,TEC-PH-10002251,"Motorola Speaker Phone, Cordless",Technology,Phones
5766,TEC-PH-10003723,"Samsung Audio Dock, with Caller ID",Technology,Phones
5767,TEC-NOK-10002716,"Nokia Audio Dock, with Caller ID",Technology,Phones
5768,TEC-PH-10001428,"Motorola Headset, VoIP",Technology,Phones
5769,TEC-PH-10000774,"Motorola Signal Booster, VoIP",Technology,Phones
5770,TEC-PH-10003487,"Motorola Office Telephone, with Caller ID",Technology,Phones
5771,TEC-PH-10003312,"Cisco Office Telephone, VoIP",Technology,Phones
5772,TEC-PH-10001555,"Motorola Signal Booster, Full Size",Technology,Phones
5773,TEC-PH-10000922,"Nokia Headset, with Caller ID",Technology,Phones
5774,TEC-PH-10003492,"Cisco Audio Dock, Full Size",Technology,Phones
5775,TEC-PH-10004509,"Nokia Audio Dock, Cordless",Technology,Phones
5776,TEC-PH-10003636,"Samsung Speaker Phone, Cordless",Technology,Phones
5777,TEC-APP-10001851,"Apple Headset, Full Size",Technology,Phones
5778,TEC-PH-10003220,"Cisco Headset, VoIP",Technology,Phones
5779,TEC-PH-10003215,"Samsung Headset, Full Size",Technology,Phones
5780,TEC-PH-10003546,"Apple Signal Booster, with Caller ID",Technology,Phones
5781,TEC-PH-10001362,"Cisco Office Telephone, Cordless",Technology,Phones
5782,TEC-PH-10004871,"Motorola Headset, Cordless",Technology,Phones
5783,TEC-PH-10000347,"Cisco Speaker Phone, VoIP",Technology,Phones
5784,TEC-PH-10003946,"Cisco Office Telephone, VoIP",Technology,Phones
5785,TEC-PH-10001730,"Motorola Signal Booster, Full Size",Technology,Phones
5786,TEC-CIS-10003439,"Cisco Headset, VoIP",Technology,Phones
5787,TEC-PH-10003764,"Cisco Office Telephone, Cordless",Technology,Phones
5788,TEC-PH-10002907,"Motorola Headset, VoIP",Technology,Phones
5789,TEC-PH-10004271,"Cisco Speaker Phone, VoIP",Technology,Phones
5790,TEC-NOK-10002555,"Nokia Audio Dock, VoIP",Technology,Phones
5791,TEC-SAM-10004384,"Samsung Office Telephone, VoIP",Technology,Phones
5792,TEC-PH-10001432,"Motorola Signal Booster, Cordless",Technology,Phones
5793,TEC-CIS-10000436,"Cisco Speaker Phone, with Caller ID",Technology,Phones
5794,TEC-PH-10002491,"Samsung Office Telephone, Cordless",Technology,Phones
5795,TEC-PH-10003055,"Apple Audio Dock, Cordless",Technology,Phones
5796,TEC-PH-10000647,"Samsung Office Telephone, VoIP",Technology,Phones
5797,TEC-PH-10001117,"Apple Smart Phone, Full Size",Technology,Phones
5798,TEC-NOK-10000534,"Nokia Smart Phone, with Caller ID",Technology,Phones
5799,TEC-PH-10001664,"Motorola Office Telephone, VoIP",Technology,Phones
5800,TEC-APP-10004912,"Apple Speaker Phone, with Caller ID",Technology,Phones
5801,TEC-NOK-10000784,"Nokia Speaker Phone, Cordless",Technology,Phones
5802,TEC-PH-10000493,"Apple Smart Phone, Full Size",Technology,Phones
5803,TEC-MOT-10004345,"Motorola Office Telephone, Full Size",Technology,Phones
5804,TEC-NOK-10004541,"Nokia Office Telephone, Cordless",Technology,Phones
5805,TEC-PH-10001708,"Cisco Audio Dock, with Caller ID",Technology,Phones
5806,TEC-PH-10001148,"Samsung Signal Booster, VoIP",Technology,Phones
5807,TEC-PH-10001382,"Apple Office Telephone, Cordless",Technology,Phones
5808,TEC-PH-10000705,"Apple Headset, Cordless",Technology,Phones
5809,TEC-CIS-10001717,"Cisco Smart Phone, with Caller ID",Technology,Phones
5810,TEC-NOK-10001282,"Nokia Signal Booster, with Caller ID",Technology,Phones
5811,TEC-SAM-10001843,"Samsung Audio Dock, Full Size",Technology,Phones
5812,TEC-PH-10002018,"Samsung Audio Dock, VoIP",Technology,Phones
5813,TEC-PH-10000037,"Cisco Signal Booster, Cordless",Technology,Phones
5814,TEC-PH-10004772,"Motorola Signal Booster, VoIP",Technology,Phones
5815,TEC-NOK-10003034,"Nokia Speaker Phone, Full Size",Technology,Phones
5816,TEC-PH-10003762,"Motorola Smart Phone, Full Size",Technology,Phones
5817,TEC-MOT-10001196,"Motorola Audio Dock, Cordless",Technology,Phones
5818,TEC-CIS-10000758,"Cisco Smart Phone, Full Size",Technology,Phones
5819,TEC-PH-10000070,"Nokia Headset, with Caller ID",Technology,Phones
5820,TEC-CIS-10004967,"Cisco Office Telephone, Full Size",Technology,Phones
5821,TEC-SAM-10003948,"Samsung Signal Booster, with Caller ID",Technology,Phones
5822,TEC-PH-10001163,"Motorola Speaker Phone, Cordless",Technology,Phones
5823,TEC-PH-10004910,"Samsung Signal Booster, Full Size",Technology,Phones
5824,TEC-MOT-10002372,"Motorola Speaker Phone, Full Size",Technology,Phones
5825,TEC-MOT-10001088,"Motorola Audio Dock, VoIP",Technology,Phones
5826,TEC-CIS-10002153,"Cisco Audio Dock, Cordless",Technology,Phones
5827,TEC-NOK-10004339,"Nokia Smart Phone, Cordless",Technology,Phones
5828,TEC-SAM-10001017,"Samsung Speaker Phone, Cordless",Technology,Phones
5829,TEC-PH-10002255,"Apple Audio Dock, Full Size",Technology,Phones
5830,TEC-PH-10003995,"Nokia Audio Dock, VoIP",Technology,Phones
5831,TEC-PH-10004992,"Apple Office Telephone, Full Size",Technology,Phones
5832,TEC-PH-10003698,"Nokia Signal Booster, Full Size",Technology,Phones
5833,TEC-PH-10004707,"Samsung Signal Booster, Cordless",Technology,Phones
5834,TEC-SAM-10003520,"Samsung Headset, VoIP",Technology,Phones
5835,TEC-MOT-10000851,"Motorola Headset, with Caller ID",Technology,Phones
5836,TEC-CIS-10002565,"Cisco Speaker Phone, Full Size",Technology,Phones
5837,TEC-PH-10000879,"Cisco Smart Phone, Full Size",Technology,Phones
5838,TEC-PH-10002312,"Samsung Audio Dock, with Caller ID",Technology,Phones
5839,TEC-PH-10002076,"Samsung Audio Dock, Full Size",Technology,Phones
5840,TEC-MOT-10001927,"Motorola Speaker Phone, VoIP",Technology,Phones
5841,TEC-APP-10004469,"Apple Signal Booster, Cordless",Technology,Phones
5842,TEC-MOT-10001535,"Motorola Headset, VoIP",Technology,Phones
5843,TEC-PH-10004505,"Nokia Smart Phone, Full Size",Technology,Phones
5844,TEC-SAM-10001935,"Samsung Office Telephone, Cordless",Technology,Phones
5845,TEC-SAM-10001985,"Samsung Headset, Cordless",Technology,Phones
5846,TEC-MOT-10004682,"Motorola Office Telephone, VoIP",Technology,Phones
5847,TEC-PH-10004575,"Motorola Smart Phone, Cordless",Technology,Phones
5848,TEC-PH-10001751,"Samsung Smart Phone, Cordless",Technology,Phones
5849,TEC-PH-10001183,"Samsung Office Telephone, with Caller ID",Technology,Phones
5850,TEC-PH-10003511,"Samsung Speaker Phone, Full Size",Technology,Phones
5851,TEC-PH-10000780,"Cisco Smart Phone, with Caller ID",Technology,Phones
5852,TEC-PH-10003062,"Apple Audio Dock, Full Size",Technology,Phones
5853,TEC-PH-10004221,"Samsung Speaker Phone, Cordless",Technology,Phones
5854,TEC-PH-10000342,"Samsung Office Telephone, Full Size",Technology,Phones
5855,TEC-PH-10004680,"Samsung Speaker Phone, with Caller ID",Technology,Phones
5856,TEC-PH-10001433,"Motorola Headset, Full Size",Technology,Phones
5857,TEC-PH-10003481,"Apple Office Telephone, Full Size",Technology,Phones
5858,TEC-PH-10001845,"Apple Speaker Phone, VoIP",Technology,Phones
5859,TEC-PH-10002602,"Nokia Headset, Cordless",Technology,Phones
5860,TEC-PH-10000896,"Cisco Signal Booster, VoIP",Technology,Phones
5861,TEC-PH-10002695,"Samsung Headset, with Caller ID",Technology,Phones
5862,TEC-PH-10001590,"Motorola Headset, with Caller ID",Technology,Phones
5863,TEC-PH-10004800,"Apple Headset, Full Size",Technology,Phones
5864,TEC-PH-10000169,"Apple Smart Phone, with Caller ID",Technology,Phones
5865,TEC-PH-10002154,"Cisco Headset, Full Size",Technology,Phones
5866,TEC-PH-10002428,"Apple Headset, VoIP",Technology,Phones
5867,TEC-PH-10001002,"Apple Signal Booster, Full Size",Technology,Phones
5868,TEC-PH-10002936,"Nokia Smart Phone, Full Size",Technology,Phones
5869,TEC-PH-10004933,"Samsung Headset, VoIP",Technology,Phones
5870,TEC-PH-10002042,"Cisco Audio Dock, Full Size",Technology,Phones
5871,TEC-PH-10001805,"Nokia Speaker Phone, Full Size",Technology,Phones
5872,TEC-PH-10004559,"Nokia Speaker Phone, with Caller ID",Technology,Phones
5873,TEC-PH-10004655,"Apple Speaker Phone, Cordless",Technology,Phones
5874,TEC-PH-10004200,"Motorola Audio Dock, Full Size",Technology,Phones
5875,TEC-PH-10000019,"Motorola Audio Dock, Full Size",Technology,Phones
5876,TEC-PH-10004618,"Motorola Speaker Phone, VoIP",Technology,Phones
5877,TEC-PH-10001961,"Cisco Speaker Phone, Full Size",Technology,Phones
5878,TEC-PH-10004358,"Samsung Office Telephone, Cordless",Technology,Phones
5879,TEC-PH-10002320,"Samsung Speaker Phone, Full Size",Technology,Phones
5880,TEC-PH-10001921,"Nokia Signal Booster, with Caller ID",Technology,Phones
5881,TEC-PH-10003891,"Cisco Audio Dock, with Caller ID",Technology,Phones
5882,TEC-PH-10002647,"Nokia Headset, VoIP",Technology,Phones
5883,TEC-PH-10000018,"Nokia Smart Phone, Full Size",Technology,Phones
5884,TEC-PH-10002332,"Motorola Audio Dock, VoIP",Technology,Phones
5885,TEC-PH-10001095,"Nokia Headset, with Caller ID",Technology,Phones
5886,TEC-PH-10004636,"Nokia Audio Dock, with Caller ID",Technology,Phones
5887,TEC-PH-10002871,"Motorola Audio Dock, with Caller ID",Technology,Phones
5888,TEC-PH-10000990,"Cisco Signal Booster, with Caller ID",Technology,Phones
5889,TEC-PH-10001575,"Samsung Office Telephone, VoIP",Technology,Phones
5890,TEC-PH-10004057,"Motorola Smart Phone, with Caller ID",Technology,Phones
5891,TEC-PH-10002218,"Apple Speaker Phone, Cordless",Technology,Phones
5892,TEC-PH-10004184,"Motorola Headset, with Caller ID",Technology,Phones
5893,TEC-PH-10001264,"Cisco Signal Booster, VoIP",Technology,Phones
5894,TEC-PH-10004631,"Cisco Audio Dock, with Caller ID",Technology,Phones
5895,TEC-PH-10001580,"Apple Office Telephone, VoIP",Technology,Phones
5896,TEC-PH-10001288,"Motorola Speaker Phone, with Caller ID",Technology,Phones
5897,TEC-PH-10001587,"Apple Headset, Cordless",Technology,Phones
5898,TEC-PH-10003157,"Nokia Speaker Phone, VoIP",Technology,Phones
5899,TEC-PH-10000100,"Motorola Office Telephone, Full Size",Technology,Phones
5900,TEC-PH-10002306,"Motorola Smart Phone, Full Size",Technology,Phones
5901,TEC-PH-10004970,"Nokia Headset, Full Size",Technology,Phones
5902,TEC-PH-10003102,"Samsung Audio Dock, with Caller ID",Technology,Phones
5903,TEC-PH-10004404,"Samsung Headset, VoIP",Technology,Phones
5904,TEC-PH-10002892,"Nokia Speaker Phone, Cordless",Technology,Phones
5905,TEC-PH-10004251,"Nokia Audio Dock, Full Size",Technology,Phones
5906,TEC-PH-10003932,"Apple Audio Dock, VoIP",Technology,Phones
5907,TEC-PH-10001424,"Nokia Signal Booster, Full Size",Technology,Phones
5908,TEC-PH-10000289,"Samsung Audio Dock, Full Size",Technology,Phones
5909,TEC-PH-10003177,"Samsung Speaker Phone, with Caller ID",Technology,Phones
5910,TEC-PH-10000087,"Apple Signal Booster, Cordless",Technology,Phones
5911,TEC-PH-10000788,"Cisco Office Telephone, Full Size",Technology,Phones
5912,TEC-PH-10001548,"Nokia Speaker Phone, Full Size",Technology,Phones
5913,TEC-PH-10001063,"Samsung Speaker Phone, Full Size",Technology,Phones
5914,TEC-PH-10002572,"Nokia Audio Dock, Cordless",Technology,Phones
5915,TEC-PH-10003870,"Samsung Signal Booster, VoIP",Technology,Phones
5916,TEC-CO-10003506,"HP Fax Machine, Laser",Technology,Copiers
5917,TEC-CO-10000679,"Hewlett Personal Copier, High-Speed",Technology,Copiers
5918,TEC-CO-10003759,"Canon Fax Machine, Laser",Technology,Copiers
5919,TEC-CO-10003982,"HP Ink, High-Speed",Technology,Copiers
5920,TEC-CO-10002057,"Sharp Copy Machine, Color",Technology,Copiers
5921,TEC-CO-10001204,"Sharp Copy Machine, Color",Technology,Copiers
5922,TEC-CO-10001352,"HP Ink, Digital",Technology,Copiers
5923,TEC-CO-10000953,"HP Wireless Fax, Laser",Technology,Copiers
5924,TEC-CO-10003924,"Hewlett Fax Machine, Digital",Technology,Copiers
5925,TEC-CO-10002526,"Sharp Wireless Fax, Digital",Technology,Copiers
5926,TEC-CO-10000972,"Sharp Fax and Copier, Digital",Technology,Copiers
5927,TEC-CO-10004535,"Hewlett Fax Machine, High-Speed",Technology,Copiers
5928,TEC-CO-10004813,"Hewlett Ink, Digital",Technology,Copiers
5929,TEC-CO-10000562,"HP Wireless Fax, Digital",Technology,Copiers
5930,TEC-CO-10002380,"Canon Fax and Copier, High-Speed",Technology,Copiers
5931,TEC-CO-10003342,"Canon Fax Machine, High-Speed",Technology,Copiers
5932,TEC-CO-10002379,"Canon Copy Machine, Digital",Technology,Copiers
5933,TEC-CO-10001407,"Canon Ink, Digital",Technology,Copiers
5934,TEC-CO-10003113,"Hewlett Fax Machine, Color",Technology,Copiers
5935,TEC-CO-10002350,"Canon Wireless Fax, Digital",Technology,Copiers
5936,TEC-CO-10001482,"Sharp Ink, High-Speed",Technology,Copiers
5937,TEC-CO-10001726,"HP Fax and Copier, High-Speed",Technology,Copiers
5938,TEC-CO-10004998,"HP Fax and Copier, Color",Technology,Copiers
5939,TEC-CO-10003410,"Brother Ink, High-Speed",Technology,Copiers
5940,TEC-CO-10001382,"HP Personal Copier, Laser",Technology,Copiers
5941,TEC-CO-10002465,"HP Copy Machine, Color",Technology,Copiers
5942,TEC-CO-10004027,"Sharp Fax Machine, Color",Technology,Copiers
5943,TEC-CO-10003587,"Hewlett Personal Copier, Laser",Technology,Copiers
5944,TEC-CO-10001419,"Hewlett Copy Machine, Color",Technology,Copiers
5945,TEC-CO-10001445,"Brother Personal Copier, High-Speed",Technology,Copiers
5946,TEC-CO-10000791,"Sharp Personal Copier, Laser",Technology,Copiers
5947,TEC-CO-10000452,"HP Copy Machine, Laser",Technology,Copiers
5948,TEC-CO-10000447,"Canon Wireless Fax, Color",Technology,Copiers
5949,TEC-CO-10001703,"Brother Copy Machine, Laser",Technology,Copiers
5950,TEC-CO-10000208,"Brother Wireless Fax, Color",Technology,Copiers
5951,TEC-CO-10002119,"Sharp Fax Machine, Digital",Technology,Copiers
5952,TEC-CO-10001787,"HP Fax and Copier, Laser",Technology,Copiers
5953,TEC-CO-10001166,"HP Personal Copier, Digital",Technology,Copiers
5954,TEC-CO-10003992,"HP Ink, Color",Technology,Copiers
5955,TEC-CO-10003087,"Canon Wireless Fax, Laser",Technology,Copiers
5956,TEC-CO-10000663,"HP Fax Machine, High-Speed",Technology,Copiers
5957,TEC-CO-10003901,"HP Copy Machine, Color",Technology,Copiers
5958,TEC-CO-10002150,"Canon Fax and Copier, Digital",Technology,Copiers
5959,TEC-CO-10001410,"Canon Personal Copier, High-Speed",Technology,Copiers
5960,TEC-CO-10004897,"Sharp Fax Machine, High-Speed",Technology,Copiers
5961,TEC-CO-10002587,"Sharp Fax and Copier, Laser",Technology,Copiers
5962,TEC-CO-10004689,"Canon Ink, Color",Technology,Copiers
5963,TEC-CO-10001501,"Canon Fax and Copier, Laser",Technology,Copiers
5964,TEC-CO-10003570,"Sharp Wireless Fax, High-Speed",Technology,Copiers
5965,TEC-CO-10003017,"Sharp Ink, Laser",Technology,Copiers
5966,TEC-CO-10003561,"Sharp Copy Machine, Color",Technology,Copiers
5967,TEC-CO-10000565,"Canon Fax and Copier, Color",Technology,Copiers
5968,TEC-CO-10003951,"HP Copy Machine, High-Speed",Technology,Copiers
5969,TEC-CO-10003448,"Canon Personal Copier, Laser",Technology,Copiers
5970,TEC-CO-10003682,"Sharp Ink, Digital",Technology,Copiers
5971,TEC-CO-10000778,"Sharp Fax and Copier, Color",Technology,Copiers
5972,TEC-CO-10002578,"Canon Copy Machine, Laser",Technology,Copiers
5973,TEC-CO-10001630,"Canon Personal Copier, Digital",Technology,Copiers
5974,TEC-CO-10003917,"HP Fax and Copier, Digital",Technology,Copiers
5975,TEC-CO-10002035,"Canon Wireless Fax, High-Speed",Technology,Copiers
5976,TEC-CO-10003496,"Brother Wireless Fax, Digital",Technology,Copiers
5977,TEC-CO-10000594,"Hewlett Fax and Copier, Laser",Technology,Copiers
5978,TEC-CO-10004263,"Hewlett Personal Copier, Laser",Technology,Copiers
5979,TEC-CO-10000660,"Hewlett Copy Machine, Color",Technology,Copiers
5980,TEC-CO-10000013,"Brother Fax Machine, Laser",Technology,Copiers
5981,TEC-CO-10003124,"Canon Ink, Laser",Technology,Copiers
5982,TEC-CO-10003534,"HP Fax and Copier, Digital",Technology,Copiers
5983,TEC-CO-10004005,"Sharp Copy Machine, Laser",Technology,Copiers
5984,TEC-CO-10002242,"Brother Fax and Copier, Color",Technology,Copiers
5985,TEC-CO-10001425,"HP Personal Copier, Color",Technology,Copiers
5986,TEC-CO-10002043,"Canon Wireless Fax, Digital",Technology,Copiers
5987,TEC-CO-10001008,"Canon Fax and Copier, Laser",Technology,Copiers
5988,TEC-CO-10000556,"HP Wireless Fax, Laser",Technology,Copiers
5989,TEC-CO-10000775,"Sharp Fax and Copier, Laser",Technology,Copiers
5990,TEC-CO-10002981,"HP Wireless Fax, High-Speed",Technology,Copiers
5991,TEC-CO-10004664,"Hewlett Personal Copier, Color",Technology,Copiers
5992,TEC-CO-10001596,"Brother Wireless Fax, Color",Technology,Copiers
5993,TEC-CO-10001628,"Sharp Personal Copier, Digital",Technology,Copiers
5994,TEC-CO-10000854,"Canon Personal Copier, Color",Technology,Copiers
5995,TEC-CO-10004078,"Sharp Fax Machine, Laser",Technology,Copiers
5996,TEC-CO-10002550,"Sharp Ink, Digital",Technology,Copiers
5997,TEC-CO-10001142,"Brother Ink, Digital",Technology,Copiers
5998,TEC-CO-10004567,"Brother Fax Machine, Color",Technology,Copiers
5999,TEC-CO-10004563,"HP Copy Machine, Color",Technology,Copiers
6000,TEC-CO-10002583,"Canon Fax and Copier, Color",Technology,Copiers
6001,TEC-CO-10003298,"Hewlett Wireless Fax, Digital",Technology,Copiers
6002,TEC-CO-10004042,"Brother Wireless Fax, Laser",Technology,Copiers
6003,TEC-CO-10004365,"HP Wireless Fax, Color",Technology,Copiers
6004,TEC-CO-10003228,"Hewlett Copy Machine, Laser",Technology,Copiers
6005,TEC-CO-10001926,"Hewlett Wireless Fax, Laser",Technology,Copiers
6006,TEC-CO-10003965,"Brother Ink, Laser",Technology,Copiers
6007,TEC-CO-10002857,"Sharp Fax and Copier, Color",Technology,Copiers
6008,TEC-CO-10004147,"Brother Fax and Copier, High-Speed",Technology,Copiers
6009,TEC-CO-10002284,"Hewlett Copy Machine, Color",Technology,Copiers
6010,TEC-CO-10000777,"Brother Personal Copier, Laser",Technology,Copiers
6011,TEC-CO-10004325,"Canon Personal Copier, Laser",Technology,Copiers
6012,TEC-CO-10003307,"Hewlett Fax and Copier, Digital",Technology,Copiers
6013,TEC-CO-10001795,"Sharp Personal Copier, High-Speed",Technology,Copiers
6014,TEC-CO-10000082,"Canon Fax and Copier, Digital",Technology,Copiers
6015,TEC-CO-10002423,"Canon Personal Copier, High-Speed",Technology,Copiers
6016,TEC-CO-10004976,"Brother Ink, High-Speed",Technology,Copiers
6017,TEC-CO-10002232,"HP Ink, Laser",Technology,Copiers
6018,TEC-CO-10000407,"HP Copy Machine, Color",Technology,Copiers
6019,TEC-CO-10001839,"Hewlett Fax and Copier, Laser",Technology,Copiers
6020,TEC-CO-10001192,"HP Personal Copier, Digital",Technology,Copiers
6021,TEC-CO-10002673,"Brother Fax and Copier, Laser",Technology,Copiers
6022,TEC-CO-10003083,"HP Fax Machine, High-Speed",Technology,Copiers
6023,TEC-CO-10001375,"Brother Copy Machine, Color",Technology,Copiers
6024,TEC-CO-10002244,"Sharp Ink, Laser",Technology,Copiers
6025,TEC-CO-10001191,"Sharp Wireless Fax, High-Speed",Technology,Copiers
6026,TEC-CO-10000070,"Hewlett Copy Machine, High-Speed",Technology,Copiers
6027,TEC-CO-10000228,"Hewlett Personal Copier, Laser",Technology,Copiers
6028,TEC-CO-10000405,"Canon Fax Machine, Digital",Technology,Copiers
6029,TEC-HP -10001574,"HP Fax Machine, Laser",Technology,Copiers
6030,TEC-HEW-10003695,"Hewlett Wireless Fax, Digital",Technology,Copiers
6031,TEC-CAN-10004291,"Canon Wireless Fax, Digital",Technology,Copiers
6032,TEC-HP -10003345,"HP Fax and Copier, High-Speed",Technology,Copiers
6033,TEC-HP -10004149,"HP Copy Machine, Color",Technology,Copiers
6034,TEC-HEW-10002435,"Hewlett Personal Copier, Digital",Technology,Copiers
6035,TEC-CAN-10001853,"Canon Fax Machine, High-Speed",Technology,Copiers
6036,TEC-HP -10003618,"HP Fax Machine, Digital",Technology,Copiers
6037,TEC-BRO-10000463,"Brother Copy Machine, Color",Technology,Copiers
6038,TEC-BRO-10000374,"Brother Ink, Laser",Technology,Copiers
6039,TEC-HP -10001426,"HP Personal Copier, Color",Technology,Copiers
6040,TEC-CAN-10002843,"Canon Ink, Digital",Technology,Copiers
6041,TEC-SHA-10002034,"Sharp Personal Copier, Laser",Technology,Copiers
6042,TEC-SHA-10003670,"Sharp Wireless Fax, Laser",Technology,Copiers
6043,TEC-SHA-10002696,"Sharp Ink, Color",Technology,Copiers
6044,TEC-SHA-10004083,"Sharp Fax and Copier, Laser",Technology,Copiers
6045,TEC-CAN-10002363,"Canon Fax Machine, Digital",Technology,Copiers
6046,TEC-CAN-10004556,"Canon Fax and Copier, Laser",Technology,Copiers
6047,TEC-SHA-10003039,"Sharp Fax and Copier, Digital",Technology,Copiers
6048,TEC-HEW-10004833,"Hewlett Ink, Color",Technology,Copiers
6049,TEC-CAN-10004839,"Canon Wireless Fax, Color",Technology,Copiers
6050,TEC-SHA-10000052,"Sharp Copy Machine, Color",Technology,Copiers
6051,TEC-HEW-10002302,"Hewlett Copy Machine, Color",Technology,Copiers
6052,TEC-SHA-10004874,"Sharp Fax Machine, High-Speed",Technology,Copiers
6053,TEC-BRO-10004178,"Brother Wireless Fax, Laser",Technology,Copiers
6054,TEC-HEW-10004937,"Hewlett Fax Machine, Digital",Technology,Copiers
6055,TEC-HP -10001905,"HP Personal Copier, Laser",Technology,Copiers
6056,TEC-CAN-10002337,"Canon Ink, Color",Technology,Copiers
6057,TEC-CO-10002601,"Brother Fax and Copier, Digital",Technology,Copiers
6058,TEC-CAN-10001789,"Canon Copy Machine, Digital",Technology,Copiers
6059,TEC-CO-10001626,"Brother Copy Machine, Color",Technology,Copiers
6060,TEC-HP -10002603,"HP Copy Machine, High-Speed",Technology,Copiers
6061,TEC-CO-10000263,"Hewlett Fax Machine, Digital",Technology,Copiers
6062,TEC-HP -10003894,"HP Wireless Fax, Laser",Technology,Copiers
6063,TEC-CO-10003342,"Canon Wireless Fax, High-Speed",Technology,Copiers
6064,TEC-BRO-10002345,"Brother Ink, Digital",Technology,Copiers
6065,TEC-CO-10001831,"Sharp Personal Copier, Laser",Technology,Copiers
6066,TEC-BRO-10004328,"Brother Fax Machine, Color",Technology,Copiers
6067,TEC-SHA-10001103,"Sharp Copy Machine, Laser",Technology,Copiers
6068,TEC-CAN-10004166,"Canon Personal Copier, Color",Technology,Copiers
6069,TEC-CAN-10001437,"Canon Wireless Fax, Laser",Technology,Copiers
6070,TEC-CAN-10004697,"Canon Fax and Copier, Digital",Technology,Copiers
6071,TEC-SHA-10000971,"Sharp Fax Machine, Color",Technology,Copiers
6072,TEC-SHA-10001413,"Sharp Personal Copier, Color",Technology,Copiers
6073,TEC-HEW-10003531,"Hewlett Copy Machine, High-Speed",Technology,Copiers
6074,TEC-SHA-10001231,"Sharp Wireless Fax, Color",Technology,Copiers
6075,TEC-CO-10002962,"Sharp Wireless Fax, Color",Technology,Copiers
6076,TEC-HP -10003559,"HP Wireless Fax, Digital",Technology,Copiers
6077,TEC-HEW-10000365,"Hewlett Copy Machine, Laser",Technology,Copiers
6078,TEC-BRO-10003555,"Brother Ink, High-Speed",Technology,Copiers
6079,TEC-HEW-10003829,"Hewlett Wireless Fax, High-Speed",Technology,Copiers
6080,TEC-CO-10004997,"Hewlett Wireless Fax, Color",Technology,Copiers
6081,TEC-HP -10002307,"HP Fax and Copier, Laser",Technology,Copiers
6082,TEC-CO-10003924,"Brother Ink, Digital",Technology,Copiers
6083,TEC-CO-10003474,"Brother Personal Copier, Digital",Technology,Copiers
6084,TEC-SHA-10001976,"Sharp Ink, High-Speed",Technology,Copiers
6085,TEC-BRO-10001568,"Brother Wireless Fax, Digital",Technology,Copiers
6086,TEC-CAN-10001981,"Canon Ink, High-Speed",Technology,Copiers
6087,TEC-SHA-10004184,"Sharp Personal Copier, High-Speed",Technology,Copiers
6088,TEC-CO-10001413,"Hewlett Wireless Fax, High-Speed",Technology,Copiers
6089,TEC-HEW-10001908,"Hewlett Fax and Copier, Laser",Technology,Copiers
6090,TEC-BRO-10000917,"Brother Fax Machine, Digital",Technology,Copiers
6091,TEC-BRO-10000381,"Brother Fax and Copier, Laser",Technology,Copiers
6092,TEC-CO-10000011,"HP Personal Copier, High-Speed",Technology,Copiers
6093,TEC-CO-10000620,"Brother Wireless Fax, Digital",Technology,Copiers
6094,TEC-HEW-10000839,"Hewlett Wireless Fax, Color",Technology,Copiers
6095,TEC-BRO-10003401,"Brother Fax and Copier, High-Speed",Technology,Copiers
6096,TEC-HEW-10002304,"Hewlett Fax Machine, High-Speed",Technology,Copiers
6097,TEC-CO-10001342,"HP Wireless Fax, Digital",Technology,Copiers
6098,TEC-CO-10002174,"HP Copy Machine, Laser",Technology,Copiers
6099,TEC-SHA-10000244,"Sharp Fax Machine, Laser",Technology,Copiers
6100,TEC-SHA-10004390,"Sharp Wireless Fax, Digital",Technology,Copiers
6101,TEC-BRO-10001293,"Brother Personal Copier, Laser",Technology,Copiers
6102,TEC-HP -10002095,"HP Copy Machine, Color",Technology,Copiers
6103,TEC-HEW-10001710,"Hewlett Ink, Laser",Technology,Copiers
6104,TEC-CO-10002796,"Canon Wireless Fax, Color",Technology,Copiers
6105,TEC-SHA-10004151,"Sharp Fax and Copier, Color",Technology,Copiers
6106,TEC-HP -10002221,"HP Ink, High-Speed",Technology,Copiers
6107,TEC-HEW-10000930,"Hewlett Ink, Digital",Technology,Copiers
6108,TEC-BRO-10002103,"Brother Ink, Color",Technology,Copiers
6109,TEC-CAN-10002802,"Canon Personal Copier, Digital",Technology,Copiers
6110,TEC-HEW-10001558,"Hewlett Personal Copier, High-Speed",Technology,Copiers
6111,TEC-BRO-10003986,"Brother Personal Copier, Color",Technology,Copiers
6112,TEC-CAN-10002879,"Canon Copy Machine, High-Speed",Technology,Copiers
6113,TEC-CO-10000794,"Hewlett Wireless Fax, High-Speed",Technology,Copiers
6114,TEC-BRO-10000773,"Brother Personal Copier, High-Speed",Technology,Copiers
6115,TEC-HEW-10001056,"Hewlett Ink, High-Speed",Technology,Copiers
6116,TEC-CO-10003597,"Brother Copy Machine, High-Speed",Technology,Copiers
6117,TEC-HEW-10004652,"Hewlett Personal Copier, Laser",Technology,Copiers
6118,TEC-CO-10001567,"Brother Copy Machine, Laser",Technology,Copiers
6119,TEC-CO-10002817,"Sharp Fax and Copier, Digital",Technology,Copiers
6120,TEC-HEW-10003260,"Hewlett Fax and Copier, Digital",Technology,Copiers
6121,TEC-HP -10001577,"HP Copy Machine, Laser",Technology,Copiers
6122,TEC-BRO-10004802,"Brother Fax Machine, High-Speed",Technology,Copiers
6123,TEC-CO-10002055,"Hewlett Ink, Digital",Technology,Copiers
6124,TEC-CO-10002040,"Brother Fax Machine, Digital",Technology,Copiers
6125,TEC-CO-10004125,"Sharp Ink, Laser",Technology,Copiers
6126,TEC-BRO-10000663,"Brother Fax and Copier, Color",Technology,Copiers
6127,TEC-HEW-10001074,"Hewlett Fax Machine, Color",Technology,Copiers
6128,TEC-CO-10000427,"HP Fax Machine, Color",Technology,Copiers
6129,TEC-CO-10003268,"HP Fax and Copier, Color",Technology,Copiers
6130,TEC-CO-10000825,"Brother Ink, Color",Technology,Copiers
6131,TEC-HP -10004801,"HP Personal Copier, High-Speed",Technology,Copiers
6132,TEC-CAN-10004354,"Canon Ink, Laser",Technology,Copiers
6133,TEC-CAN-10004214,"Canon Fax and Copier, Color",Technology,Copiers
6134,TEC-SHA-10000306,"Sharp Copy Machine, Color",Technology,Copiers
6135,TEC-CO-10001157,"Hewlett Personal Copier, Color",Technology,Copiers
6136,TEC-CO-10004394,"Canon Wireless Fax, Digital",Technology,Copiers
6137,TEC-CO-10000660,"Brother Fax and Copier, Laser",Technology,Copiers
6138,TEC-CO-10003807,"HP Personal Copier, Laser",Technology,Copiers
6139,TEC-CO-10002911,"Hewlett Wireless Fax, Laser",Technology,Copiers
6140,TEC-CO-10002326,"Canon Copy Machine, Color",Technology,Copiers
6141,TEC-CO-10003702,"Brother Ink, Digital",Technology,Copiers
6142,TEC-CO-10004756,"Sharp Wireless Fax, Digital",Technology,Copiers
6143,TEC-BRO-10003380,"Brother Copy Machine, Color",Technology,Copiers
6144,TEC-HEW-10003460,"Hewlett Fax and Copier, Color",Technology,Copiers
6145,TEC-CO-10003471,"Hewlett Fax and Copier, Color",Technology,Copiers
6146,TEC-CO-10002240,"Canon Copy Machine, High-Speed",Technology,Copiers
6147,TEC-SHA-10001309,"Sharp Fax Machine, Digital",Technology,Copiers
6148,TEC-CO-10004662,"Hewlett Fax Machine, Color",Technology,Copiers
6149,TEC-CO-10003393,"Sharp Personal Copier, Digital",Technology,Copiers
6150,TEC-CO-10000338,"Hewlett Fax and Copier, High-Speed",Technology,Copiers
6151,TEC-CO-10004252,"HP Ink, Color",Technology,Copiers
6152,TEC-CO-10001162,"Canon Wireless Fax, Laser",Technology,Copiers
6153,TEC-CO-10000129,"Brother Fax and Copier, Color",Technology,Copiers
6154,TEC-CO-10002937,"Canon Ink, High-Speed",Technology,Copiers
6155,TEC-CO-10003217,"Canon Wireless Fax, Laser",Technology,Copiers
6156,TEC-CO-10001145,"Canon Personal Copier, Digital",Technology,Copiers
6157,TEC-CO-10001678,"Brother Fax Machine, Digital",Technology,Copiers
6158,TEC-CO-10001162,"HP Fax and Copier, Color",Technology,Copiers
6159,TEC-CO-10000119,"HP Fax Machine, Color",Technology,Copiers
6160,TEC-MA-10002941,"Okidata Card Printer, Red",Technology,Machines
6161,TEC-MA-10002710,"Okidata Printer, Durable",Technology,Machines
6162,TEC-MA-10003927,"StarTech Inkjet, Wireless",Technology,Machines
6163,TEC-MA-10000170,"Okidata Receipt Printer, White",Technology,Machines
6164,TEC-EPS-10004558,"Epson Inkjet, Durable",Technology,Machines
6165,TEC-KON-10003077,"Konica Calculator, Wireless",Technology,Machines
6166,TEC-OKI-10000372,"Okidata Inkjet, Durable",Technology,Machines
6167,TEC-KON-10003211,"Konica Inkjet, White",Technology,Machines
6168,TEC-MA-10001290,"Panasonic Printer, White",Technology,Machines
6169,TEC-MA-10002340,"Konica Receipt Printer, White",Technology,Machines
6170,TEC-MA-10004985,"StarTech Card Printer, Durable",Technology,Machines
6171,TEC-MA-10001210,"Okidata Calculator, Durable",Technology,Machines
6172,TEC-MA-10002864,"Okidata Calculator, White",Technology,Machines
6173,TEC-MA-10001298,"StarTech Receipt Printer, Wireless",Technology,Machines
6174,TEC-STA-10003330,"StarTech Printer, Red",Technology,Machines
6175,TEC-MA-10004421,"Konica Inkjet, Wireless",Technology,Machines
6176,TEC-MA-10001015,"StarTech Card Printer, Durable",Technology,Machines
6177,TEC-OKI-10002752,"Okidata Phone, Wireless",Technology,Machines
6178,TEC-MA-10004615,"Okidata Calculator, Durable",Technology,Machines
6179,TEC-MA-10002871,"Panasonic Receipt Printer, Red",Technology,Machines
6180,TEC-STA-10004542,"StarTech Calculator, Durable",Technology,Machines
6181,TEC-MA-10000429,"Konica Card Printer, Red",Technology,Machines
6182,TEC-MA-10002827,"StarTech Printer, Red",Technology,Machines
6183,TEC-MA-10004295,"Panasonic Phone, Red",Technology,Machines
6184,TEC-MA-10002680,"Konica Inkjet, White",Technology,Machines
6185,TEC-MA-10002910,"Panasonic Inkjet, Red",Technology,Machines
6186,TEC-OKI-10003050,"Okidata Card Printer, White",Technology,Machines
6187,TEC-EPS-10003568,"Epson Receipt Printer, Durable",Technology,Machines
6188,TEC-PAN-10000092,"Panasonic Inkjet, Red",Technology,Machines
6189,TEC-MA-10002711,"Epson Card Printer, Durable",Technology,Machines
6190,TEC-PAN-10002613,"Panasonic Printer, Durable",Technology,Machines
6191,TEC-MA-10000124,"Konica Card Printer, White",Technology,Machines
6192,TEC-MA-10003743,"StarTech Printer, Durable",Technology,Machines
6193,TEC-OKI-10001433,"Okidata Calculator, Red",Technology,Machines
6194,TEC-MA-10003953,"Epson Inkjet, Durable",Technology,Machines
6195,TEC-MA-10003492,"Okidata Printer, Wireless",Technology,Machines
6196,TEC-MA-10003632,"Epson Calculator, Wireless",Technology,Machines
6197,TEC-MA-10001726,"Epson Receipt Printer, White",Technology,Machines
6198,TEC-OKI-10003124,"Okidata Inkjet, Wireless",Technology,Machines
6199,TEC-MA-10003351,"Okidata Card Printer, White",Technology,Machines
6200,TEC-MA-10004064,"Panasonic Calculator, Red",Technology,Machines
6201,TEC-MA-10003366,"Epson Card Printer, White",Technology,Machines
6202,TEC-KON-10001388,"Konica Printer, Red",Technology,Machines
6203,TEC-MA-10003923,"Okidata Receipt Printer, Durable",Technology,Machines
6204,TEC-MA-10004693,"Panasonic Calculator, White",Technology,Machines
6205,TEC-MA-10004896,"StarTech Phone, White",Technology,Machines
6206,TEC-MA-10003607,"Okidata Receipt Printer, Red",Technology,Machines
6207,TEC-MA-10002931,"Konica Receipt Printer, Red",Technology,Machines
6208,TEC-MA-10004408,"Konica Inkjet, Durable",Technology,Machines
6209,TEC-MA-10002040,"Panasonic Card Printer, Durable",Technology,Machines
6210,TEC-STA-10000546,"StarTech Calculator, Red",Technology,Machines
6211,TEC-MA-10004533,"Konica Receipt Printer, Durable",Technology,Machines
6212,TEC-MA-10000811,"Okidata Phone, Durable",Technology,Machines
6213,TEC-OKI-10002547,"Okidata Phone, Durable",Technology,Machines
6214,TEC-EPS-10003473,"Epson Phone, Wireless",Technology,Machines
6215,TEC-MA-10003154,"Panasonic Printer, Red",Technology,Machines
6216,TEC-MA-10003886,"Panasonic Phone, Wireless",Technology,Machines
6217,TEC-EPS-10004965,"Epson Inkjet, Wireless",Technology,Machines
6218,TEC-STA-10001487,"StarTech Calculator, White",Technology,Machines
6219,TEC-MA-10003078,"Epson Printer, White",Technology,Machines
6220,TEC-MA-10001859,"Okidata Printer, Wireless",Technology,Machines
6221,TEC-MA-10002931,"Okidata Calculator, Durable",Technology,Machines
6222,TEC-PAN-10000979,"Panasonic Receipt Printer, Wireless",Technology,Machines
6223,TEC-MA-10000317,"StarTech Receipt Printer, Red",Technology,Machines
6224,TEC-MA-10004933,"Konica Phone, Wireless",Technology,Machines
6225,TEC-MA-10000473,"Konica Phone, Red",Technology,Machines
6226,TEC-MA-10004424,"Panasonic Phone, Durable",Technology,Machines
6227,TEC-MA-10001311,"Epson Printer, Wireless",Technology,Machines
6228,TEC-MA-10000240,"Okidata Inkjet, Wireless",Technology,Machines
6229,TEC-STA-10002286,"StarTech Receipt Printer, White",Technology,Machines
6230,TEC-EPS-10004328,"Epson Printer, Durable",Technology,Machines
6231,TEC-MA-10002779,"Panasonic Receipt Printer, Red",Technology,Machines
6232,TEC-KON-10001507,"Konica Card Printer, Durable",Technology,Machines
6233,TEC-KON-10003116,"Konica Receipt Printer, Red",Technology,Machines
6234,TEC-MA-10003885,"Okidata Calculator, Wireless",Technology,Machines
6235,TEC-MA-10004423,"StarTech Card Printer, White",Technology,Machines
6236,TEC-MA-10003868,"StarTech Phone, Durable",Technology,Machines
6237,TEC-PAN-10002583,"Panasonic Calculator, Wireless",Technology,Machines
6238,TEC-PAN-10000878,"Panasonic Phone, Wireless",Technology,Machines
6239,TEC-MA-10002780,"Okidata Inkjet, Wireless",Technology,Machines
6240,TEC-KON-10000302,"Konica Phone, White",Technology,Machines
6241,TEC-MA-10000606,"Okidata Printer, White",Technology,Machines
6242,TEC-MA-10003112,"StarTech Phone, Durable",Technology,Machines
6243,TEC-KON-10001017,"Konica Receipt Printer, White",Technology,Machines
6244,TEC-MA-10002029,"StarTech Receipt Printer, Durable",Technology,Machines
6245,TEC-MA-10002135,"Epson Printer, White",Technology,Machines
6246,TEC-MA-10001142,"Epson Card Printer, Wireless",Technology,Machines
6247,TEC-MA-10004428,"Panasonic Card Printer, Durable",Technology,Machines
6248,TEC-PAN-10002454,"Panasonic Phone, Red",Technology,Machines
6249,TEC-STA-10001407,"StarTech Phone, Wireless",Technology,Machines
6250,TEC-MA-10003198,"Konica Phone, White",Technology,Machines
6251,TEC-MA-10000982,"Konica Inkjet, Wireless",Technology,Machines
6252,TEC-MA-10001197,"StarTech Phone, Red",Technology,Machines
6253,TEC-KON-10001624,"Konica Receipt Printer, Durable",Technology,Machines
6254,TEC-MA-10001727,"Konica Receipt Printer, Wireless",Technology,Machines
6255,TEC-PAN-10002365,"Panasonic Printer, White",Technology,Machines
6256,TEC-PAN-10002690,"Panasonic Card Printer, Wireless",Technology,Machines
6257,TEC-KON-10002482,"Konica Phone, Red",Technology,Machines
6258,TEC-OKI-10000592,"Okidata Phone, White",Technology,Machines
6259,TEC-MA-10000261,"StarTech Calculator, Red",Technology,Machines
6260,TEC-MA-10000686,"Epson Phone, Wireless",Technology,Machines
6261,TEC-MA-10001372,"Konica Card Printer, White",Technology,Machines
6262,TEC-MA-10000002,"Epson Card Printer, Durable",Technology,Machines
6263,TEC-MA-10002844,"Okidata Receipt Printer, White",Technology,Machines
6264,TEC-MA-10001475,"StarTech Receipt Printer, Wireless",Technology,Machines
6265,TEC-OKI-10003868,"Okidata Printer, Wireless",Technology,Machines
6266,TEC-EPS-10004111,"Epson Inkjet, Wireless",Technology,Machines
6267,TEC-OKI-10003433,"Okidata Card Printer, Wireless",Technology,Machines
6268,TEC-OKI-10004199,"Okidata Receipt Printer, White",Technology,Machines
6269,TEC-STA-10003550,"StarTech Card Printer, Red",Technology,Machines
6270,TEC-MA-10004956,"Konica Card Printer, Red",Technology,Machines
6271,TEC-MA-10003780,"Epson Card Printer, White",Technology,Machines
6272,TEC-MA-10001831,"Konica Card Printer, Durable",Technology,Machines
6273,TEC-STA-10001994,"StarTech Printer, Wireless",Technology,Machines
6274,TEC-MA-10000334,"Panasonic Printer, Wireless",Technology,Machines
6275,TEC-MA-10000858,"Panasonic Printer, White",Technology,Machines
6276,TEC-KON-10002052,"Konica Inkjet, Wireless",Technology,Machines
6277,TEC-MA-10004772,"Konica Inkjet, White",Technology,Machines
6278,TEC-OKI-10002750,"Okidata Inkjet, Wireless",Technology,Machines
6279,TEC-MA-10003553,"Epson Printer, Red",Technology,Machines
6280,TEC-MA-10000110,"StarTech Phone, Wireless",Technology,Machines
6281,TEC-MA-10002998,"Okidata Receipt Printer, Durable",Technology,Machines
6282,TEC-EPS-10001129,"Epson Inkjet, White",Technology,Machines
6283,TEC-KON-10000562,"Konica Phone, Wireless",Technology,Machines
6284,TEC-OKI-10004735,"Okidata Receipt Printer, Wireless",Technology,Machines
6285,TEC-PAN-10002756,"Panasonic Card Printer, White",Technology,Machines
6286,TEC-STA-10001232,"StarTech Phone, Durable",Technology,Machines
6287,TEC-MA-10003909,"StarTech Calculator, Red",Technology,Machines
6288,TEC-EPS-10001651,"Epson Phone, White",Technology,Machines
6289,TEC-STA-10004536,"StarTech Inkjet, Wireless",Technology,Machines
6290,TEC-MA-10002134,"Konica Inkjet, Wireless",Technology,Machines
6291,TEC-STA-10000008,"StarTech Calculator, Wireless",Technology,Machines
6292,TEC-OKI-10003655,"Okidata Calculator, Wireless",Technology,Machines
6293,TEC-MA-10003801,"StarTech Card Printer, Red",Technology,Machines
6294,TEC-EPS-10000774,"Epson Phone, Red",Technology,Machines
6295,TEC-KON-10002194,"Konica Printer, White",Technology,Machines
6296,TEC-STA-10004927,"StarTech Receipt Printer, Wireless",Technology,Machines
6297,TEC-KON-10002034,"Konica Receipt Printer, Wireless",Technology,Machines
6298,TEC-OKI-10001454,"Okidata Calculator, Durable",Technology,Machines
6299,TEC-STA-10004181,"StarTech Inkjet, Durable",Technology,Machines
6300,TEC-MA-10001305,"Okidata Card Printer, White",Technology,Machines
6301,TEC-PAN-10000377,"Panasonic Inkjet, Durable",Technology,Machines
6302,TEC-EPS-10004171,"Epson Calculator, Red",Technology,Machines
6303,TEC-OKI-10000794,"Okidata Calculator, White",Technology,Machines
6304,TEC-PAN-10004404,"Panasonic Calculator, Red",Technology,Machines
6305,TEC-MA-10003975,"Epson Phone, Wireless",Technology,Machines
6306,TEC-MA-10001881,"Konica Card Printer, Red",Technology,Machines
6307,TEC-MA-10004954,"StarTech Calculator, Red",Technology,Machines
6308,TEC-MA-10002712,"Okidata Printer, Wireless",Technology,Machines
6309,TEC-MA-10000606,"Epson Phone, Wireless",Technology,Machines
6310,TEC-MA-10001627,"Konica Printer, White",Technology,Machines
6311,TEC-MA-10002264,"Panasonic Printer, Durable",Technology,Machines
6312,TEC-MA-10004059,"Epson Inkjet, White",Technology,Machines
6313,TEC-MA-10000433,"Epson Inkjet, Durable",Technology,Machines
6314,TEC-MA-10003698,"Okidata Phone, White",Technology,Machines
6315,TEC-MA-10004198,"Panasonic Card Printer, White",Technology,Machines
6316,TEC-KON-10004774,"Konica Inkjet, Durable",Technology,Machines
6317,TEC-MA-10004993,"Konica Inkjet, Wireless",Technology,Machines
6318,TEC-MA-10002686,"Okidata Card Printer, White",Technology,Machines
6319,TEC-MA-10000555,"Panasonic Card Printer, Red",Technology,Machines
6320,TEC-MA-10003330,"Panasonic Receipt Printer, Wireless",Technology,Machines
6321,TEC-KON-10003726,"Konica Card Printer, Wireless",Technology,Machines
6322,TEC-MA-10000161,"Okidata Inkjet, Wireless",Technology,Machines
6323,TEC-STA-10003925,"StarTech Card Printer, Durable",Technology,Machines
6324,TEC-OKI-10004464,"Okidata Printer, Red",Technology,Machines
6325,TEC-MA-10002267,"Konica Calculator, White",Technology,Machines
6326,TEC-PAN-10004360,"Panasonic Calculator, White",Technology,Machines
6327,TEC-MA-10003400,"Panasonic Printer, Durable",Technology,Machines
6328,TEC-MA-10003478,"StarTech Receipt Printer, Durable",Technology,Machines
6329,TEC-MA-10003625,"Panasonic Inkjet, White",Technology,Machines
6330,TEC-MA-10001279,"Panasonic Calculator, Wireless",Technology,Machines
6331,TEC-MA-10004168,"Panasonic Card Printer, Wireless",Technology,Machines
6332,TEC-MA-10003084,"Okidata Receipt Printer, Red",Technology,Machines
6333,TEC-MA-10000473,"Epson Receipt Printer, Durable",Technology,Machines
6334,TEC-STA-10000699,"StarTech Phone, Red",Technology,Machines
6335,TEC-OKI-10002736,"Okidata Card Printer, Red",Technology,Machines
6336,TEC-STA-10003386,"StarTech Inkjet, Wireless",Technology,Machines
6337,TEC-MA-10003631,"Okidata Card Printer, Wireless",Technology,Machines
6338,TEC-MA-10004609,"Epson Phone, Durable",Technology,Machines
6339,TEC-MA-10003812,"Panasonic Printer, Wireless",Technology,Machines
6340,TEC-EPS-10000689,"Epson Card Printer, Wireless",Technology,Machines
6341,TEC-EPS-10001341,"Epson Calculator, White",Technology,Machines
6342,TEC-MA-10004666,"Panasonic Inkjet, Red",Technology,Machines
6343,TEC-MA-10002195,"Epson Receipt Printer, Red",Technology,Machines
6344,TEC-MA-10003332,"Panasonic Receipt Printer, Durable",Technology,Machines
6345,TEC-PAN-10003688,"Panasonic Printer, Wireless",Technology,Machines
6346,TEC-MA-10004482,"StarTech Card Printer, Red",Technology,Machines
6347,TEC-OKI-10000616,"Okidata Card Printer, Durable",Technology,Machines
6348,TEC-MA-10004446,"StarTech Printer, Wireless",Technology,Machines
6349,TEC-MA-10003471,"StarTech Phone, Wireless",Technology,Machines
6350,TEC-MA-10003757,"Panasonic Printer, Red",Technology,Machines
6351,TEC-KON-10000091,"Konica Calculator, Red",Technology,Machines
6352,TEC-PAN-10002884,"Panasonic Inkjet, Wireless",Technology,Machines
6353,TEC-MA-10001922,"Konica Calculator, Wireless",Technology,Machines
6354,TEC-KON-10000005,"Konica Phone, Durable",Technology,Machines
6355,TEC-MA-10003557,"Panasonic Inkjet, Durable",Technology,Machines
6356,TEC-EPS-10002212,"Epson Receipt Printer, White",Technology,Machines
6357,TEC-MA-10000946,"Panasonic Calculator, Red",Technology,Machines
6358,TEC-EPS-10003277,"Epson Printer, White",Technology,Machines
6359,TEC-MA-10000331,"Okidata Printer, White",Technology,Machines
6360,TEC-MA-10004116,"StarTech Inkjet, Wireless",Technology,Machines
6361,TEC-MA-10004023,"Konica Phone, Wireless",Technology,Machines
6362,TEC-MA-10003796,"Konica Calculator, Durable",Technology,Machines
6363,TEC-MA-10002118,"Konica Printer, Red",Technology,Machines
6364,TEC-MA-10000122,"Okidata Calculator, Red",Technology,Machines
6365,TEC-MA-10000232,"Konica Card Printer, Durable",Technology,Machines
6366,TEC-MA-10001841,"Konica Printer, White",Technology,Machines
6367,TEC-MA-10000161,"Konica Receipt Printer, Durable",Technology,Machines
6368,TEC-STA-10003447,"StarTech Printer, White",Technology,Machines
6369,TEC-MA-10003486,"StarTech Phone, White",Technology,Machines
6370,TEC-MA-10003624,"StarTech Inkjet, Wireless",Technology,Machines
6371,TEC-MA-10001080,"Epson Phone, Red",Technology,Machines
6372,TEC-MA-10002193,"Panasonic Card Printer, Red",Technology,Machines
6373,TEC-STA-10002650,"StarTech Card Printer, Wireless",Technology,Machines
6374,TEC-PAN-10004651,"Panasonic Phone, White",Technology,Machines
6375,TEC-MA-10002306,"Epson Phone, White",Technology,Machines
6376,TEC-MA-10003251,"Konica Phone, White",Technology,Machines
6377,TEC-MA-10001098,"StarTech Printer, Durable",Technology,Machines
6378,TEC-MA-10004902,"Konica Phone, Wireless",Technology,Machines
6379,TEC-MA-10003816,"Epson Calculator, White",Technology,Machines
6380,TEC-MA-10002148,"Epson Printer, Durable",Technology,Machines
6381,TEC-MA-10002521,"Okidata Card Printer, Wireless",Technology,Machines
6382,FUR-TA-10002341,"Barricks Computer Table, Fully Assembled",Furniture,Tables
6383,FUR-HON-10003080,"Hon Computer Table, Adjustable Height",Furniture,Tables
6384,FUR-TA-10001786,"Chromcraft Computer Table, with Bottom Storage",Furniture,Tables
6385,FUR-BEV-10002369,"Bevis Training Table, Fully Assembled",Furniture,Tables
6386,FUR-HON-10001343,"Hon Coffee Table, Fully Assembled",Furniture,Tables
6387,FUR-LES-10002852,"Lesro Computer Table, Adjustable Height",Furniture,Tables
6388,FUR-BAR-10003576,"Barricks Training Table, with Bottom Storage",Furniture,Tables
6389,FUR-HON-10000224,"Hon Computer Table, with Bottom Storage",Furniture,Tables
6390,FUR-TA-10000164,"Lesro Training Table, Fully Assembled",Furniture,Tables
6391,FUR-TA-10002497,"Chromcraft Computer Table, Adjustable Height",Furniture,Tables
6392,FUR-TA-10003893,"Lesro Wood Table, with Bottom Storage",Furniture,Tables
6393,FUR-BAR-10003532,"Barricks Conference Table, Rectangular",Furniture,Tables
6394,FUR-TA-10001116,"Barricks Conference Table, Fully Assembled",Furniture,Tables
6395,FUR-BAR-10004682,"Barricks Round Table, Fully Assembled",Furniture,Tables
6396,FUR-BAR-10002449,"Barricks Training Table, Adjustable Height",Furniture,Tables
6397,FUR-TA-10003591,"Bevis Wood Table, Rectangular",Furniture,Tables
6398,FUR-CHR-10001570,"Chromcraft Conference Table, Rectangular",Furniture,Tables
6399,FUR-TA-10003157,"Hon Coffee Table, with Bottom Storage",Furniture,Tables
6400,FUR-TA-10004840,"Hon Conference Table, Adjustable Height",Furniture,Tables
6401,FUR-TA-10000971,"Bevis Training Table, Rectangular",Furniture,Tables
6402,FUR-LES-10000488,"Lesro Coffee Table, Adjustable Height",Furniture,Tables
6403,FUR-TA-10001549,"Barricks Coffee Table, Rectangular",Furniture,Tables
6404,FUR-TA-10004892,"Chromcraft Wood Table, with Bottom Storage",Furniture,Tables
6405,FUR-TA-10002860,"Hon Training Table, with Bottom Storage",Furniture,Tables
6406,FUR-LES-10000904,"Lesro Training Table, with Bottom Storage",Furniture,Tables
6407,FUR-HON-10003950,"Hon Coffee Table, Adjustable Height",Furniture,Tables
6408,FUR-TA-10004826,"Bevis Training Table, Rectangular",Furniture,Tables
6409,FUR-TA-10001664,"Chromcraft Conference Table, with Bottom Storage",Furniture,Tables
6410,FUR-TA-10003268,"Lesro Round Table, Rectangular",Furniture,Tables
6411,FUR-BEV-10003414,"Bevis Computer Table, Fully Assembled",Furniture,Tables
6412,FUR-TA-10003583,"Lesro Computer Table, with Bottom Storage",Furniture,Tables
6413,FUR-HON-10003412,"Hon Wood Table, Fully Assembled",Furniture,Tables
6414,FUR-TA-10001237,"Barricks Coffee Table, Fully Assembled",Furniture,Tables
6415,FUR-TA-10000665,"Bevis Computer Table, Fully Assembled",Furniture,Tables
6416,FUR-TA-10003663,"Bevis Computer Table, Adjustable Height",Furniture,Tables
6417,FUR-LES-10004098,"Lesro Round Table, Rectangular",Furniture,Tables
6418,FUR-TA-10004440,"Chromcraft Wood Table, Fully Assembled",Furniture,Tables
6419,FUR-BEV-10000388,"Bevis Coffee Table, Rectangular",Furniture,Tables
6420,FUR-TA-10002351,"Hon Training Table, Adjustable Height",Furniture,Tables
6421,FUR-LES-10002613,"Lesro Wood Table, Rectangular",Furniture,Tables
6422,FUR-LES-10000874,"Lesro Computer Table, Fully Assembled",Furniture,Tables
6423,FUR-HON-10001015,"Hon Training Table, Rectangular",Furniture,Tables
6424,FUR-TA-10004744,"Lesro Conference Table, with Bottom Storage",Furniture,Tables
6425,FUR-TA-10001531,"Lesro Training Table, Adjustable Height",Furniture,Tables
6426,FUR-HON-10001960,"Hon Wood Table, Rectangular",Furniture,Tables
6427,FUR-HON-10002837,"Hon Round Table, with Bottom Storage",Furniture,Tables
6428,FUR-TA-10004406,"Bevis Computer Table, Fully Assembled",Furniture,Tables
6429,FUR-TA-10004801,"Hon Conference Table, Rectangular",Furniture,Tables
6430,FUR-TA-10002571,"Chromcraft Coffee Table, Adjustable Height",Furniture,Tables
6431,FUR-BEV-10004805,"Bevis Conference Table, Rectangular",Furniture,Tables
6432,FUR-BAR-10000946,"Barricks Computer Table, with Bottom Storage",Furniture,Tables
6433,FUR-LES-10002616,"Lesro Conference Table, with Bottom Storage",Furniture,Tables
6434,FUR-BEV-10002803,"Bevis Conference Table, Fully Assembled",Furniture,Tables
6435,FUR-BAR-10000560,"Barricks Round Table, with Bottom Storage",Furniture,Tables
6436,FUR-TA-10002095,"Lesro Training Table, Fully Assembled",Furniture,Tables
6437,FUR-TA-10002256,"Hon Wood Table, Fully Assembled",Furniture,Tables
6438,FUR-TA-10001740,"Barricks Conference Table, Adjustable Height",Furniture,Tables
6439,FUR-HON-10004987,"Hon Training Table, Adjustable Height",Furniture,Tables
6440,FUR-TA-10002650,"Hon Wood Table, with Bottom Storage",Furniture,Tables
6441,FUR-BO-10001537,"Ikea Corner Shelving, Metal",Furniture,Bookcases
6442,FUR-BO-10004230,"Bush Corner Shelving, Metal",Furniture,Bookcases
6443,FUR-BO-10002390,"Ikea Library with Doors, Metal",Furniture,Bookcases
6444,FUR-SAU-10004653,"Sauder Classic Bookcase, Traditional",Furniture,Bookcases
6445,FUR-BO-10001201,"Bush Stackable Bookrack, Mobile",Furniture,Bookcases
6446,FUR-BUS-10000332,"Bush Library with Doors, Traditional",Furniture,Bookcases
6447,FUR-BO-10003185,"Ikea Floating Shelf Set, Metal",Furniture,Bookcases
6448,FUR-DAN-10004625,"Dania Stackable Bookrack, Mobile",Furniture,Bookcases
6449,FUR-BO-10002300,"Dania Classic Bookcase, Traditional",Furniture,Bookcases
6450,FUR-BO-10003326,"Safco Stackable Bookrack, Traditional",Furniture,Bookcases
6451,FUR-BUS-10002138,"Bush Stackable Bookrack, Pine",Furniture,Bookcases
6452,FUR-BO-10004699,"Dania 3-Shelf Cabinet, Mobile",Furniture,Bookcases
6453,FUR-BO-10002964,"Dania Floating Shelf Set, Pine",Furniture,Bookcases
6454,FUR-BO-10003945,"Sauder 3-Shelf Cabinet, Metal",Furniture,Bookcases
6455,FUR-BO-10004852,"Sauder Classic Bookcase, Traditional",Furniture,Bookcases
6456,FUR-BO-10000208,"Bush Stackable Bookrack, Mobile",Furniture,Bookcases
6457,FUR-BO-10004407,"Ikea Floating Shelf Set, Metal",Furniture,Bookcases
6458,FUR-BO-10004834,"Safco 3-Shelf Cabinet, Mobile",Furniture,Bookcases
6459,FUR-IKE-10001539,"Ikea Classic Bookcase, Pine",Furniture,Bookcases
6460,FUR-BO-10003559,"Sauder Stackable Bookrack, Pine",Furniture,Bookcases
6461,FUR-SAU-10000893,"Sauder Stackable Bookrack, Mobile",Furniture,Bookcases
6462,FUR-SAU-10000637,"Sauder Library with Doors, Metal",Furniture,Bookcases
6463,FUR-BO-10004113,"Sauder Classic Bookcase, Pine",Furniture,Bookcases
6464,FUR-BO-10002000,"Ikea Classic Bookcase, Metal",Furniture,Bookcases
6465,FUR-BO-10002444,"Sauder Library with Doors, Mobile",Furniture,Bookcases
6466,FUR-BO-10003383,"Safco Floating Shelf Set, Mobile",Furniture,Bookcases
6467,FUR-SAF-10002940,"Safco Corner Shelving, Mobile",Furniture,Bookcases
6468,FUR-BO-10001476,"Safco Corner Shelving, Pine",Furniture,Bookcases
6469,FUR-BO-10002378,"Dania 3-Shelf Cabinet, Metal",Furniture,Bookcases
6470,FUR-BUS-10003055,"Bush Stackable Bookrack, Pine",Furniture,Bookcases
6471,FUR-SAF-10003540,"Safco Floating Shelf Set, Metal",Furniture,Bookcases
6472,FUR-BO-10002992,"Dania Library with Doors, Traditional",Furniture,Bookcases
6473,FUR-BO-10002990,"Dania Library with Doors, Traditional",Furniture,Bookcases
6474,FUR-BO-10003563,"Bush 3-Shelf Cabinet, Mobile",Furniture,Bookcases
6475,FUR-BO-10003112,"Sauder Floating Shelf Set, Traditional",Furniture,Bookcases
6476,FUR-BO-10003530,"Safco 3-Shelf Cabinet, Pine",Furniture,Bookcases
6477,FUR-BO-10001580,"Dania Stackable Bookrack, Pine",Furniture,Bookcases
6478,FUR-BO-10000746,"Ikea Corner Shelving, Mobile",Furniture,Bookcases
6479,FUR-BO-10001212,"Safco Classic Bookcase, Mobile",Furniture,Bookcases
6480,FUR-BO-10004191,"Safco Corner Shelving, Traditional",Furniture,Bookcases
6481,FUR-BO-10004082,"Sauder Classic Bookcase, Metal",Furniture,Bookcases
6482,FUR-DAN-10003011,"Dania Corner Shelving, Metal",Furniture,Bookcases
6483,FUR-IKE-10003576,"Ikea Floating Shelf Set, Pine",Furniture,Bookcases
6484,FUR-BO-10001356,"Ikea Library with Doors, Mobile",Furniture,Bookcases
6485,FUR-BO-10001875,"Bush Library with Doors, Mobile",Furniture,Bookcases
6486,FUR-BO-10001721,"Bush Corner Shelving, Mobile",Furniture,Bookcases
6487,FUR-BO-10001369,"Sauder Stackable Bookrack, Mobile",Furniture,Bookcases
6488,FUR-SAU-10001776,"Sauder Stackable Bookrack, Pine",Furniture,Bookcases
6489,FUR-BO-10001003,"Dania 3-Shelf Cabinet, Traditional",Furniture,Bookcases
6490,FUR-BO-10000895,"Sauder Corner Shelving, Metal",Furniture,Bookcases
6491,FUR-DAN-10002167,"Dania Library with Doors, Mobile",Furniture,Bookcases
6492,FUR-BO-10002109,"Safco Stackable Bookrack, Pine",Furniture,Bookcases
6493,FUR-BO-10003022,"Dania 3-Shelf Cabinet, Metal",Furniture,Bookcases
6494,FUR-SAF-10002846,"Safco Classic Bookcase, Pine",Furniture,Bookcases
6495,FUR-BO-10003631,"Safco Stackable Bookrack, Mobile",Furniture,Bookcases
6496,FUR-BO-10002740,"Ikea Classic Bookcase, Metal",Furniture,Bookcases
6497,FUR-BO-10003903,"Dania 3-Shelf Cabinet, Pine",Furniture,Bookcases
6498,FUR-BO-10001483,"Bush Corner Shelving, Metal",Furniture,Bookcases
6499,FUR-BO-10001255,"Ikea Library with Doors, Mobile",Furniture,Bookcases
6500,FUR-BO-10001541,"Bush Stackable Bookrack, Traditional",Furniture,Bookcases
6501,FUR-BO-10000668,"Ikea Corner Shelving, Traditional",Furniture,Bookcases
6502,FUR-SAF-10001428,"Safco Corner Shelving, Pine",Furniture,Bookcases
6503,FUR-BO-10004142,"Safco Classic Bookcase, Traditional",Furniture,Bookcases
6504,FUR-BO-10002204,"Bush Classic Bookcase, Pine",Furniture,Bookcases
6505,FUR-BUS-10004882,"Bush Floating Shelf Set, Metal",Furniture,Bookcases
6506,FUR-IKE-10003262,"Ikea Floating Shelf Set, Traditional",Furniture,Bookcases
6507,FUR-BO-10000786,"Sauder Stackable Bookrack, Pine",Furniture,Bookcases
6508,FUR-SAF-10000545,"Safco 3-Shelf Cabinet, Pine",Furniture,Bookcases
6509,FUR-BO-10004679,"Safco Library with Doors, Pine",Furniture,Bookcases
6510,FUR-BO-10004219,"Safco 3-Shelf Cabinet, Metal",Furniture,Bookcases
6511,FUR-IKE-10001312,"Ikea Classic Bookcase, Traditional",Furniture,Bookcases
6512,FUR-BO-10001969,"Sauder 3-Shelf Cabinet, Pine",Furniture,Bookcases
6513,FUR-BO-10002968,"Bush Library with Doors, Metal",Furniture,Bookcases
6514,FUR-BO-10001501,"Bush Classic Bookcase, Metal",Furniture,Bookcases
6515,FUR-BO-10004704,"Bush Corner Shelving, Pine",Furniture,Bookcases
6516,FUR-BO-10001779,"Safco Stackable Bookrack, Pine",Furniture,Bookcases
6517,FUR-BO-10001295,"Safco Floating Shelf Set, Traditional",Furniture,Bookcases
6518,FUR-BO-10003968,"Sauder Library with Doors, Mobile",Furniture,Bookcases
6519,FUR-BO-10000002,"Bush Classic Bookcase, Mobile",Furniture,Bookcases
6520,FUR-BO-10004199,"Ikea 3-Shelf Cabinet, Pine",Furniture,Bookcases
6521,FUR-BO-10001646,"Safco Corner Shelving, Metal",Furniture,Bookcases
6522,FUR-BO-10004681,"Ikea Stackable Bookrack, Metal",Furniture,Bookcases
6523,FUR-BO-10001372,"Safco Classic Bookcase, Pine",Furniture,Bookcases
6524,FUR-BO-10001555,"Bush Corner Shelving, Metal",Furniture,Bookcases
6525,FUR-BUS-10001243,"Bush Classic Bookcase, Pine",Furniture,Bookcases
6526,FUR-BO-10000175,"Ikea Stackable Bookrack, Metal",Furniture,Bookcases
6527,FUR-BO-10001934,"Bush Library with Doors, Metal",Furniture,Bookcases
6528,FUR-BO-10003029,"Sauder Library with Doors, Traditional",Furniture,Bookcases
6529,FUR-IKE-10002509,"Ikea 3-Shelf Cabinet, Metal",Furniture,Bookcases
6530,FUR-BO-10002324,"Sauder Stackable Bookrack, Pine",Furniture,Bookcases
6531,FUR-BO-10002510,"Bush 3-Shelf Cabinet, Mobile",Furniture,Bookcases
6532,FUR-BO-10003828,"Bush 3-Shelf Cabinet, Metal",Furniture,Bookcases
6533,FUR-BO-10004806,"Safco Corner Shelving, Traditional",Furniture,Bookcases
6534,FUR-BO-10004911,"Ikea Corner Shelving, Mobile",Furniture,Bookcases
6535,FUR-BO-10003221,"Safco Corner Shelving, Mobile",Furniture,Bookcases
6536,FUR-SAF-10002360,"Safco Stackable Bookrack, Pine",Furniture,Bookcases
6537,FUR-BO-10002250,"Dania Floating Shelf Set, Mobile",Furniture,Bookcases
6538,FUR-BO-10001405,"Bush Stackable Bookrack, Pine",Furniture,Bookcases
6539,FUR-DAN-10001875,"Dania Floating Shelf Set, Metal",Furniture,Bookcases
6540,FUR-BO-10004075,"Safco Floating Shelf Set, Metal",Furniture,Bookcases
6541,FUR-BO-10004388,"Ikea Library with Doors, Metal",Furniture,Bookcases
6542,FUR-BO-10001874,"Sauder Corner Shelving, Pine",Furniture,Bookcases
6543,FUR-BUS-10002639,"Bush Corner Shelving, Mobile",Furniture,Bookcases
6544,FUR-DAN-10001622,"Dania Library with Doors, Pine",Furniture,Bookcases
6545,FUR-BUS-10001781,"Bush Library with Doors, Metal",Furniture,Bookcases
6546,FUR-BO-10004508,"Ikea Floating Shelf Set, Mobile",Furniture,Bookcases
6547,FUR-BO-10004472,"Dania Library with Doors, Pine",Furniture,Bookcases
6548,FUR-BO-10004504,"Sauder 3-Shelf Cabinet, Mobile",Furniture,Bookcases
6549,FUR-BO-10001326,"Bush 3-Shelf Cabinet, Pine",Furniture,Bookcases
6550,FUR-BO-10003688,"Bush Stackable Bookrack, Pine",Furniture,Bookcases
6551,FUR-IKE-10002719,"Ikea Library with Doors, Metal",Furniture,Bookcases
6552,FUR-SAF-10000085,"Safco Library with Doors, Pine",Furniture,Bookcases
6553,FUR-BO-10004585,"Ikea 3-Shelf Cabinet, Traditional",Furniture,Bookcases
6554,FUR-BO-10001739,"Dania Classic Bookcase, Mobile",Furniture,Bookcases
6555,FUR-BO-10002926,"Bush Stackable Bookrack, Mobile",Furniture,Bookcases
6556,FUR-BUS-10004820,"Bush Classic Bookcase, Mobile",Furniture,Bookcases
6557,FUR-BO-10001781,"Bush Library with Doors, Traditional",Furniture,Bookcases
6558,FUR-BO-10002346,"Dania Stackable Bookrack, Mobile",Furniture,Bookcases
6559,FUR-BO-10003881,"Sauder Floating Shelf Set, Mobile",Furniture,Bookcases
6560,FUR-BO-10003028,"Sauder 3-Shelf Cabinet, Mobile",Furniture,Bookcases
6561,FUR-BO-10002031,"Sauder Classic Bookcase, Pine",Furniture,Bookcases
6562,FUR-BO-10000502,"Sauder Classic Bookcase, Mobile",Furniture,Bookcases
6563,FUR-BO-10000936,"Bush Floating Shelf Set, Traditional",Furniture,Bookcases
6564,FUR-BO-10000980,"Bush Library with Doors, Traditional",Furniture,Bookcases
6565,FUR-BO-10003103,"Ikea Classic Bookcase, Metal",Furniture,Bookcases
6566,FUR-SAU-10003795,"Sauder Corner Shelving, Traditional",Furniture,Bookcases
6567,FUR-BO-10001892,"Sauder Library with Doors, Pine",Furniture,Bookcases
6568,FUR-BO-10003301,"Dania Floating Shelf Set, Metal",Furniture,Bookcases
6569,FUR-BO-10001708,"Safco Stackable Bookrack, Pine",Furniture,Bookcases
6570,FUR-BO-10003783,"Dania Library with Doors, Pine",Furniture,Bookcases
6571,FUR-BO-10002766,"Bush Classic Bookcase, Traditional",Furniture,Bookcases
6572,FUR-IKE-10003015,"Ikea Library with Doors, Mobile",Furniture,Bookcases
6573,FUR-BO-10004507,"Ikea Corner Shelving, Metal",Furniture,Bookcases
6574,FUR-BO-10000203,"Sauder Library with Doors, Metal",Furniture,Bookcases
6575,FUR-SAF-10002400,"Safco Corner Shelving, Metal",Furniture,Bookcases
6576,FUR-BO-10004567,"Bush Floating Shelf Set, Mobile",Furniture,Bookcases
6577,FUR-BO-10002782,"Safco Corner Shelving, Traditional",Furniture,Bookcases
6578,FUR-BO-10000243,"Safco Floating Shelf Set, Pine",Furniture,Bookcases
6579,FUR-BO-10000670,"Dania Corner Shelving, Metal",Furniture,Bookcases
6580,FUR-BO-10001342,"Safco Corner Shelving, Metal",Furniture,Bookcases
6581,FUR-BO-10004707,"Ikea Library with Doors, Traditional",Furniture,Bookcases
6582,FUR-IKE-10000649,"Ikea Library with Doors, Pine",Furniture,Bookcases
6583,FUR-BO-10002812,"Sauder 3-Shelf Cabinet, Pine",Furniture,Bookcases
6584,FUR-BO-10004665,"Bush Classic Bookcase, Mobile",Furniture,Bookcases
6585,FUR-BO-10003043,"Dania 3-Shelf Cabinet, Mobile",Furniture,Bookcases
6586,FUR-BO-10000411,"Sauder Floating Shelf Set, Metal",Furniture,Bookcases
6587,FUR-BO-10003320,"Dania Classic Bookcase, Metal",Furniture,Bookcases
6588,FUR-SAU-10002331,"Sauder Library with Doors, Traditional",Furniture,Bookcases
6589,FUR-BO-10003438,"Dania Corner Shelving, Pine",Furniture,Bookcases
6590,FUR-BO-10002462,"Ikea Classic Bookcase, Pine",Furniture,Bookcases
6591,FUR-SAU-10004221,"Sauder Corner Shelving, Mobile",Furniture,Bookcases
6592,FUR-BO-10003706,"Sauder Stackable Bookrack, Pine",Furniture,Bookcases
6593,FUR-BO-10002383,"Sauder Floating Shelf Set, Pine",Furniture,Bookcases
6594,FUR-BO-10003541,"Bush Classic Bookcase, Metal",Furniture,Bookcases
6595,FUR-BO-10002781,"Sauder Floating Shelf Set, Traditional",Furniture,Bookcases
6596,FUR-BO-10004135,"Ikea Stackable Bookrack, Traditional",Furniture,Bookcases
6597,FUR-IKE-10001301,"Ikea Stackable Bookrack, Pine",Furniture,Bookcases
6598,FUR-BO-10004771,"Ikea Classic Bookcase, Traditional",Furniture,Bookcases
6599,FUR-BO-10001867,"Dania Corner Shelving, Mobile",Furniture,Bookcases
6600,FUR-SAF-10000213,"Safco Classic Bookcase, Mobile",Furniture,Bookcases
6601,FUR-BO-10001147,"Bush Floating Shelf Set, Metal",Furniture,Bookcases
6602,FUR-SAU-10004053,"Sauder Floating Shelf Set, Mobile",Furniture,Bookcases
6603,FUR-BO-10000567,"Sauder Classic Bookcase, Traditional",Furniture,Bookcases
6604,FUR-DAN-10004745,"Dania Corner Shelving, Traditional",Furniture,Bookcases
6605,FUR-BO-10000891,"Ikea Classic Bookcase, Pine",Furniture,Bookcases
6606,FUR-BO-10003873,"Safco Library with Doors, Mobile",Furniture,Bookcases
6607,FUR-BO-10003297,"Ikea 3-Shelf Cabinet, Metal",Furniture,Bookcases
6608,FUR-BO-10004053,"Dania Library with Doors, Metal",Furniture,Bookcases
6609,FUR-DAN-10004940,"Dania Classic Bookcase, Metal",Furniture,Bookcases
6610,FUR-BO-10003738,"Dania Library with Doors, Mobile",Furniture,Bookcases
6611,FUR-BO-10004425,"Sauder Library with Doors, Mobile",Furniture,Bookcases
6612,FUR-SAF-10000881,"Safco 3-Shelf Cabinet, Metal",Furniture,Bookcases
6613,FUR-BUS-10004622,"Bush Corner Shelving, Pine",Furniture,Bookcases
6614,FUR-BO-10000087,"Dania Classic Bookcase, Mobile",Furniture,Bookcases
6615,FUR-BO-10002204,"Dania Floating Shelf Set, Traditional",Furniture,Bookcases
6616,FUR-BO-10004080,"Ikea Stackable Bookrack, Traditional",Furniture,Bookcases
6617,FUR-BO-10000728,"Dania Corner Shelving, Traditional",Furniture,Bookcases
6618,FUR-SAF-10004530,"Safco Floating Shelf Set, Traditional",Furniture,Bookcases
6619,FUR-DAN-10001462,"Dania Stackable Bookrack, Pine",Furniture,Bookcases
6620,FUR-BO-10002308,"Safco Floating Shelf Set, Metal",Furniture,Bookcases
6621,FUR-BO-10004980,"Bush Library with Doors, Mobile",Furniture,Bookcases
6622,FUR-BO-10004565,"Sauder Corner Shelving, Traditional",Furniture,Bookcases
6623,FUR-BO-10003463,"Ikea Stackable Bookrack, Metal",Furniture,Bookcases
6624,FUR-DAN-10003334,"Dania 3-Shelf Cabinet, Traditional",Furniture,Bookcases
6625,FUR-IKE-10003682,"Ikea Corner Shelving, Metal",Furniture,Bookcases
6626,FUR-IKE-10004853,"Ikea Corner Shelving, Mobile",Furniture,Bookcases
6627,FUR-BO-10004914,"Bush 3-Shelf Cabinet, Traditional",Furniture,Bookcases
6628,FUR-BO-10001753,"Dania Stackable Bookrack, Traditional",Furniture,Bookcases
6629,FUR-BO-10004670,"Dania Library with Doors, Mobile",Furniture,Bookcases
6630,FUR-BO-10004445,"Bush Stackable Bookrack, Pine",Furniture,Bookcases
6631,FUR-BO-10000035,"Dania Classic Bookcase, Pine",Furniture,Bookcases
6632,FUR-BO-10003034,"Sauder Stackable Bookrack, Pine",Furniture,Bookcases
6633,FUR-BO-10001192,"Bush Library with Doors, Mobile",Furniture,Bookcases
6634,FUR-BO-10003887,"Ikea Floating Shelf Set, Traditional",Furniture,Bookcases
6635,FUR-BO-10001621,"Dania Stackable Bookrack, Traditional",Furniture,Bookcases
6636,FUR-IKE-10000619,"Ikea Corner Shelving, Pine",Furniture,Bookcases
6637,FUR-BO-10002981,"Bush Floating Shelf Set, Metal",Furniture,Bookcases
6638,FUR-BO-10002003,"Sauder Classic Bookcase, Metal",Furniture,Bookcases
6639,FUR-BO-10003793,"Bush 3-Shelf Cabinet, Metal",Furniture,Bookcases
6640,FUR-BO-10000022,"Dania Floating Shelf Set, Traditional",Furniture,Bookcases
6641,FUR-BO-10000265,"Bush Floating Shelf Set, Pine",Furniture,Bookcases
6642,FUR-BO-10004541,"Dania Library with Doors, Mobile",Furniture,Bookcases
6643,FUR-BO-10002708,"Dania Library with Doors, Pine",Furniture,Bookcases
6644,FUR-BO-10002679,"Ikea Stackable Bookrack, Mobile",Furniture,Bookcases
6645,FUR-SAF-10000949,"Safco Floating Shelf Set, Pine",Furniture,Bookcases
6646,FUR-BO-10004119,"Ikea Floating Shelf Set, Traditional",Furniture,Bookcases
6647,FUR-BO-10004161,"Bush Corner Shelving, Mobile",Furniture,Bookcases
6648,FUR-SAU-10000209,"Sauder Corner Shelving, Metal",Furniture,Bookcases
6649,FUR-BO-10003697,"Safco Floating Shelf Set, Mobile",Furniture,Bookcases
6650,FUR-BO-10000636,"Dania Floating Shelf Set, Metal",Furniture,Bookcases
6651,FUR-BO-10000728,"Ikea Classic Bookcase, Mobile",Furniture,Bookcases
6652,FUR-BO-10004423,"Ikea Corner Shelving, Pine",Furniture,Bookcases
6653,FUR-BO-10001553,"Sauder Library with Doors, Traditional",Furniture,Bookcases
6654,FUR-DAN-10002028,"Dania Classic Bookcase, Mobile",Furniture,Bookcases
6655,FUR-BO-10001641,"Bush 3-Shelf Cabinet, Traditional",Furniture,Bookcases
6656,FUR-BUS-10004854,"Bush Floating Shelf Set, Pine",Furniture,Bookcases
6657,FUR-BO-10003333,"Sauder Stackable Bookrack, Traditional",Furniture,Bookcases
6658,FUR-BO-10002471,"Safco 3-Shelf Cabinet, Metal",Furniture,Bookcases
6659,FUR-SAF-10004173,"Safco Corner Shelving, Traditional",Furniture,Bookcases
6660,FUR-BO-10001831,"Sauder Floating Shelf Set, Metal",Furniture,Bookcases
6661,FUR-BO-10004529,"Sauder 3-Shelf Cabinet, Pine",Furniture,Bookcases
6662,FUR-BO-10000699,"Sauder 3-Shelf Cabinet, Traditional",Furniture,Bookcases
6663,FUR-IKE-10002268,"Ikea Floating Shelf Set, Metal",Furniture,Bookcases
6664,FUR-BO-10000259,"Safco Classic Bookcase, Traditional",Furniture,Bookcases
6665,FUR-BO-10001256,"Ikea Corner Shelving, Pine",Furniture,Bookcases
6666,FUR-DAN-10001584,"Dania Stackable Bookrack, Pine",Furniture,Bookcases
6667,FUR-SAF-10000678,"Safco Floating Shelf Set, Mobile",Furniture,Bookcases
6668,FUR-BUS-10002040,"Bush Library with Doors, Mobile",Furniture,Bookcases
6669,FUR-IKE-10003642,"Ikea 3-Shelf Cabinet, Pine",Furniture,Bookcases
6670,FUR-SAF-10000265,"Safco Library with Doors, Metal",Furniture,Bookcases
6671,FUR-BO-10002352,"Ikea 3-Shelf Cabinet, Mobile",Furniture,Bookcases
6672,FUR-BO-10003206,"Sauder Floating Shelf Set, Pine",Furniture,Bookcases
6673,FUR-SAU-10003188,"Sauder Stackable Bookrack, Pine",Furniture,Bookcases
6674,FUR-BO-10001039,"Dania Classic Bookcase, Traditional",Furniture,Bookcases
6675,FUR-BO-10000087,"Sauder Corner Shelving, Pine",Furniture,Bookcases
6676,FUR-BO-10001498,"Dania Classic Bookcase, Pine",Furniture,Bookcases
6677,FUR-BO-10000712,"Bush Corner Shelving, Pine",Furniture,Bookcases
6678,FUR-IKE-10003796,"Ikea Stackable Bookrack, Metal",Furniture,Bookcases
6679,FUR-BO-10000071,"Safco 3-Shelf Cabinet, Metal",Furniture,Bookcases
6680,FUR-BO-10003549,"Sauder Floating Shelf Set, Metal",Furniture,Bookcases
6681,FUR-BO-10003661,"Sauder Floating Shelf Set, Traditional",Furniture,Bookcases
6682,FUR-DAN-10003065,"Dania Library with Doors, Traditional",Furniture,Bookcases
6683,FUR-BO-10002852,"Bush Stackable Bookrack, Pine",Furniture,Bookcases
6684,FUR-BO-10001133,"Ikea Classic Bookcase, Mobile",Furniture,Bookcases
6685,FUR-DAN-10001993,"Dania 3-Shelf Cabinet, Mobile",Furniture,Bookcases
6686,FUR-BO-10000195,"Dania Stackable Bookrack, Pine",Furniture,Bookcases
6687,FUR-BO-10001287,"Dania Floating Shelf Set, Metal",Furniture,Bookcases
6688,FUR-BO-10004842,"Dania 3-Shelf Cabinet, Pine",Furniture,Bookcases
6689,FUR-SAF-10000508,"Safco Library with Doors, Traditional",Furniture,Bookcases
6690,FUR-BO-10002793,"Safco Floating Shelf Set, Traditional",Furniture,Bookcases
6691,FUR-BO-10001749,"Bush Classic Bookcase, Traditional",Furniture,Bookcases
6692,FUR-BO-10004055,"Safco Corner Shelving, Metal",Furniture,Bookcases
6693,FUR-BO-10002936,"Ikea Stackable Bookrack, Pine",Furniture,Bookcases
6694,FUR-BO-10001668,"Ikea Floating Shelf Set, Pine",Furniture,Bookcases
6695,FUR-BO-10001471,"Sauder Classic Bookcase, Metal",Furniture,Bookcases
6696,FUR-SAU-10004137,"Sauder Floating Shelf Set, Traditional",Furniture,Bookcases
6697,FUR-SAU-10002714,"Sauder Corner Shelving, Pine",Furniture,Bookcases
6698,FUR-BO-10004547,"Bush Stackable Bookrack, Traditional",Furniture,Bookcases
6699,FUR-BO-10004924,"Sauder Library with Doors, Traditional",Furniture,Bookcases
6700,FUR-SAF-10003469,"Safco Classic Bookcase, Traditional",Furniture,Bookcases
6701,FUR-DAN-10000597,"Dania Floating Shelf Set, Traditional",Furniture,Bookcases
6702,FUR-SAF-10004426,"Safco 3-Shelf Cabinet, Traditional",Furniture,Bookcases
6703,FUR-BO-10003287,"Dania Corner Shelving, Traditional",Furniture,Bookcases
6704,FUR-BO-10001393,"Safco 3-Shelf Cabinet, Pine",Furniture,Bookcases
6705,FUR-BO-10001834,"Ikea 3-Shelf Cabinet, Mobile",Furniture,Bookcases
6706,FUR-BO-10000148,"Bush 3-Shelf Cabinet, Metal",Furniture,Bookcases
6707,FUR-BO-10004821,"Dania Corner Shelving, Traditional",Furniture,Bookcases
6708,FUR-BO-10000961,"Bush Stackable Bookrack, Pine",Furniture,Bookcases
6709,FUR-SAU-10002255,"Sauder Classic Bookcase, Pine",Furniture,Bookcases
6710,FUR-BO-10003282,"Ikea Classic Bookcase, Mobile",Furniture,Bookcases
6711,FUR-BUS-10000984,"Bush 3-Shelf Cabinet, Traditional",Furniture,Bookcases
6712,FUR-BO-10004043,"Dania Classic Bookcase, Metal",Furniture,Bookcases
6713,FUR-BO-10004648,"Sauder Library with Doors, Pine",Furniture,Bookcases
6714,FUR-BO-10003713,"Sauder Corner Shelving, Mobile",Furniture,Bookcases
6715,FUR-DAN-10002741,"Dania Corner Shelving, Pine",Furniture,Bookcases
6716,FUR-BO-10001598,"Bush Corner Shelving, Pine",Furniture,Bookcases
6717,FUR-BO-10003408,"Ikea 3-Shelf Cabinet, Metal",Furniture,Bookcases
6718,FUR-BO-10000610,"Ikea Stackable Bookrack, Mobile",Furniture,Bookcases
6719,FUR-SAF-10001322,"Safco Stackable Bookrack, Traditional",Furniture,Bookcases
6720,FUR-BO-10004725,"Sauder Library with Doors, Metal",Furniture,Bookcases
6721,FUR-BO-10001452,"Dania Stackable Bookrack, Pine",Furniture,Bookcases
6722,FUR-DAN-10001340,"Dania Corner Shelving, Mobile",Furniture,Bookcases
6723,FUR-SAU-10002540,"Sauder Stackable Bookrack, Traditional",Furniture,Bookcases
6724,FUR-BO-10004441,"Ikea Library with Doors, Metal",Furniture,Bookcases
6725,FUR-SAU-10003872,"Sauder Floating Shelf Set, Pine",Furniture,Bookcases
6726,FUR-BUS-10002989,"Bush Classic Bookcase, Traditional",Furniture,Bookcases
6727,FUR-BO-10004630,"Ikea Library with Doors, Mobile",Furniture,Bookcases
6728,FUR-BO-10000210,"Ikea Library with Doors, Pine",Furniture,Bookcases
6729,FUR-BUS-10003368,"Bush Floating Shelf Set, Mobile",Furniture,Bookcases
6730,FUR-IKE-10002894,"Ikea Library with Doors, Traditional",Furniture,Bookcases
6731,FUR-BO-10003106,"Sauder Corner Shelving, Metal",Furniture,Bookcases
6732,FUR-BO-10003604,"Ikea Corner Shelving, Mobile",Furniture,Bookcases
6733,FUR-BO-10002736,"Sauder Stackable Bookrack, Mobile",Furniture,Bookcases
6734,FUR-BUS-10003724,"Bush Corner Shelving, Metal",Furniture,Bookcases
6735,FUR-BO-10004452,"Bush Classic Bookcase, Pine",Furniture,Bookcases
6736,FUR-BO-10000533,"Dania Corner Shelving, Pine",Furniture,Bookcases
6737,FUR-BO-10004434,"Ikea Library with Doors, Traditional",Furniture,Bookcases
6738,FUR-CH-10000745,"Hon Chairmat, Adjustable",Furniture,Chairs
6739,FUR-OFF-10003688,"Office Star Rocking Chair, Black",Furniture,Chairs
6740,FUR-NOV-10002655,"Novimex Swivel Stool, Adjustable",Furniture,Chairs
6741,FUR-SAF-10002314,"SAFCO Swivel Stool, Black",Furniture,Chairs
6742,FUR-SAF-10004252,"SAFCO Executive Leather Armchair, Adjustable",Furniture,Chairs
6743,FUR-OFF-10000344,"Office Star Bag Chairs, Adjustable",Furniture,Chairs
6744,FUR-SAF-10002180,"SAFCO Executive Leather Armchair, Red",Furniture,Chairs
6745,FUR-CH-10001802,"Novimex Rocking Chair, Black",Furniture,Chairs
6746,FUR-NOV-10000123,"Novimex Rocking Chair, Red",Furniture,Chairs
6747,FUR-CH-10001831,"Novimex Rocking Chair, Set of Two",Furniture,Chairs
6748,FUR-CH-10001674,"Office Star Chairmat, Adjustable",Furniture,Chairs
6749,FUR-HON-10000029,"Hon Bag Chairs, Black",Furniture,Chairs
6750,FUR-HON-10003137,"Hon Steel Folding Chair, Set of Two",Furniture,Chairs
6751,FUR-HON-10002570,"Hon Chairmat, Set of Two",Furniture,Chairs
6752,FUR-CH-10002974,"SAFCO Rocking Chair, Red",Furniture,Chairs
6753,FUR-CH-10004685,"Harbour Creations Swivel Stool, Set of Two",Furniture,Chairs
6754,FUR-CH-10003365,"Office Star Executive Leather Armchair, Adjustable",Furniture,Chairs
6755,FUR-OFF-10003713,"Office Star Chairmat, Adjustable",Furniture,Chairs
6756,FUR-HAR-10000441,"Harbour Creations Rocking Chair, Adjustable",Furniture,Chairs
6757,FUR-HON-10000339,"Hon Bag Chairs, Set of Two",Furniture,Chairs
6758,FUR-OFF-10004495,"Office Star Swivel Stool, Black",Furniture,Chairs
6759,FUR-SAF-10002616,"SAFCO Steel Folding Chair, Adjustable",Furniture,Chairs
6760,FUR-HAR-10002328,"Harbour Creations Swivel Stool, Black",Furniture,Chairs
6761,FUR-CH-10000105,"Hon Steel Folding Chair, Set of Two",Furniture,Chairs
6762,FUR-CH-10001553,"Hon Bag Chairs, Adjustable",Furniture,Chairs
6763,FUR-NOV-10003195,"Novimex Chairmat, Red",Furniture,Chairs
6764,FUR-CH-10003026,"Novimex Bag Chairs, Adjustable",Furniture,Chairs
6765,FUR-CH-10000603,"Hon Bag Chairs, Red",Furniture,Chairs
6766,FUR-SAF-10003160,"SAFCO Rocking Chair, Adjustable",Furniture,Chairs
6767,FUR-CH-10003249,"Office Star Steel Folding Chair, Black",Furniture,Chairs
6768,FUR-HAR-10002546,"Harbour Creations Chairmat, Black",Furniture,Chairs
6769,FUR-NOV-10002911,"Novimex Steel Folding Chair, Set of Two",Furniture,Chairs
6770,FUR-CH-10004101,"SAFCO Swivel Stool, Adjustable",Furniture,Chairs
6771,FUR-CH-10004943,"Office Star Bag Chairs, Adjustable",Furniture,Chairs
6772,FUR-OFF-10001132,"Office Star Swivel Stool, Adjustable",Furniture,Chairs
6773,FUR-OFF-10002511,"Office Star Steel Folding Chair, Black",Furniture,Chairs
6774,FUR-NOV-10003053,"Novimex Bag Chairs, Set of Two",Furniture,Chairs
6775,FUR-CH-10002610,"Novimex Swivel Stool, Black",Furniture,Chairs
6776,FUR-CH-10002970,"Harbour Creations Chairmat, Black",Furniture,Chairs
6777,FUR-NOV-10002107,"Novimex Rocking Chair, Adjustable",Furniture,Chairs
6778,FUR-HON-10004632,"Hon Chairmat, Black",Furniture,Chairs
6779,FUR-SAF-10001136,"SAFCO Swivel Stool, Adjustable",Furniture,Chairs
6780,FUR-HAR-10001792,"Harbour Creations Bag Chairs, Red",Furniture,Chairs
6781,FUR-OFF-10004214,"Office Star Executive Leather Armchair, Red",Furniture,Chairs
6782,FUR-SAF-10000593,"SAFCO Chairmat, Adjustable",Furniture,Chairs
6783,FUR-OFF-10001224,"Office Star Swivel Stool, Red",Furniture,Chairs
6784,FUR-OFF-10002330,"Office Star Executive Leather Armchair, Black",Furniture,Chairs
6785,FUR-SAF-10003819,"SAFCO Swivel Stool, Set of Two",Furniture,Chairs
6786,FUR-CH-10001153,"Harbour Creations Bag Chairs, Adjustable",Furniture,Chairs
6787,FUR-CH-10001278,"SAFCO Chairmat, Black",Furniture,Chairs
6788,FUR-CH-10003249,"Novimex Chairmat, Adjustable",Furniture,Chairs
6789,FUR-HAR-10000334,"Harbour Creations Swivel Stool, Red",Furniture,Chairs
6790,FUR-CH-10004792,"SAFCO Swivel Stool, Set of Two",Furniture,Chairs
6791,FUR-NOV-10004602,"Novimex Executive Leather Armchair, Red",Furniture,Chairs
6792,FUR-SAF-10003402,"SAFCO Bag Chairs, Black",Furniture,Chairs
6793,FUR-HON-10000103,"Hon Swivel Stool, Red",Furniture,Chairs
6794,FUR-HON-10001776,"Hon Bag Chairs, Red",Furniture,Chairs
6795,FUR-HAR-10003548,"Harbour Creations Bag Chairs, Set of Two",Furniture,Chairs
6796,FUR-HAR-10002873,"Harbour Creations Executive Leather Armchair, Adjustable",Furniture,Chairs
6797,FUR-HAR-10001089,"Harbour Creations Rocking Chair, Black",Furniture,Chairs
6798,FUR-HAR-10001144,"Harbour Creations Bag Chairs, Adjustable",Furniture,Chairs
6799,FUR-CH-10004506,"Novimex Steel Folding Chair, Set of Two",Furniture,Chairs
6800,FUR-CH-10001429,"SAFCO Executive Leather Armchair, Adjustable",Furniture,Chairs
6801,FUR-CH-10002819,"SAFCO Chairmat, Red",Furniture,Chairs
6802,FUR-OFF-10002740,"Office Star Steel Folding Chair, Set of Two",Furniture,Chairs
6803,FUR-SAF-10001949,"SAFCO Bag Chairs, Red",Furniture,Chairs
6804,FUR-SAF-10002557,"SAFCO Steel Folding Chair, Red",Furniture,Chairs
6805,FUR-NOV-10004962,"Novimex Bag Chairs, Adjustable",Furniture,Chairs
6806,FUR-NOV-10003754,"Novimex Rocking Chair, Set of Two",Furniture,Chairs
6807,FUR-HON-10001622,"Hon Chairmat, Red",Furniture,Chairs
6808,FUR-HON-10002599,"Hon Chairmat, Adjustable",Furniture,Chairs
6809,FUR-CH-10001051,"Hon Chairmat, Red",Furniture,Chairs
6810,FUR-CH-10004774,"Novimex Executive Leather Armchair, Red",Furniture,Chairs
6811,FUR-SAF-10001873,"SAFCO Bag Chairs, Set of Two",Furniture,Chairs
6812,FUR-CH-10000133,"Harbour Creations Steel Folding Chair, Black",Furniture,Chairs
6813,FUR-NOV-10000222,"Novimex Steel Folding Chair, Adjustable",Furniture,Chairs
6814,FUR-HON-10001558,"Hon Swivel Stool, Black",Furniture,Chairs
6815,FUR-HON-10001627,"Hon Swivel Stool, Adjustable",Furniture,Chairs
6816,FUR-SAF-10002121,"SAFCO Rocking Chair, Black",Furniture,Chairs
6817,FUR-OFF-10001798,"Office Star Steel Folding Chair, Red",Furniture,Chairs
6818,FUR-HAR-10003124,"Harbour Creations Chairmat, Red",Furniture,Chairs
6819,FUR-HON-10003653,"Hon Steel Folding Chair, Black",Furniture,Chairs
6820,FUR-HON-10001689,"Hon Executive Leather Armchair, Red",Furniture,Chairs
6821,FUR-CH-10000727,"Office Star Chairmat, Set of Two",Furniture,Chairs
6822,FUR-NOV-10001972,"Novimex Swivel Stool, Red",Furniture,Chairs
6823,FUR-SAF-10003745,"SAFCO Rocking Chair, Set of Two",Furniture,Chairs
6824,FUR-HON-10000191,"Hon Bag Chairs, Adjustable",Furniture,Chairs
6825,FUR-OFF-10001661,"Office Star Chairmat, Red",Furniture,Chairs
6826,FUR-SAF-10000565,"SAFCO Bag Chairs, Adjustable",Furniture,Chairs
6827,FUR-HAR-10000100,"Harbour Creations Swivel Stool, Adjustable",Furniture,Chairs
6828,FUR-HAR-10002288,"Harbour Creations Rocking Chair, Red",Furniture,Chairs
6829,FUR-HAR-10004129,"Harbour Creations Swivel Stool, Set of Two",Furniture,Chairs
6830,FUR-HON-10000344,"Hon Rocking Chair, Red",Furniture,Chairs
6831,FUR-NOV-10004563,"Novimex Bag Chairs, Black",Furniture,Chairs
6832,FUR-SAF-10002529,"SAFCO Chairmat, Red",Furniture,Chairs
6833,FUR-HAR-10001374,"Harbour Creations Executive Leather Armchair, Red",Furniture,Chairs
6834,FUR-OFF-10001187,"Office Star Chairmat, Black",Furniture,Chairs
6835,FUR-SAF-10001793,"SAFCO Executive Leather Armchair, Black",Furniture,Chairs
6836,FUR-HAR-10000870,"Harbour Creations Bag Chairs, Black",Furniture,Chairs
6837,FUR-CH-10003248,"SAFCO Bag Chairs, Black",Furniture,Chairs
6838,FUR-HAR-10002632,"Harbour Creations Chairmat, Adjustable",Furniture,Chairs
6839,FUR-HON-10003593,"Hon Steel Folding Chair, Adjustable",Furniture,Chairs
6840,FUR-SAF-10002757,"SAFCO Rocking Chair, Red",Furniture,Chairs
6841,FUR-SAF-10004664,"SAFCO Steel Folding Chair, Set of Two",Furniture,Chairs
6842,FUR-NOV-10000283,"Novimex Chairmat, Black",Furniture,Chairs
6843,FUR-NOV-10000847,"Novimex Executive Leather Armchair, Adjustable",Furniture,Chairs
6844,FUR-CH-10004827,"SAFCO Chairmat, Black",Furniture,Chairs
6845,FUR-CH-10003392,"Novimex Steel Folding Chair, Red",Furniture,Chairs
6846,FUR-CH-10003354,"Harbour Creations Swivel Stool, Red",Furniture,Chairs
6847,FUR-CH-10000932,"Harbour Creations Executive Leather Armchair, Red",Furniture,Chairs
6848,FUR-CH-10001044,"Harbour Creations Steel Folding Chair, Adjustable",Furniture,Chairs
6849,FUR-CH-10001810,"Harbour Creations Chairmat, Red",Furniture,Chairs
6850,FUR-CH-10003109,"Office Star Rocking Chair, Set of Two",Furniture,Chairs
6851,FUR-CH-10001374,"Novimex Steel Folding Chair, Black",Furniture,Chairs
6852,FUR-CH-10001647,"Novimex Swivel Stool, Black",Furniture,Chairs
6853,FUR-CH-10000836,"SAFCO Swivel Stool, Adjustable",Furniture,Chairs
6854,FUR-CH-10002653,"Office Star Rocking Chair, Adjustable",Furniture,Chairs
6855,FUR-CH-10003883,"Office Star Swivel Stool, Set of Two",Furniture,Chairs
6856,FUR-CH-10000852,"Novimex Chairmat, Set of Two",Furniture,Chairs
6857,FUR-CH-10004669,"Novimex Executive Leather Armchair, Black",Furniture,Chairs
6858,FUR-CH-10000105,"Novimex Bag Chairs, Black",Furniture,Chairs
6859,FUR-CH-10000336,"SAFCO Chairmat, Set of Two",Furniture,Chairs
6860,FUR-CH-10001455,"Office Star Swivel Stool, Adjustable",Furniture,Chairs
6861,FUR-CH-10004010,"SAFCO Bag Chairs, Red",Furniture,Chairs
6862,FUR-CH-10002727,"SAFCO Bag Chairs, Set of Two",Furniture,Chairs
6863,FUR-CH-10003697,"Novimex Chairmat, Adjustable",Furniture,Chairs
6864,FUR-CH-10004652,"Hon Bag Chairs, Black",Furniture,Chairs
6865,FUR-CH-10000656,"Hon Swivel Stool, Adjustable",Furniture,Chairs
6866,FUR-CH-10000528,"Novimex Steel Folding Chair, Adjustable",Furniture,Chairs
6867,FUR-CH-10003559,"Office Star Chairmat, Black",Furniture,Chairs
6868,FUR-CH-10003844,"Office Star Rocking Chair, Black",Furniture,Chairs
6869,FUR-CH-10000788,"Hon Rocking Chair, Adjustable",Furniture,Chairs
6870,FUR-CH-10001616,"Harbour Creations Bag Chairs, Red",Furniture,Chairs
6871,FUR-CH-10003941,"Novimex Executive Leather Armchair, Adjustable",Furniture,Chairs
6872,FUR-CH-10003706,"Harbour Creations Chairmat, Black",Furniture,Chairs
6873,FUR-CH-10002291,"Hon Bag Chairs, Set of Two",Furniture,Chairs
6874,FUR-CH-10004746,"Office Star Executive Leather Armchair, Adjustable",Furniture,Chairs
6875,FUR-CH-10001282,"Hon Bag Chairs, Adjustable",Furniture,Chairs
6876,FUR-CH-10003982,"Harbour Creations Swivel Stool, Adjustable",Furniture,Chairs
6877,FUR-CH-10003623,"SAFCO Steel Folding Chair, Black",Furniture,Chairs
6878,FUR-CH-10001343,"SAFCO Swivel Stool, Set of Two",Furniture,Chairs
6879,FUR-CH-10001130,"Harbour Creations Swivel Stool, Set of Two",Furniture,Chairs
6880,FUR-CH-10004725,"Office Star Bag Chairs, Set of Two",Furniture,Chairs
6881,FUR-CH-10002088,"Novimex Steel Folding Chair, Set of Two",Furniture,Chairs
6882,FUR-CH-10004095,"SAFCO Executive Leather Armchair, Adjustable",Furniture,Chairs
6883,FUR-CH-10003423,"Novimex Rocking Chair, Set of Two",Furniture,Chairs
6884,FUR-CH-10002547,"Office Star Steel Folding Chair, Red",Furniture,Chairs
6885,FUR-CH-10000265,"Office Star Chairmat, Adjustable",Furniture,Chairs
6886,FUR-CH-10001262,"Novimex Bag Chairs, Red",Furniture,Chairs
6887,FUR-CH-10003077,"SAFCO Bag Chairs, Adjustable",Furniture,Chairs
6888,FUR-CH-10000892,"SAFCO Executive Leather Armchair, Red",Furniture,Chairs
6889,FUR-CH-10003107,"Office Star Swivel Stool, Red",Furniture,Chairs
6890,FUR-CH-10001819,"Office Star Chairmat, Set of Two",Furniture,Chairs
6891,FUR-CH-10000891,"Harbour Creations Executive Leather Armchair, Black",Furniture,Chairs
6892,FUR-CH-10001634,"Novimex Rocking Chair, Adjustable",Furniture,Chairs
6893,FUR-CH-10001423,"Harbour Creations Rocking Chair, Black",Furniture,Chairs
6894,FUR-CH-10002846,"Hon Steel Folding Chair, Black",Furniture,Chairs
6895,FUR-CH-10002010,"Office Star Bag Chairs, Adjustable",Furniture,Chairs
6896,FUR-CH-10003514,"Harbour Creations Rocking Chair, Set of Two",Furniture,Chairs
6897,FUR-CH-10001490,"Novimex Executive Leather Armchair, Red",Furniture,Chairs
6898,FUR-CH-10002132,"Hon Rocking Chair, Black",Furniture,Chairs
6899,FUR-CH-10004338,"Hon Bag Chairs, Red",Furniture,Chairs
6900,FUR-CH-10004736,"Novimex Bag Chairs, Adjustable",Furniture,Chairs
6901,FUR-CH-10001114,"Hon Chairmat, Set of Two",Furniture,Chairs
6902,FUR-CH-10004242,"Office Star Steel Folding Chair, Black",Furniture,Chairs
6903,FUR-CH-10001914,"Harbour Creations Bag Chairs, Black",Furniture,Chairs
6904,FUR-CH-10004547,"Office Star Bag Chairs, Black",Furniture,Chairs
6905,FUR-CH-10004054,"Hon Rocking Chair, Set of Two",Furniture,Chairs
6906,FUR-CH-10004219,"Office Star Bag Chairs, Red",Furniture,Chairs
6907,FUR-CH-10004011,"SAFCO Executive Leather Armchair, Black",Furniture,Chairs
6908,FUR-CH-10000171,"SAFCO Steel Folding Chair, Adjustable",Furniture,Chairs
6909,FUR-CH-10003853,"Harbour Creations Steel Folding Chair, Red",Furniture,Chairs
6910,FUR-CH-10001658,"SAFCO Chairmat, Adjustable",Furniture,Chairs
6911,FUR-CH-10002093,"Harbour Creations Rocking Chair, Adjustable",Furniture,Chairs
6912,FUR-CH-10002297,"Novimex Bag Chairs, Set of Two",Furniture,Chairs
6913,FUR-CH-10000777,"Harbour Creations Executive Leather Armchair, Adjustable",Furniture,Chairs
6914,FUR-CH-10004387,"Hon Chairmat, Red",Furniture,Chairs
6915,FUR-CH-10000343,"Hon Executive Leather Armchair, Black",Furniture,Chairs
6916,FUR-CH-10004920,"Office Star Chairmat, Red",Furniture,Chairs
6917,FUR-CH-10003195,"Hon Rocking Chair, Red",Furniture,Chairs
6918,FUR-CH-10003448,"Harbour Creations Bag Chairs, Set of Two",Furniture,Chairs
6919,FUR-CH-10000430,"SAFCO Rocking Chair, Set of Two",Furniture,Chairs
6920,FUR-CH-10001607,"Novimex Swivel Stool, Set of Two",Furniture,Chairs
6921,FUR-CH-10004755,"Novimex Swivel Stool, Red",Furniture,Chairs
6922,FUR-CH-10000953,"Harbour Creations Swivel Stool, Black",Furniture,Chairs
6923,FUR-CH-10001784,"SAFCO Steel Folding Chair, Set of Two",Furniture,Chairs
6924,FUR-CH-10002780,"Office Star Executive Leather Armchair, Black",Furniture,Chairs
6925,FUR-CH-10004467,"Harbour Creations Chairmat, Set of Two",Furniture,Chairs
6926,FUR-CH-10001795,"SAFCO Steel Folding Chair, Red",Furniture,Chairs
6927,FUR-CH-10003485,"Hon Swivel Stool, Set of Two",Furniture,Chairs
6928,FUR-CH-10001871,"Harbour Creations Steel Folding Chair, Set of Two",Furniture,Chairs
6929,FUR-CH-10000660,"Novimex Executive Leather Armchair, Adjustable",Furniture,Chairs
6930,FUR-CH-10002966,"Harbour Creations Swivel Stool, Red",Furniture,Chairs
6931,FUR-CH-10002207,"Hon Chairmat, Set of Two",Furniture,Chairs
6932,FUR-CH-10001756,"Novimex Bag Chairs, Adjustable",Furniture,Chairs
6933,FUR-CH-10002060,"SAFCO Rocking Chair, Adjustable",Furniture,Chairs
6934,FUR-CH-10003846,"Office Star Swivel Stool, Set of Two",Furniture,Chairs
6935,FUR-CH-10000294,"Office Star Swivel Stool, Red",Furniture,Chairs
6936,FUR-CH-10004810,"Hon Swivel Stool, Set of Two",Furniture,Chairs
6937,FUR-CH-10000026,"SAFCO Rocking Chair, Black",Furniture,Chairs
6938,FUR-CH-10004089,"Harbour Creations Bag Chairs, Set of Two",Furniture,Chairs
6939,FUR-CH-10001147,"Hon Swivel Stool, Adjustable",Furniture,Chairs
6940,FUR-CH-10000608,"Office Star Chairmat, Set of Two",Furniture,Chairs
6941,FUR-CH-10000117,"Novimex Steel Folding Chair, Black",Furniture,Chairs
6942,FUR-CH-10000994,"Harbour Creations Rocking Chair, Black",Furniture,Chairs
6943,FUR-CH-10001204,"Harbour Creations Steel Folding Chair, Red",Furniture,Chairs
6944,FUR-CH-10004049,"SAFCO Bag Chairs, Set of Two",Furniture,Chairs
6945,FUR-CH-10002224,"Hon Rocking Chair, Set of Two",Furniture,Chairs
6946,FUR-CH-10002410,"Office Star Rocking Chair, Red",Furniture,Chairs
6947,FUR-CH-10000351,"Novimex Chairmat, Set of Two",Furniture,Chairs
6948,FUR-CH-10002316,"Harbour Creations Bag Chairs, Red",Furniture,Chairs
6949,FUR-CH-10004705,"Hon Executive Leather Armchair, Black",Furniture,Chairs
6950,FUR-CH-10001797,"Harbour Creations Bag Chairs, Adjustable",Furniture,Chairs
6951,FUR-CH-10000110,"Hon Bag Chairs, Red",Furniture,Chairs
6952,FUR-CH-10003508,"Novimex Swivel Stool, Set of Two",Furniture,Chairs
6953,FUR-CH-10001913,"Office Star Swivel Stool, Adjustable",Furniture,Chairs
6954,FUR-CH-10001895,"Hon Chairmat, Adjustable",Furniture,Chairs
6955,FUR-CH-10002589,"SAFCO Steel Folding Chair, Red",Furniture,Chairs
6956,FUR-CH-10001138,"Office Star Swivel Stool, Black",Furniture,Chairs
6957,FUR-CH-10001271,"SAFCO Executive Leather Armchair, Red",Furniture,Chairs
6958,FUR-CH-10002209,"Novimex Chairmat, Red",Furniture,Chairs
6959,FUR-CH-10003282,"SAFCO Bag Chairs, Black",Furniture,Chairs
6960,FUR-CH-10000602,"Novimex Executive Leather Armchair, Red",Furniture,Chairs
6961,FUR-CH-10003861,"Novimex Rocking Chair, Set of Two",Furniture,Chairs
6962,FUR-CH-10002890,"Office Star Chairmat, Adjustable",Furniture,Chairs
6963,FUR-CH-10002940,"Harbour Creations Chairmat, Black",Furniture,Chairs
6964,FUR-CH-10003143,"Harbour Creations Bag Chairs, Black",Furniture,Chairs
6965,FUR-CH-10002573,"Office Star Executive Leather Armchair, Adjustable",Furniture,Chairs
6966,FUR-CH-10004441,"SAFCO Bag Chairs, Black",Furniture,Chairs
6967,FUR-CH-10004331,"SAFCO Rocking Chair, Red",Furniture,Chairs
6968,FUR-CH-10003836,"Harbour Creations Rocking Chair, Red",Furniture,Chairs
6969,FUR-CH-10003822,"SAFCO Steel Folding Chair, Adjustable",Furniture,Chairs
6970,FUR-CH-10000391,"Novimex Bag Chairs, Red",Furniture,Chairs
6971,FUR-CH-10001262,"Office Star Rocking Chair, Set of Two",Furniture,Chairs
6972,FUR-CH-10004082,"Office Star Chairmat, Black",Furniture,Chairs
6973,FUR-CH-10000783,"Office Star Executive Leather Armchair, Adjustable",Furniture,Chairs
6974,FUR-CH-10003512,"Novimex Bag Chairs, Set of Two",Furniture,Chairs
6975,FUR-CH-10002250,"Office Star Executive Leather Armchair, Black",Furniture,Chairs
6976,FUR-CH-10001695,"Harbour Creations Chairmat, Set of Two",Furniture,Chairs
6977,FUR-CH-10004455,"Harbour Creations Swivel Stool, Red",Furniture,Chairs
6978,FUR-CH-10004387,"Office Star Bag Chairs, Red",Furniture,Chairs
6979,FUR-CH-10002117,"Hon Steel Folding Chair, Red",Furniture,Chairs
6980,FUR-CH-10000027,"SAFCO Executive Leather Armchair, Black",Furniture,Chairs
6981,FUR-CH-10004009,"SAFCO Rocking Chair, Set of Two",Furniture,Chairs
6982,FUR-CH-10004339,"SAFCO Steel Folding Chair, Red",Furniture,Chairs
6983,FUR-CH-10000187,"Hon Chairmat, Red",Furniture,Chairs
6984,FUR-CH-10002631,"Office Star Bag Chairs, Black",Furniture,Chairs
6985,FUR-CH-10000790,"Hon Chairmat, Adjustable",Furniture,Chairs
6986,FUR-CH-10003608,"SAFCO Chairmat, Set of Two",Furniture,Chairs
6987,FUR-CH-10004365,"Novimex Rocking Chair, Black",Furniture,Chairs
6988,FUR-CH-10003950,"Novimex Executive Leather Armchair, Black",Furniture,Chairs
6989,FUR-CH-10002932,"Harbour Creations Rocking Chair, Adjustable",Furniture,Chairs
6990,FUR-CH-10004163,"Novimex Steel Folding Chair, Adjustable",Furniture,Chairs
6991,FUR-CH-10004196,"Novimex Swivel Stool, Red",Furniture,Chairs
6992,FUR-CH-10004600,"Harbour Creations Chairmat, Red",Furniture,Chairs
6993,FUR-CH-10003894,"Harbour Creations Steel Folding Chair, Adjustable",Furniture,Chairs
6994,FUR-CH-10001465,"Hon Swivel Stool, Red",Furniture,Chairs
6995,FUR-CH-10001805,"Office Star Chairmat, Set of Two",Furniture,Chairs
6996,FUR-CH-10002743,"Novimex Chairmat, Adjustable",Furniture,Chairs
6997,FUR-CH-10004826,"Hon Steel Folding Chair, Set of Two",Furniture,Chairs
6998,FUR-CH-10002468,"Hon Rocking Chair, Adjustable",Furniture,Chairs
6999,FUR-CH-10002989,"SAFCO Bag Chairs, Adjustable",Furniture,Chairs
7000,FUR-CH-10003419,"Hon Steel Folding Chair, Black",Furniture,Chairs
7001,FUR-CH-10000432,"Harbour Creations Swivel Stool, Adjustable",Furniture,Chairs
7002,FUR-CH-10000025,"Office Star Rocking Chair, Set of Two",Furniture,Chairs
7003,FUR-CH-10004447,"Harbour Creations Rocking Chair, Set of Two",Furniture,Chairs
7004,FUR-CH-10002626,"Hon Steel Folding Chair, Adjustable",Furniture,Chairs
7005,FUR-CH-10003354,"Novimex Bag Chairs, Black",Furniture,Chairs
7006,FUR-CH-10001415,"Office Star Executive Leather Armchair, Red",Furniture,Chairs
7007,FUR-CH-10001313,"SAFCO Steel Folding Chair, Black",Furniture,Chairs
7008,FUR-CH-10000825,"SAFCO Chairmat, Red",Furniture,Chairs
7009,FUR-CH-10003580,"Harbour Creations Bag Chairs, Black",Furniture,Chairs
7010,FUR-CH-10002944,"Office Star Steel Folding Chair, Black",Furniture,Chairs
7011,FUR-CH-10002213,"Hon Executive Leather Armchair, Black",Furniture,Chairs
7012,FUR-CH-10004312,"Hon Bag Chairs, Set of Two",Furniture,Chairs
7013,FUR-CH-10003123,"Hon Chairmat, Black",Furniture,Chairs
7014,FUR-CH-10003692,"SAFCO Swivel Stool, Set of Two",Furniture,Chairs
7015,FUR-CH-10002091,"Harbour Creations Swivel Stool, Set of Two",Furniture,Chairs
7016,FUR-CH-10003551,"Hon Swivel Stool, Black",Furniture,Chairs
7017,FUR-CH-10002344,"Novimex Rocking Chair, Adjustable",Furniture,Chairs
7018,FUR-CH-10000258,"Office Star Steel Folding Chair, Red",Furniture,Chairs
7019,FUR-CH-10001322,"Harbour Creations Executive Leather Armchair, Adjustable",Furniture,Chairs
7020,FUR-CH-10003597,"SAFCO Executive Leather Armchair, Set of Two",Furniture,Chairs
7021,FUR-CH-10002872,"SAFCO Executive Leather Armchair, Adjustable",Furniture,Chairs
7022,FUR-CH-10003581,"Hon Executive Leather Armchair, Adjustable",Furniture,Chairs
7023,FUR-CH-10001684,"Office Star Rocking Chair, Adjustable",Furniture,Chairs
7024,FUR-CH-10004694,"Office Star Rocking Chair, Black",Furniture,Chairs
7025,FUR-CH-10001664,"Novimex Swivel Stool, Black",Furniture,Chairs
7026,FUR-CH-10003336,"SAFCO Chairmat, Adjustable",Furniture,Chairs
7027,FUR-CH-10004913,"Office Star Rocking Chair, Red",Furniture,Chairs
7028,FUR-CH-10002188,"SAFCO Steel Folding Chair, Set of Two",Furniture,Chairs
7029,FUR-CH-10000430,"SAFCO Swivel Stool, Red",Furniture,Chairs
7030,FUR-FU-10003198,"Rubbermaid Photo Frame, Erganomic",Furniture,Furnishings
7031,FUR-FU-10002598,"Tenex Photo Frame, Durable",Furniture,Furnishings
7032,FUR-FU-10000388,"Rubbermaid Door Stop, Erganomic",Furniture,Furnishings
7033,FUR-FU-10001619,"Advantus Clock, Erganomic",Furniture,Furnishings
7034,FUR-FU-10002210,"Tenex Clock, Black",Furniture,Furnishings
7035,FUR-RUB-10002507,"Rubbermaid Stacking Tray, Black",Furniture,Furnishings
7036,FUR-FU-10000885,"Eldon Light Bulb, Durable",Furniture,Furnishings
7037,FUR-FU-10002017,"Rubbermaid Door Stop, Duo Pack",Furniture,Furnishings
7038,FUR-FU-10001471,"Eldon Door Stop, Durable",Furniture,Furnishings
7039,FUR-FU-10004640,"Tenex Light Bulb, Durable",Furniture,Furnishings
7040,FUR-FU-10004820,"Advantus Photo Frame, Erganomic",Furniture,Furnishings
7041,FUR-FU-10003362,"Rubbermaid Stacking Tray, Erganomic",Furniture,Furnishings
7042,FUR-FU-10004888,"Tenex Stacking Tray, Erganomic",Furniture,Furnishings
7043,FUR-ELD-10004515,"Eldon Door Stop, Black",Furniture,Furnishings
7044,FUR-FU-10002525,"Deflect-O Door Stop, Erganomic",Furniture,Furnishings
7045,FUR-RUB-10001796,"Rubbermaid Light Bulb, Erganomic",Furniture,Furnishings
7046,FUR-FU-10001260,"Rubbermaid Light Bulb, Erganomic",Furniture,Furnishings
7047,FUR-FU-10001674,"Deflect-O Clock, Duo Pack",Furniture,Furnishings
7048,FUR-FU-10001691,"Deflect-O Photo Frame, Black",Furniture,Furnishings
7049,FUR-FU-10000541,"Advantus Frame, Duo Pack",Furniture,Furnishings
7050,FUR-FU-10003447,"Eldon Light Bulb, Duo Pack",Furniture,Furnishings
7051,FUR-FU-10000225,"Rubbermaid Photo Frame, Durable",Furniture,Furnishings
7052,FUR-TEN-10000525,"Tenex Clock, Black",Furniture,Furnishings
7053,FUR-FU-10001942,"Eldon Frame, Duo Pack",Furniture,Furnishings
7054,FUR-FU-10003370,"Tenex Light Bulb, Durable",Furniture,Furnishings
7055,FUR-TEN-10000986,"Tenex Frame, Duo Pack",Furniture,Furnishings
7056,FUR-FU-10002250,"Advantus Photo Frame, Durable",Furniture,Furnishings
7057,FUR-TEN-10003648,"Tenex Stacking Tray, Erganomic",Furniture,Furnishings
7058,FUR-FU-10003622,"Tenex Light Bulb, Erganomic",Furniture,Furnishings
7059,FUR-FU-10004313,"Eldon Light Bulb, Duo Pack",Furniture,Furnishings
7060,FUR-FU-10000762,"Advantus Light Bulb, Black",Furniture,Furnishings
7061,FUR-ELD-10003479,"Eldon Clock, Durable",Furniture,Furnishings
7062,FUR-ADV-10000108,"Advantus Clock, Erganomic",Furniture,Furnishings
7063,FUR-FU-10002648,"Rubbermaid Stacking Tray, Erganomic",Furniture,Furnishings
7064,FUR-FU-10000526,"Deflect-O Frame, Durable",Furniture,Furnishings
7065,FUR-FU-10001008,"Rubbermaid Light Bulb, Durable",Furniture,Furnishings
7066,FUR-FU-10001774,"Eldon Door Stop, Durable",Furniture,Furnishings
7067,FUR-RUB-10003004,"Rubbermaid Frame, Durable",Furniture,Furnishings
7068,FUR-FU-10004617,"Eldon Stacking Tray, Duo Pack",Furniture,Furnishings
7069,FUR-DEF-10003551,"Deflect-O Photo Frame, Erganomic",Furniture,Furnishings
7070,FUR-FU-10004339,"Deflect-O Frame, Black",Furniture,Furnishings
7071,FUR-ELD-10003828,"Eldon Light Bulb, Erganomic",Furniture,Furnishings
7072,FUR-FU-10000946,"Advantus Stacking Tray, Durable",Furniture,Furnishings
7073,FUR-FU-10000135,"Tenex Photo Frame, Black",Furniture,Furnishings
7074,FUR-FU-10002972,"Advantus Light Bulb, Duo Pack",Furniture,Furnishings
7075,FUR-FU-10004960,"Deflect-O Photo Frame, Duo Pack",Furniture,Furnishings
7076,FUR-FU-10003451,"Eldon Frame, Black",Furniture,Furnishings
7077,FUR-RUB-10002817,"Rubbermaid Door Stop, Durable",Furniture,Furnishings
7078,FUR-RUB-10002067,"Rubbermaid Frame, Erganomic",Furniture,Furnishings
7079,FUR-FU-10004015,"Tenex Clock, Durable",Furniture,Furnishings
7080,FUR-FU-10001129,"Deflect-O Stacking Tray, Black",Furniture,Furnishings
7081,FUR-FU-10001765,"Eldon Clock, Durable",Furniture,Furnishings
7082,FUR-FU-10001175,"Advantus Door Stop, Durable",Furniture,Furnishings
7083,FUR-FU-10000159,"Advantus Frame, Erganomic",Furniture,Furnishings
7084,FUR-FU-10003507,"Deflect-O Stacking Tray, Erganomic",Furniture,Furnishings
7085,FUR-FU-10002937,"Rubbermaid Light Bulb, Durable",Furniture,Furnishings
7086,FUR-FU-10003420,"Deflect-O Door Stop, Durable",Furniture,Furnishings
7087,FUR-FU-10000339,"Tenex Frame, Black",Furniture,Furnishings
7088,FUR-FU-10000422,"Deflect-O Photo Frame, Black",Furniture,Furnishings
7089,FUR-FU-10004903,"Eldon Light Bulb, Black",Furniture,Furnishings
7090,FUR-FU-10002485,"Rubbermaid Photo Frame, Duo Pack",Furniture,Furnishings
7091,FUR-FU-10003325,"Tenex Door Stop, Duo Pack",Furniture,Furnishings
7092,FUR-FU-10001161,"Deflect-O Photo Frame, Duo Pack",Furniture,Furnishings
7093,FUR-FU-10004516,"Deflect-O Frame, Black",Furniture,Furnishings
7094,FUR-FU-10004450,"Eldon Light Bulb, Duo Pack",Furniture,Furnishings
7095,FUR-FU-10001477,"Rubbermaid Stacking Tray, Black",Furniture,Furnishings
7096,FUR-TEN-10003871,"Tenex Frame, Durable",Furniture,Furnishings
7097,FUR-FU-10003052,"Advantus Photo Frame, Duo Pack",Furniture,Furnishings
7098,FUR-FU-10003658,"Tenex Light Bulb, Duo Pack",Furniture,Furnishings
7099,FUR-FU-10000366,"Deflect-O Door Stop, Durable",Furniture,Furnishings
7100,FUR-FU-10000368,"Deflect-O Frame, Durable",Furniture,Furnishings
7101,FUR-DEF-10000622,"Deflect-O Light Bulb, Black",Furniture,Furnishings
7102,FUR-FU-10000918,"Deflect-O Photo Frame, Duo Pack",Furniture,Furnishings
7103,FUR-FU-10004527,"Advantus Frame, Duo Pack",Furniture,Furnishings
7104,FUR-FU-10000612,"Tenex Frame, Black",Furniture,Furnishings
7105,FUR-FU-10000065,"Rubbermaid Frame, Black",Furniture,Furnishings
7106,FUR-FU-10000714,"Tenex Light Bulb, Black",Furniture,Furnishings
7107,FUR-FU-10000628,"Rubbermaid Light Bulb, Black",Furniture,Furnishings
7108,FUR-FU-10002829,"Deflect-O Photo Frame, Black",Furniture,Furnishings
7109,FUR-FU-10002539,"Tenex Clock, Erganomic",Furniture,Furnishings
7110,FUR-FU-10003664,"Tenex Frame, Erganomic",Furniture,Furnishings
7111,FUR-DEF-10000810,"Deflect-O Stacking Tray, Black",Furniture,Furnishings
7112,FUR-FU-10004462,"Advantus Stacking Tray, Black",Furniture,Furnishings
7113,FUR-FU-10003094,"Eldon Clock, Erganomic",Furniture,Furnishings
7114,FUR-FU-10000482,"Eldon Photo Frame, Duo Pack",Furniture,Furnishings
7115,FUR-FU-10004097,"Advantus Door Stop, Duo Pack",Furniture,Furnishings
7116,FUR-FU-10003214,"Eldon Stacking Tray, Durable",Furniture,Furnishings
7117,FUR-ADV-10001440,"Advantus Door Stop, Black",Furniture,Furnishings
7118,FUR-FU-10000496,"Eldon Clock, Duo Pack",Furniture,Furnishings
7119,FUR-DEF-10002865,"Deflect-O Light Bulb, Erganomic",Furniture,Furnishings
7120,FUR-FU-10001096,"Advantus Clock, Black",Furniture,Furnishings
7121,FUR-FU-10000913,"Rubbermaid Door Stop, Durable",Furniture,Furnishings
7122,FUR-FU-10000944,"Tenex Door Stop, Black",Furniture,Furnishings
7123,FUR-RUB-10001380,"Rubbermaid Photo Frame, Erganomic",Furniture,Furnishings
7124,FUR-FU-10004780,"Deflect-O Frame, Duo Pack",Furniture,Furnishings
7125,FUR-FU-10002933,"Advantus Stacking Tray, Erganomic",Furniture,Furnishings
7126,FUR-FU-10001447,"Eldon Stacking Tray, Duo Pack",Furniture,Furnishings
7127,FUR-FU-10002459,"Rubbermaid Door Stop, Duo Pack",Furniture,Furnishings
7128,FUR-FU-10002837,"Advantus Frame, Duo Pack",Furniture,Furnishings
7129,FUR-FU-10004464,"Deflect-O Clock, Durable",Furniture,Furnishings
7130,FUR-FU-10001477,"Deflect-O Frame, Erganomic",Furniture,Furnishings
7131,FUR-FU-10000735,"Tenex Frame, Erganomic",Furniture,Furnishings
7132,FUR-FU-10004074,"Advantus Stacking Tray, Erganomic",Furniture,Furnishings
7133,FUR-FU-10003419,"Eldon Clock, Erganomic",Furniture,Furnishings
7134,FUR-ELD-10000301,"Eldon Frame, Duo Pack",Furniture,Furnishings
7135,FUR-FU-10001351,"Rubbermaid Photo Frame, Black",Furniture,Furnishings
7136,FUR-FU-10004095,"Eldon Frame, Durable",Furniture,Furnishings
7137,FUR-FU-10004013,"Deflect-O Clock, Durable",Furniture,Furnishings
7138,FUR-FU-10000705,"Advantus Frame, Black",Furniture,Furnishings
7139,FUR-FU-10002928,"Rubbermaid Clock, Durable",Furniture,Furnishings
7140,FUR-FU-10003408,"Rubbermaid Stacking Tray, Erganomic",Furniture,Furnishings
7141,FUR-FU-10002818,"Advantus Stacking Tray, Black",Furniture,Furnishings
7142,FUR-RUB-10004036,"Rubbermaid Stacking Tray, Erganomic",Furniture,Furnishings
7143,FUR-FU-10001480,"Advantus Door Stop, Black",Furniture,Furnishings
7144,FUR-FU-10004604,"Deflect-O Clock, Erganomic",Furniture,Furnishings
7145,FUR-FU-10004064,"Rubbermaid Door Stop, Erganomic",Furniture,Furnishings
7146,FUR-FU-10004422,"Advantus Photo Frame, Erganomic",Furniture,Furnishings
7147,FUR-FU-10003826,"Eldon Door Stop, Duo Pack",Furniture,Furnishings
7148,FUR-FU-10001132,"Deflect-O Frame, Erganomic",Furniture,Furnishings
7149,FUR-FU-10004236,"Deflect-O Light Bulb, Black",Furniture,Furnishings
7150,FUR-TEN-10003552,"Tenex Clock, Durable",Furniture,Furnishings
7151,FUR-FU-10000783,"Advantus Light Bulb, Durable",Furniture,Furnishings
7152,FUR-FU-10004730,"Rubbermaid Light Bulb, Erganomic",Furniture,Furnishings
7153,FUR-DEF-10001763,"Deflect-O Door Stop, Durable",Furniture,Furnishings
7154,FUR-FU-10003069,"Deflect-O Photo Frame, Durable",Furniture,Furnishings
7155,FUR-FU-10000361,"Eldon Stacking Tray, Duo Pack",Furniture,Furnishings
7156,FUR-FU-10001169,"Rubbermaid Clock, Duo Pack",Furniture,Furnishings
7157,FUR-FU-10000674,"Rubbermaid Photo Frame, Erganomic",Furniture,Furnishings
7158,FUR-ELD-10003802,"Eldon Photo Frame, Durable",Furniture,Furnishings
7159,FUR-FU-10004460,"Tenex Clock, Black",Furniture,Furnishings
7160,FUR-DEF-10000495,"Deflect-O Clock, Black",Furniture,Furnishings
7161,FUR-FU-10000490,"Eldon Light Bulb, Erganomic",Furniture,Furnishings
7162,FUR-FU-10003619,"Tenex Clock, Black",Furniture,Furnishings
7163,FUR-ELD-10003802,"Eldon Door Stop, Duo Pack",Furniture,Furnishings
7164,FUR-FU-10003500,"Rubbermaid Photo Frame, Duo Pack",Furniture,Furnishings
7165,FUR-TEN-10002448,"Tenex Stacking Tray, Erganomic",Furniture,Furnishings
7166,FUR-FU-10004019,"Rubbermaid Door Stop, Erganomic",Furniture,Furnishings
7167,FUR-TEN-10003923,"Tenex Door Stop, Duo Pack",Furniture,Furnishings
7168,FUR-FU-10003217,"Tenex Frame, Durable",Furniture,Furnishings
7169,FUR-FU-10002422,"Eldon Photo Frame, Duo Pack",Furniture,Furnishings
7170,FUR-FU-10003939,"Tenex Photo Frame, Duo Pack",Furniture,Furnishings
7171,FUR-FU-10004998,"Eldon Stacking Tray, Erganomic",Furniture,Furnishings
7172,FUR-FU-10001438,"Rubbermaid Frame, Duo Pack",Furniture,Furnishings
7173,FUR-FU-10002630,"Tenex Clock, Erganomic",Furniture,Furnishings
7174,FUR-DEF-10000346,"Deflect-O Frame, Duo Pack",Furniture,Furnishings
7175,FUR-FU-10001246,"Advantus Frame, Durable",Furniture,Furnishings
7176,FUR-FU-10001770,"Deflect-O Clock, Erganomic",Furniture,Furnishings
7177,FUR-FU-10003297,"Rubbermaid Frame, Erganomic",Furniture,Furnishings
7178,FUR-FU-10004182,"Eldon Stacking Tray, Black",Furniture,Furnishings
7179,FUR-DEF-10003315,"Deflect-O Clock, Erganomic",Furniture,Furnishings
7180,FUR-FU-10002223,"Deflect-O Stacking Tray, Durable",Furniture,Furnishings
7181,FUR-FU-10004816,"Advantus Door Stop, Duo Pack",Furniture,Furnishings
7182,FUR-ELD-10000857,"Eldon Door Stop, Erganomic",Furniture,Furnishings
7183,FUR-FU-10004778,"Deflect-O Light Bulb, Duo Pack",Furniture,Furnishings
7184,FUR-FU-10000702,"Tenex Frame, Black",Furniture,Furnishings
7185,FUR-FU-10001617,"Eldon Frame, Black",Furniture,Furnishings
7186,FUR-FU-10000850,"Rubbermaid Clock, Black",Furniture,Furnishings
7187,FUR-FU-10002890,"Rubbermaid Frame, Durable",Furniture,Furnishings
7188,FUR-RUB-10001717,"Rubbermaid Photo Frame, Durable",Furniture,Furnishings
7189,FUR-FU-10001933,"Rubbermaid Stacking Tray, Erganomic",Furniture,Furnishings
7190,FUR-FU-10003605,"Eldon Light Bulb, Durable",Furniture,Furnishings
7191,FUR-RUB-10001190,"Rubbermaid Clock, Erganomic",Furniture,Furnishings
7192,FUR-FU-10000620,"Advantus Clock, Black",Furniture,Furnishings
7193,FUR-FU-10000657,"Eldon Door Stop, Black",Furniture,Furnishings
7194,FUR-ELD-10002511,"Eldon Photo Frame, Duo Pack",Furniture,Furnishings
7195,FUR-FU-10000556,"Tenex Light Bulb, Durable",Furniture,Furnishings
7196,FUR-FU-10003970,"Rubbermaid Clock, Durable",Furniture,Furnishings
7197,FUR-DEF-10004936,"Deflect-O Light Bulb, Durable",Furniture,Furnishings
7198,FUR-DEF-10001359,"Deflect-O Frame, Erganomic",Furniture,Furnishings
7199,FUR-FU-10000585,"Deflect-O Light Bulb, Duo Pack",Furniture,Furnishings
7200,FUR-FU-10001950,"Eldon Door Stop, Black",Furniture,Furnishings
7201,FUR-FU-10000295,"Advantus Light Bulb, Black",Furniture,Furnishings
7202,FUR-ADV-10004499,"Advantus Photo Frame, Durable",Furniture,Furnishings
7203,FUR-ELD-10004559,"Eldon Stacking Tray, Erganomic",Furniture,Furnishings
7204,FUR-FU-10003276,"Rubbermaid Light Bulb, Durable",Furniture,Furnishings
7205,FUR-FU-10004598,"Deflect-O Stacking Tray, Durable",Furniture,Furnishings
7206,FUR-FU-10002751,"Advantus Photo Frame, Durable",Furniture,Furnishings
7207,FUR-FU-10004811,"Eldon Door Stop, Erganomic",Furniture,Furnishings
7208,FUR-RUB-10000501,"Rubbermaid Clock, Black",Furniture,Furnishings
7209,FUR-FU-10001893,"Deflect-O Photo Frame, Durable",Furniture,Furnishings
7210,FUR-ELD-10001413,"Eldon Light Bulb, Black",Furniture,Furnishings
7211,FUR-ADV-10000183,"Advantus Photo Frame, Black",Furniture,Furnishings
7212,FUR-FU-10001977,"Deflect-O Frame, Erganomic",Furniture,Furnishings
7213,FUR-FU-10002185,"Eldon Photo Frame, Durable",Furniture,Furnishings
7214,FUR-FU-10001890,"Eldon Clock, Durable",Furniture,Furnishings
7215,FUR-FU-10003540,"Deflect-O Stacking Tray, Erganomic",Furniture,Furnishings
7216,FUR-RUB-10003699,"Rubbermaid Light Bulb, Duo Pack",Furniture,Furnishings
7217,FUR-FU-10002722,"Tenex Photo Frame, Erganomic",Furniture,Furnishings
7218,FUR-FU-10004139,"Tenex Photo Frame, Duo Pack",Furniture,Furnishings
7219,FUR-RUB-10001484,"Rubbermaid Clock, Durable",Furniture,Furnishings
7220,FUR-FU-10001135,"Eldon Door Stop, Duo Pack",Furniture,Furnishings
7221,FUR-ADV-10001659,"Advantus Light Bulb, Durable",Furniture,Furnishings
7222,FUR-FU-10002546,"Deflect-O Light Bulb, Durable",Furniture,Furnishings
7223,FUR-DEF-10004355,"Deflect-O Clock, Duo Pack",Furniture,Furnishings
7224,FUR-RUB-10001704,"Rubbermaid Frame, Black",Furniture,Furnishings
7225,FUR-DEF-10004555,"Deflect-O Frame, Black",Furniture,Furnishings
7226,FUR-FU-10000666,"Rubbermaid Frame, Black",Furniture,Furnishings
7227,FUR-FU-10001557,"Advantus Clock, Duo Pack",Furniture,Furnishings
7228,FUR-FU-10001760,"Tenex Light Bulb, Black",Furniture,Furnishings
7229,FUR-FU-10000481,"Rubbermaid Clock, Durable",Furniture,Furnishings
7230,FUR-FU-10004704,"Deflect-O Door Stop, Black",Furniture,Furnishings
7231,FUR-FU-10000921,"Advantus Door Stop, Erganomic",Furniture,Furnishings
7232,FUR-FU-10001935,"Eldon Light Bulb, Black",Furniture,Furnishings
7233,FUR-TEN-10000296,"Tenex Door Stop, Durable",Furniture,Furnishings
7234,FUR-FU-10000514,"Deflect-O Photo Frame, Erganomic",Furniture,Furnishings
7235,FUR-ADV-10000002,"Advantus Photo Frame, Duo Pack",Furniture,Furnishings
7236,FUR-FU-10004474,"Rubbermaid Door Stop, Duo Pack",Furniture,Furnishings
7237,FUR-FU-10004458,"Rubbermaid Door Stop, Black",Furniture,Furnishings
7238,FUR-TEN-10003349,"Tenex Photo Frame, Durable",Furniture,Furnishings
7239,FUR-FU-10002122,"Rubbermaid Frame, Duo Pack",Furniture,Furnishings
7240,FUR-FU-10000776,"Deflect-O Door Stop, Erganomic",Furniture,Furnishings
7241,FUR-FU-10004509,"Advantus Door Stop, Duo Pack",Furniture,Furnishings
7242,FUR-FU-10002659,"Eldon Clock, Black",Furniture,Furnishings
7243,FUR-FU-10003609,"Rubbermaid Frame, Duo Pack",Furniture,Furnishings
7244,FUR-FU-10000188,"Tenex Frame, Duo Pack",Furniture,Furnishings
7245,FUR-DEF-10000349,"Deflect-O Stacking Tray, Durable",Furniture,Furnishings
7246,FUR-TEN-10003879,"Tenex Light Bulb, Black",Furniture,Furnishings
7247,FUR-RUB-10001094,"Rubbermaid Door Stop, Duo Pack",Furniture,Furnishings
7248,FUR-FU-10003804,"Rubbermaid Frame, Durable",Furniture,Furnishings
7249,FUR-DEF-10002814,"Deflect-O Stacking Tray, Erganomic",Furniture,Furnishings
7250,FUR-FU-10002007,"Rubbermaid Stacking Tray, Black",Furniture,Furnishings
7251,FUR-RUB-10001310,"Rubbermaid Photo Frame, Black",Furniture,Furnishings
7252,FUR-ELD-10003179,"Eldon Clock, Erganomic",Furniture,Furnishings
7253,FUR-ELD-10003131,"Eldon Frame, Durable",Furniture,Furnishings
7254,FUR-FU-10004283,"Tenex Door Stop, Duo Pack",Furniture,Furnishings
7255,FUR-ELD-10004384,"Eldon Frame, Black",Furniture,Furnishings
7256,FUR-ELD-10000963,"Eldon Stacking Tray, Durable",Furniture,Furnishings
7257,FUR-ADV-10004395,"Advantus Door Stop, Durable",Furniture,Furnishings
7258,FUR-ELD-10000038,"Eldon Photo Frame, Erganomic",Furniture,Furnishings
7259,FUR-ELD-10003843,"Eldon Photo Frame, Black",Furniture,Furnishings
7260,FUR-RUB-10003724,"Rubbermaid Frame, Duo Pack",Furniture,Furnishings
7261,FUR-ADV-10000571,"Advantus Frame, Erganomic",Furniture,Furnishings
7262,FUR-FU-10001126,"Rubbermaid Clock, Erganomic",Furniture,Furnishings
7263,FUR-FU-10000718,"Rubbermaid Stacking Tray, Black",Furniture,Furnishings
7264,FUR-ADV-10000847,"Advantus Stacking Tray, Black",Furniture,Furnishings
7265,FUR-DEF-10000384,"Deflect-O Door Stop, Black",Furniture,Furnishings
7266,FUR-ELD-10000335,"Eldon Door Stop, Durable",Furniture,Furnishings
7267,FUR-DEF-10000639,"Deflect-O Photo Frame, Black",Furniture,Furnishings
7268,FUR-FU-10001507,"Rubbermaid Light Bulb, Duo Pack",Furniture,Furnishings
7269,FUR-TEN-10004549,"Tenex Light Bulb, Durable",Furniture,Furnishings
7270,FUR-ADV-10002889,"Advantus Clock, Durable",Furniture,Furnishings
7271,FUR-FU-10001393,"Deflect-O Stacking Tray, Erganomic",Furniture,Furnishings
7272,FUR-FU-10001452,"Rubbermaid Door Stop, Black",Furniture,Furnishings
7273,FUR-TEN-10000325,"Tenex Light Bulb, Erganomic",Furniture,Furnishings
7274,FUR-TEN-10004388,"Tenex Door Stop, Black",Furniture,Furnishings
7275,FUR-RUB-10003411,"Rubbermaid Stacking Tray, Erganomic",Furniture,Furnishings
7276,FUR-DEF-10000065,"Deflect-O Frame, Durable",Furniture,Furnishings
7277,FUR-ELD-10000605,"Eldon Stacking Tray, Duo Pack",Furniture,Furnishings
7278,FUR-FU-10001436,"Advantus Clock, Duo Pack",Furniture,Furnishings
7279,FUR-TEN-10001349,"Tenex Frame, Black",Furniture,Furnishings
7280,FUR-FU-10001090,"Advantus Stacking Tray, Erganomic",Furniture,Furnishings
7281,FUR-FU-10002848,"Advantus Stacking Tray, Black",Furniture,Furnishings
7282,FUR-ADV-10001283,"Advantus Frame, Black",Furniture,Furnishings
7283,FUR-ADV-10003147,"Advantus Stacking Tray, Erganomic",Furniture,Furnishings
7284,FUR-ADV-10002601,"Advantus Photo Frame, Erganomic",Furniture,Furnishings
7285,FUR-ADV-10003326,"Advantus Light Bulb, Black",Furniture,Furnishings
7286,FUR-ELD-10004994,"Eldon Clock, Duo Pack",Furniture,Furnishings
7287,FUR-FU-10002659,"Tenex Door Stop, Erganomic",Furniture,Furnishings
7288,FUR-TEN-10000558,"Tenex Frame, Erganomic",Furniture,Furnishings
7289,FUR-DEF-10004141,"Deflect-O Photo Frame, Durable",Furniture,Furnishings
7290,FUR-RUB-10004633,"Rubbermaid Stacking Tray, Durable",Furniture,Furnishings
7291,FUR-RUB-10004420,"Rubbermaid Door Stop, Black",Furniture,Furnishings
7292,FUR-RUB-10000958,"Rubbermaid Light Bulb, Black",Furniture,Furnishings
7293,FUR-ADV-10001855,"Advantus Stacking Tray, Durable",Furniture,Furnishings
7294,FUR-RUB-10002021,"Rubbermaid Light Bulb, Durable",Furniture,Furnishings
7295,FUR-TEN-10000407,"Tenex Door Stop, Erganomic",Furniture,Furnishings
7296,FUR-ADV-10000188,"Advantus Stacking Tray, Erganomic",Furniture,Furnishings
7297,FUR-DEF-10003676,"Deflect-O Stacking Tray, Erganomic",Furniture,Furnishings
7298,FUR-FU-10001045,"Eldon Photo Frame, Durable",Furniture,Furnishings
7299,FUR-DEF-10002774,"Deflect-O Clock, Durable",Furniture,Furnishings
7300,FUR-FU-10000669,"Eldon Stacking Tray, Duo Pack",Furniture,Furnishings
7301,FUR-TEN-10003050,"Tenex Photo Frame, Black",Furniture,Furnishings
7302,FUR-DEF-10000720,"Deflect-O Door Stop, Duo Pack",Furniture,Furnishings
7303,FUR-FU-10003874,"Advantus Door Stop, Erganomic",Furniture,Furnishings
7304,FUR-FU-10000488,"Rubbermaid Light Bulb, Erganomic",Furniture,Furnishings
7305,FUR-FU-10001410,"Tenex Frame, Black",Furniture,Furnishings
7306,FUR-FU-10004842,"Advantus Light Bulb, Erganomic",Furniture,Furnishings
7307,FUR-FU-10003414,"Deflect-O Light Bulb, Erganomic",Furniture,Furnishings
7308,FUR-FU-10000110,"Deflect-O Door Stop, Black",Furniture,Furnishings
7309,FUR-FU-10004915,"Rubbermaid Frame, Durable",Furniture,Furnishings
7310,FUR-FU-10000350,"Rubbermaid Light Bulb, Duo Pack",Furniture,Furnishings
7311,FUR-FU-10001255,"Advantus Light Bulb, Durable",Furniture,Furnishings
7312,FUR-FU-10001324,"Deflect-O Clock, Duo Pack",Furniture,Furnishings
7313,FUR-FU-10004338,"Tenex Light Bulb, Black",Furniture,Furnishings
7314,FUR-FU-10000251,"Deflect-O Door Stop, Duo Pack",Furniture,Furnishings
7315,FUR-FU-10003886,"Tenex Photo Frame, Black",Furniture,Furnishings
7316,FUR-FU-10003283,"Rubbermaid Stacking Tray, Durable",Furniture,Furnishings
7317,FUR-FU-10004117,"Eldon Door Stop, Black",Furniture,Furnishings
7318,FUR-FU-10001317,"Eldon Photo Frame, Erganomic",Furniture,Furnishings
7319,FUR-FU-10000242,"Deflect-O Frame, Durable",Furniture,Furnishings
7320,FUR-FU-10002696,"Eldon Frame, Durable",Furniture,Furnishings
7321,FUR-FU-10000641,"Deflect-O Door Stop, Durable",Furniture,Furnishings
7322,FUR-FU-10002486,"Advantus Clock, Durable",Furniture,Furnishings
7323,FUR-FU-10004960,"Deflect-O Photo Frame, Durable",Furniture,Furnishings
7324,FUR-FU-10003150,"Eldon Door Stop, Erganomic",Furniture,Furnishings
7325,FUR-FU-10001142,"Deflect-O Clock, Black",Furniture,Furnishings
7326,FUR-FU-10004013,"Tenex Stacking Tray, Erganomic",Furniture,Furnishings
7327,FUR-FU-10002412,"Tenex Clock, Duo Pack",Furniture,Furnishings
7328,FUR-FU-10000686,"Rubbermaid Door Stop, Durable",Furniture,Furnishings
7329,FUR-FU-10000936,"Eldon Photo Frame, Durable",Furniture,Furnishings
7330,FUR-FU-10002168,"Eldon Photo Frame, Black",Furniture,Furnishings
7331,FUR-FU-10004224,"Deflect-O Photo Frame, Erganomic",Furniture,Furnishings
7332,FUR-FU-10003608,"Advantus Light Bulb, Black",Furniture,Furnishings
7333,FUR-FU-10004689,"Advantus Light Bulb, Duo Pack",Furniture,Furnishings
7334,FUR-FU-10001252,"Eldon Clock, Erganomic",Furniture,Furnishings
7335,FUR-FU-10003651,"Deflect-O Stacking Tray, Erganomic",Furniture,Furnishings
7336,FUR-FU-10004608,"Advantus Door Stop, Erganomic",Furniture,Furnishings
7337,FUR-FU-10003862,"Advantus Photo Frame, Black",Furniture,Furnishings
7338,FUR-FU-10003986,"Rubbermaid Door Stop, Black",Furniture,Furnishings
7339,FUR-FU-10002521,"Tenex Stacking Tray, Black",Furniture,Furnishings
7340,FUR-FU-10000972,"Rubbermaid Clock, Erganomic",Furniture,Furnishings
7341,FUR-FU-10000502,"Deflect-O Clock, Black",Furniture,Furnishings
7342,FUR-FU-10001915,"Rubbermaid Stacking Tray, Black",Furniture,Furnishings
7343,FUR-FU-10000468,"Advantus Frame, Durable",Furniture,Furnishings
7344,FUR-FU-10001692,"Deflect-O Clock, Durable",Furniture,Furnishings
7345,FUR-FU-10001718,"Eldon Door Stop, Duo Pack",Furniture,Furnishings
7346,FUR-FU-10000907,"Eldon Clock, Duo Pack",Furniture,Furnishings
7347,FUR-FU-10004137,"Tenex Light Bulb, Erganomic",Furniture,Furnishings
7348,FUR-FU-10000567,"Rubbermaid Light Bulb, Erganomic",Furniture,Furnishings
7349,FUR-FU-10001495,"Eldon Door Stop, Durable",Furniture,Furnishings
7350,FUR-FU-10004955,"Tenex Door Stop, Durable",Furniture,Furnishings
7351,FUR-FU-10000950,"Deflect-O Door Stop, Durable",Furniture,Furnishings
7352,FUR-FU-10002655,"Deflect-O Door Stop, Black",Furniture,Furnishings
7353,FUR-FU-10000432,"Eldon Clock, Black",Furniture,Furnishings
7354,FUR-FU-10001775,"Deflect-O Stacking Tray, Durable",Furniture,Furnishings
7355,FUR-FU-10002094,"Rubbermaid Photo Frame, Erganomic",Furniture,Furnishings
7356,FUR-FU-10003879,"Advantus Frame, Erganomic",Furniture,Furnishings
7357,FUR-FU-10004483,"Deflect-O Light Bulb, Durable",Furniture,Furnishings
7358,FUR-FU-10002557,"Rubbermaid Stacking Tray, Erganomic",Furniture,Furnishings
7359,FUR-FU-10002170,"Eldon Stacking Tray, Durable",Furniture,Furnishings
7360,FUR-FU-10004289,"Deflect-O Stacking Tray, Black",Furniture,Furnishings
7361,FUR-FU-10000444,"Advantus Stacking Tray, Erganomic",Furniture,Furnishings
7362,FUR-FU-10001252,"Eldon Frame, Duo Pack",Furniture,Furnishings
7363,FUR-FU-10001200,"Tenex Photo Frame, Erganomic",Furniture,Furnishings
7364,FUR-FU-10001366,"Advantus Photo Frame, Duo Pack",Furniture,Furnishings
7365,FUR-FU-10000267,"Advantus Clock, Durable",Furniture,Furnishings
7366,FUR-FU-10004096,"Deflect-O Light Bulb, Erganomic",Furniture,Furnishings
7367,FUR-FU-10000905,"Eldon Door Stop, Erganomic",Furniture,Furnishings
7368,FUR-FU-10004049,"Eldon Light Bulb, Erganomic",Furniture,Furnishings
7369,FUR-FU-10000361,"Deflect-O Photo Frame, Erganomic",Furniture,Furnishings
7370,FUR-FU-10001086,"Advantus Frame, Black",Furniture,Furnishings
7371,FUR-FU-10000039,"Tenex Light Bulb, Duo Pack",Furniture,Furnishings
7372,FUR-FU-10003462,"Rubbermaid Photo Frame, Black",Furniture,Furnishings
7373,FUR-FU-10000298,"Eldon Photo Frame, Duo Pack",Furniture,Furnishings
7374,TEC-AC-10002130,"Logitech Flash Drive, Erganomic",Technology,Accessories
7375,TEC-AC-10004018,"SanDisk Memory Card, USB",Technology,Accessories
7376,TEC-AC-10003570,"Memorex Flash Drive, Erganomic",Technology,Accessories
7377,TEC-AC-10002243,"SanDisk Keyboard, Programmable",Technology,Accessories
7378,TEC-ENE-10004509,"Enermax Router, Programmable",Technology,Accessories
7379,TEC-AC-10004848,"SanDisk Memory Card, Erganomic",Technology,Accessories
7380,TEC-AC-10003969,"SanDisk Memory Card, USB",Technology,Accessories
7381,TEC-AC-10000929,"Belkin Mouse, Bluetooth",Technology,Accessories
7382,TEC-AC-10001948,"Belkin Numeric Keypad, USB",Technology,Accessories
7383,TEC-AC-10002455,"Logitech Flash Drive, Programmable",Technology,Accessories
7384,TEC-AC-10001100,"Logitech Router, Bluetooth",Technology,Accessories
7385,TEC-AC-10000857,"Belkin Router, Programmable",Technology,Accessories
7386,TEC-BEL-10004162,"Belkin Flash Drive, Erganomic",Technology,Accessories
7387,TEC-AC-10000512,"Enermax Keyboard, Bluetooth",Technology,Accessories
7388,TEC-AC-10004117,"Logitech Flash Drive, Programmable",Technology,Accessories
7389,TEC-ENE-10005000,"Enermax Memory Card, Bluetooth",Technology,Accessories
7390,TEC-AC-10002110,"Memorex Mouse, Programmable",Technology,Accessories
7391,TEC-AC-10003763,"Logitech Mouse, Programmable",Technology,Accessories
7392,TEC-MEM-10002524,"Memorex Mouse, USB",Technology,Accessories
7393,TEC-AC-10002013,"SanDisk Numeric Keypad, Bluetooth",Technology,Accessories
7394,TEC-AC-10001703,"Memorex Keyboard, USB",Technology,Accessories
7395,TEC-AC-10004144,"SanDisk Numeric Keypad, Bluetooth",Technology,Accessories
7396,TEC-AC-10004997,"Belkin Memory Card, Bluetooth",Technology,Accessories
7397,TEC-AC-10004289,"SanDisk Memory Card, Erganomic",Technology,Accessories
7398,TEC-AC-10001172,"Logitech Numeric Keypad, Erganomic",Technology,Accessories
7399,TEC-AC-10003851,"Memorex Keyboard, Bluetooth",Technology,Accessories
7400,TEC-AC-10003159,"SanDisk Router, USB",Technology,Accessories
7401,TEC-AC-10001022,"SanDisk Flash Drive, USB",Technology,Accessories
7402,TEC-AC-10002760,"Memorex Memory Card, Erganomic",Technology,Accessories
7403,TEC-MEM-10003302,"Memorex Numeric Keypad, Erganomic",Technology,Accessories
7404,TEC-LOG-10001482,"Logitech Keyboard, Erganomic",Technology,Accessories
7405,TEC-AC-10002218,"Memorex Keyboard, Erganomic",Technology,Accessories
7406,TEC-AC-10004379,"SanDisk Flash Drive, Programmable",Technology,Accessories
7407,TEC-AC-10001013,"SanDisk Mouse, USB",Technology,Accessories
7408,TEC-AC-10003569,"Logitech Numeric Keypad, Erganomic",Technology,Accessories
7409,TEC-AC-10002749,"Enermax Mouse, USB",Technology,Accessories
7410,TEC-AC-10002219,"SanDisk Memory Card, Programmable",Technology,Accessories
7411,TEC-BEL-10003311,"Belkin Keyboard, USB",Technology,Accessories
7412,TEC-MEM-10002280,"Memorex Flash Drive, Erganomic",Technology,Accessories
7413,TEC-AC-10001639,"Belkin Flash Drive, Erganomic",Technology,Accessories
7414,TEC-AC-10000254,"Enermax Flash Drive, Bluetooth",Technology,Accessories
7415,TEC-AC-10004196,"Belkin Memory Card, USB",Technology,Accessories
7416,TEC-MOT-10002260,"Motorola Office Telephone, Cordless",Technology,Phones
7417,TEC-MOT-10001950,"Motorola Headset, Full Size",Technology,Phones
7418,TEC-PH-10000960,"Samsung Headset, with Caller ID",Technology,Phones
7419,TEC-PH-10003405,"Apple Office Telephone, Full Size",Technology,Phones
7420,TEC-PH-10003877,"Samsung Office Telephone, Cordless",Technology,Phones
7421,TEC-PH-10000822,"Apple Speaker Phone, Full Size",Technology,Phones
7422,TEC-PH-10002456,"Cisco Speaker Phone, Cordless",Technology,Phones
7423,TEC-NOK-10004278,"Nokia Signal Booster, Full Size",Technology,Phones
7424,TEC-PH-10002806,"Apple Audio Dock, VoIP",Technology,Phones
7425,TEC-PH-10003348,"Cisco Speaker Phone, with Caller ID",Technology,Phones
7426,TEC-SAM-10004785,"Samsung Smart Phone, with Caller ID",Technology,Phones
7427,TEC-PH-10002663,"Nokia Signal Booster, VoIP",Technology,Phones
7428,TEC-PH-10000014,"Motorola Headset, VoIP",Technology,Phones
7429,TEC-CIS-10001938,"Cisco Audio Dock, VoIP",Technology,Phones
7430,TEC-PH-10003325,"Samsung Speaker Phone, with Caller ID",Technology,Phones
7431,TEC-PH-10002419,"Motorola Headset, Cordless",Technology,Phones
7432,TEC-PH-10002119,"Samsung Headset, Full Size",Technology,Phones
7433,TEC-PH-10002035,"Samsung Smart Phone, Cordless",Technology,Phones
7434,TEC-CIS-10002259,"Cisco Smart Phone, Cordless",Technology,Phones
7435,TEC-PH-10002652,"Cisco Smart Phone, Cordless",Technology,Phones
7436,TEC-PH-10004583,"Motorola Smart Phone, Cordless",Technology,Phones
7437,TEC-CIS-10003501,"Cisco Signal Booster, Full Size",Technology,Phones
7438,TEC-PH-10004450,"Cisco Office Telephone, Full Size",Technology,Phones
7439,TEC-NOK-10001844,"Nokia Office Telephone, with Caller ID",Technology,Phones
7440,TEC-PH-10002574,"Cisco Speaker Phone, Cordless",Technology,Phones
7441,TEC-PH-10000840,"Cisco Audio Dock, VoIP",Technology,Phones
7442,TEC-PH-10002932,"Samsung Speaker Phone, VoIP",Technology,Phones
7443,TEC-PH-10002672,"Cisco Smart Phone, Full Size",Technology,Phones
7444,TEC-PH-10002565,"Apple Audio Dock, with Caller ID",Technology,Phones
7445,TEC-PH-10001824,"Samsung Speaker Phone, Cordless",Technology,Phones
7446,TEC-MOT-10001244,"Motorola Audio Dock, with Caller ID",Technology,Phones
7447,TEC-PH-10003075,"Samsung Signal Booster, Full Size",Technology,Phones
7448,TEC-PH-10004048,"Apple Audio Dock, Full Size",Technology,Phones
7449,TEC-MOT-10003348,"Motorola Smart Phone, Full Size",Technology,Phones
7450,TEC-SAM-10003538,"Samsung Speaker Phone, Full Size",Technology,Phones
7451,TEC-PH-10004328,"Motorola Audio Dock, Cordless",Technology,Phones
7452,TEC-PH-10004152,"Apple Headset, VoIP",Technology,Phones
7453,TEC-NOK-10004183,"Nokia Office Telephone, VoIP",Technology,Phones
7454,TEC-PH-10003913,"Samsung Signal Booster, Cordless",Technology,Phones
7455,TEC-PH-10001284,"Apple Smart Phone, Cordless",Technology,Phones
7456,TEC-PH-10002217,"Cisco Audio Dock, Cordless",Technology,Phones
7457,TEC-PH-10002586,"Nokia Office Telephone, with Caller ID",Technology,Phones
7458,TEC-PH-10002127,"Cisco Smart Phone, Cordless",Technology,Phones
7459,TEC-SAM-10000588,"Samsung Office Telephone, Full Size",Technology,Phones
7460,TEC-SAM-10004851,"Samsung Office Telephone, with Caller ID",Technology,Phones
7461,TEC-PH-10002079,"Motorola Headset, with Caller ID",Technology,Phones
7462,TEC-PH-10002387,"Motorola Signal Booster, Cordless",Technology,Phones
7463,TEC-PH-10000358,"Samsung Headset, with Caller ID",Technology,Phones
7464,TEC-PH-10003935,"Cisco Speaker Phone, Full Size",Technology,Phones
7465,TEC-APP-10002310,"Apple Office Telephone, Cordless",Technology,Phones
7466,TEC-NOK-10003743,"Nokia Signal Booster, VoIP",Technology,Phones
7467,TEC-PH-10004028,"Apple Headset, Full Size",Technology,Phones
7468,TEC-PH-10002683,"Apple Smart Phone, Cordless",Technology,Phones
7469,TEC-PH-10003963,"Apple Signal Booster, Full Size",Technology,Phones
7470,TEC-PH-10002104,"Cisco Speaker Phone, Cordless",Technology,Phones
7471,TEC-PH-10004182,"Motorola Smart Phone, Full Size",Technology,Phones
7472,TEC-PH-10002699,"Cisco Signal Booster, Full Size",Technology,Phones
7473,TEC-PH-10004085,"Apple Audio Dock, with Caller ID",Technology,Phones
7474,TEC-PH-10004664,"Nokia Smart Phone, with Caller ID",Technology,Phones
7475,TEC-PH-10003239,"Samsung Signal Booster, with Caller ID",Technology,Phones
7476,TEC-PH-10003353,"Motorola Office Telephone, Cordless",Technology,Phones
7477,TEC-PH-10003813,"Samsung Signal Booster, VoIP",Technology,Phones
7478,TEC-PH-10004635,"Samsung Office Telephone, with Caller ID",Technology,Phones
7479,TEC-PH-10003400,"Motorola Signal Booster, VoIP",Technology,Phones
7480,TEC-HP -10000464,"HP Fax and Copier, Color",Technology,Copiers
7481,TEC-CO-10002697,"Brother Wireless Fax, High-Speed",Technology,Copiers
7482,TEC-HP -10004012,"HP Personal Copier, Digital",Technology,Copiers
7483,TEC-CO-10004267,"Brother Ink, Laser",Technology,Copiers
7484,TEC-CO-10002696,"Hewlett Personal Copier, Color",Technology,Copiers
7485,TEC-CO-10000500,"Canon Fax and Copier, High-Speed",Technology,Copiers
7486,TEC-CO-10001869,"Brother Fax and Copier, High-Speed",Technology,Copiers
7487,TEC-CO-10003574,"Brother Personal Copier, High-Speed",Technology,Copiers
7488,TEC-HP -10003248,"HP Fax Machine, High-Speed",Technology,Copiers
7489,TEC-CO-10002659,"Sharp Fax Machine, Color",Technology,Copiers
7490,TEC-CO-10002872,"Canon Ink, Color",Technology,Copiers
7491,TEC-CO-10001894,"Sharp Copy Machine, High-Speed",Technology,Copiers
7492,TEC-CO-10002678,"Brother Wireless Fax, High-Speed",Technology,Copiers
7493,TEC-CO-10000786,"Canon Fax Machine, Color",Technology,Copiers
7494,TEC-CO-10003589,"HP Fax Machine, Digital",Technology,Copiers
7495,TEC-CO-10002269,"Brother Ink, Color",Technology,Copiers
7496,TEC-HEW-10004522,"Hewlett Copy Machine, Color",Technology,Copiers
7497,TEC-HP -10004451,"HP Ink, Laser",Technology,Copiers
7498,TEC-CO-10003777,"Hewlett Copy Machine, Color",Technology,Copiers
7499,TEC-CO-10004169,"HP Ink, Digital",Technology,Copiers
7500,TEC-CO-10002916,"Hewlett Ink, Color",Technology,Copiers
7501,TEC-CO-10001222,"Sharp Fax Machine, Laser",Technology,Copiers
7502,TEC-BRO-10003876,"Brother Fax Machine, Laser",Technology,Copiers
7503,TEC-CO-10003516,"Sharp Ink, High-Speed",Technology,Copiers
7504,TEC-CO-10004078,"HP Personal Copier, Laser",Technology,Copiers
7505,TEC-CO-10002686,"Hewlett Fax Machine, Laser",Technology,Copiers
7506,TEC-HP -10004082,"HP Fax and Copier, Digital",Technology,Copiers
7507,TEC-CO-10001846,"Hewlett Fax and Copier, Digital",Technology,Copiers
7508,TEC-CO-10003250,"Brother Personal Copier, Digital",Technology,Copiers
7509,TEC-CO-10003102,"Canon Copy Machine, Color",Technology,Copiers
7510,TEC-CO-10004377,"Brother Fax Machine, High-Speed",Technology,Copiers
7511,TEC-CO-10002674,"Sharp Fax and Copier, High-Speed",Technology,Copiers
7512,TEC-CO-10003448,"Canon Ink, Laser",Technology,Copiers
7513,TEC-CAN-10004913,"Canon Copy Machine, Laser",Technology,Copiers
7514,TEC-CO-10000666,"Hewlett Copy Machine, Laser",Technology,Copiers
7515,TEC-CO-10004170,"HP Wireless Fax, High-Speed",Technology,Copiers
7516,TEC-CO-10003406,"HP Fax and Copier, Laser",Technology,Copiers
7517,TEC-CO-10002283,"Brother Copy Machine, Color",Technology,Copiers
7518,TEC-CO-10002769,"HP Fax Machine, Digital",Technology,Copiers
7519,TEC-CO-10000415,"Brother Ink, Color",Technology,Copiers
7520,TEC-CAN-10003392,"Canon Copy Machine, Color",Technology,Copiers
7521,TEC-HP -10004590,"HP Fax Machine, Color",Technology,Copiers
7522,TEC-CO-10001703,"Brother Fax and Copier, High-Speed",Technology,Copiers
7523,TEC-CO-10002197,"Hewlett Fax and Copier, High-Speed",Technology,Copiers
7524,TEC-SHA-10000479,"Sharp Personal Copier, Digital",Technology,Copiers
7525,TEC-MA-10000560,"StarTech Inkjet, Wireless",Technology,Machines
7526,TEC-MA-10002918,"StarTech Card Printer, White",Technology,Machines
7527,TEC-PAN-10000577,"Panasonic Inkjet, White",Technology,Machines
7528,TEC-STA-10000893,"StarTech Inkjet, White",Technology,Machines
7529,TEC-MA-10001494,"Okidata Inkjet, Durable",Technology,Machines
7530,TEC-MA-10003185,"Epson Phone, Red",Technology,Machines
7531,TEC-MA-10002149,"Panasonic Receipt Printer, Durable",Technology,Machines
7532,TEC-MA-10004249,"Epson Calculator, Durable",Technology,Machines
7533,TEC-EPS-10003962,"Epson Card Printer, Durable",Technology,Machines
7534,TEC-MA-10000875,"Okidata Inkjet, Wireless",Technology,Machines
7535,TEC-MA-10001403,"Panasonic Calculator, White",Technology,Machines
7536,TEC-MA-10003730,"StarTech Card Printer, White",Technology,Machines
7537,TEC-MA-10000374,"Konica Receipt Printer, Red",Technology,Machines
7538,TEC-OKI-10001062,"Okidata Printer, White",Technology,Machines
7539,TEC-MA-10000768,"Epson Card Printer, White",Technology,Machines
7540,TEC-EPS-10001323,"Epson Calculator, Wireless",Technology,Machines
7541,TEC-MA-10001711,"Konica Phone, White",Technology,Machines
7542,TEC-MA-10004486,"StarTech Phone, Red",Technology,Machines
7543,TEC-MA-10001624,"Panasonic Phone, Red",Technology,Machines
7544,TEC-MA-10002771,"StarTech Inkjet, White",Technology,Machines
7545,TEC-MA-10004684,"StarTech Phone, White",Technology,Machines
7546,TEC-MA-10003461,"Epson Calculator, Red",Technology,Machines
7547,TEC-MA-10002389,"StarTech Receipt Printer, White",Technology,Machines
7548,TEC-MA-10002571,"Konica Phone, Durable",Technology,Machines
7549,TEC-OKI-10001385,"Okidata Inkjet, White",Technology,Machines
7550,TEC-MA-10000697,"StarTech Card Printer, Wireless",Technology,Machines
7551,TEC-MA-10001187,"Okidata Calculator, Wireless",Technology,Machines
7552,TEC-STA-10003081,"StarTech Phone, White",Technology,Machines
7553,TEC-MA-10001447,"Konica Phone, Red",Technology,Machines
7554,TEC-KON-10000837,"Konica Printer, Durable",Technology,Machines
7555,TEC-MA-10000605,"Epson Card Printer, Wireless",Technology,Machines
7556,TEC-MA-10004535,"Konica Printer, White",Technology,Machines
7557,TEC-MA-10004955,"Okidata Card Printer, Durable",Technology,Machines
7558,TEC-MA-10000742,"Konica Inkjet, White",Technology,Machines
7559,TEC-MA-10000327,"Epson Phone, Durable",Technology,Machines
7560,TEC-MA-10003261,"Panasonic Phone, Durable",Technology,Machines
7561,TEC-OKI-10003221,"Okidata Receipt Printer, Red",Technology,Machines
7562,TEC-MA-10004303,"Panasonic Receipt Printer, Durable",Technology,Machines
7563,TEC-MA-10003441,"Okidata Inkjet, Wireless",Technology,Machines
7564,TEC-MA-10000772,"Okidata Phone, Durable",Technology,Machines
7565,FUR-TA-10000052,"Hon Training Table, Adjustable Height",Furniture,Tables
7566,FUR-TA-10000670,"Chromcraft Coffee Table, Adjustable Height",Furniture,Tables
7567,FUR-TA-10000022,"Hon Conference Table, Adjustable Height",Furniture,Tables
7568,FUR-BAR-10004561,"Barricks Wood Table, Fully Assembled",Furniture,Tables
7569,FUR-TA-10002958,"Chromcraft Conference Table, Fully Assembled",Furniture,Tables
7570,FUR-LES-10004886,"Lesro Conference Table, Fully Assembled",Furniture,Tables
7571,FUR-TA-10000805,"Bevis Wood Table, Adjustable Height",Furniture,Tables
7572,FUR-BAR-10004434,"Barricks Wood Table, Rectangular",Furniture,Tables
7573,FUR-BEV-10000326,"Bevis Wood Table, Rectangular",Furniture,Tables
7574,FUR-TA-10001386,"Lesro Conference Table, Fully Assembled",Furniture,Tables
7575,FUR-BAR-10004553,"Barricks Training Table, Rectangular",Furniture,Tables
7576,FUR-LES-10003082,"Lesro Coffee Table, Rectangular",Furniture,Tables
7577,FUR-TA-10003078,"Hon Training Table, Fully Assembled",Furniture,Tables
7578,FUR-BO-10003991,"Bush Classic Bookcase, Traditional",Furniture,Bookcases
7579,FUR-BO-10001155,"Dania 3-Shelf Cabinet, Traditional",Furniture,Bookcases
7580,FUR-BO-10002084,"Dania Library with Doors, Metal",Furniture,Bookcases
7581,FUR-BO-10000734,"Bush Corner Shelving, Pine",Furniture,Bookcases
7582,FUR-BO-10001362,"Ikea Classic Bookcase, Metal",Furniture,Bookcases
7583,FUR-SAU-10000745,"Sauder 3-Shelf Cabinet, Pine",Furniture,Bookcases
7584,FUR-BO-10002204,"Bush Corner Shelving, Traditional",Furniture,Bookcases
7585,FUR-BO-10004399,"Bush Floating Shelf Set, Pine",Furniture,Bookcases
7586,FUR-BO-10002510,"Safco 3-Shelf Cabinet, Traditional",Furniture,Bookcases
7587,FUR-BO-10000038,"Bush Library with Doors, Pine",Furniture,Bookcases
7588,FUR-BO-10001254,"Dania 3-Shelf Cabinet, Mobile",Furniture,Bookcases
7589,FUR-SAU-10002642,"Sauder 3-Shelf Cabinet, Traditional",Furniture,Bookcases
7590,FUR-BO-10000378,"Bush Floating Shelf Set, Pine",Furniture,Bookcases
7591,FUR-BO-10002632,"Sauder Corner Shelving, Pine",Furniture,Bookcases
7592,FUR-BO-10002892,"Safco Classic Bookcase, Mobile",Furniture,Bookcases
7593,FUR-BO-10004430,"Bush Floating Shelf Set, Metal",Furniture,Bookcases
7594,FUR-BO-10004327,"Bush 3-Shelf Cabinet, Mobile",Furniture,Bookcases
7595,FUR-SAU-10003203,"Sauder 3-Shelf Cabinet, Mobile",Furniture,Bookcases
7596,FUR-BO-10001860,"Sauder Corner Shelving, Traditional",Furniture,Bookcases
7597,FUR-BO-10004254,"Ikea Classic Bookcase, Traditional",Furniture,Bookcases
7598,FUR-BUS-10003708,"Bush Stackable Bookrack, Traditional",Furniture,Bookcases
7599,FUR-SAU-10003933,"Sauder Classic Bookcase, Mobile",Furniture,Bookcases
7600,FUR-BO-10003159,"Dania Stackable Bookrack, Pine",Furniture,Bookcases
7601,FUR-BO-10003499,"Ikea Library with Doors, Pine",Furniture,Bookcases
7602,FUR-BO-10000624,"Safco Classic Bookcase, Metal",Furniture,Bookcases
7603,FUR-BO-10001042,"Dania 3-Shelf Cabinet, Pine",Furniture,Bookcases
7604,FUR-BO-10001646,"Safco Library with Doors, Pine",Furniture,Bookcases
7605,FUR-BO-10001196,"Bush Library with Doors, Pine",Furniture,Bookcases
7606,FUR-BO-10000596,"Sauder Classic Bookcase, Mobile",Furniture,Bookcases
7607,FUR-DAN-10002314,"Dania Stackable Bookrack, Traditional",Furniture,Bookcases
7608,FUR-BO-10004129,"Sauder Classic Bookcase, Pine",Furniture,Bookcases
7609,FUR-BO-10002008,"Bush Stackable Bookrack, Traditional",Furniture,Bookcases
7610,FUR-BO-10003199,"Bush Classic Bookcase, Mobile",Furniture,Bookcases
7611,FUR-BO-10002981,"Sauder Stackable Bookrack, Traditional",Furniture,Bookcases
7612,FUR-BO-10000269,"Dania Stackable Bookrack, Pine",Furniture,Bookcases
7613,FUR-SAF-10001956,"Safco Classic Bookcase, Metal",Furniture,Bookcases
7614,FUR-BO-10000402,"Sauder Stackable Bookrack, Traditional",Furniture,Bookcases
7615,FUR-BO-10004459,"Safco 3-Shelf Cabinet, Traditional",Furniture,Bookcases
7616,FUR-BO-10000490,"Bush Library with Doors, Metal",Furniture,Bookcases
7617,FUR-BO-10002289,"Ikea Corner Shelving, Pine",Furniture,Bookcases
7618,FUR-BO-10001835,"Safco Library with Doors, Traditional",Furniture,Bookcases
7619,FUR-BO-10001461,"Safco Floating Shelf Set, Traditional",Furniture,Bookcases
7620,FUR-BO-10004408,"Dania Stackable Bookrack, Pine",Furniture,Bookcases
7621,FUR-BO-10002906,"Ikea Corner Shelving, Traditional",Furniture,Bookcases
7622,FUR-BO-10001358,"Bush 3-Shelf Cabinet, Traditional",Furniture,Bookcases
7623,FUR-BO-10000666,"Ikea 3-Shelf Cabinet, Mobile",Furniture,Bookcases
7624,FUR-DAN-10002967,"Dania 3-Shelf Cabinet, Metal",Furniture,Bookcases
7625,FUR-BO-10000268,"Ikea 3-Shelf Cabinet, Traditional",Furniture,Bookcases
7626,FUR-BO-10003007,"Ikea Stackable Bookrack, Metal",Furniture,Bookcases
7627,FUR-BO-10001585,"Sauder Floating Shelf Set, Mobile",Furniture,Bookcases
7628,FUR-BO-10004560,"Bush Floating Shelf Set, Mobile",Furniture,Bookcases
7629,FUR-BO-10002318,"Dania Classic Bookcase, Mobile",Furniture,Bookcases
7630,FUR-BO-10004773,"Ikea Floating Shelf Set, Mobile",Furniture,Bookcases
7631,FUR-BO-10003086,"Safco Library with Doors, Traditional",Furniture,Bookcases
7632,FUR-NOV-10002791,"Novimex Swivel Stool, Set of Two",Furniture,Chairs
7633,FUR-CH-10002830,"Office Star Rocking Chair, Red",Furniture,Chairs
7634,FUR-CH-10004491,"SAFCO Swivel Stool, Adjustable",Furniture,Chairs
7635,FUR-CH-10004606,"Hon Rocking Chair, Red",Furniture,Chairs
7636,FUR-CH-10000974,"Harbour Creations Executive Leather Armchair, Black",Furniture,Chairs
7637,FUR-CH-10002768,"Office Star Swivel Stool, Black",Furniture,Chairs
7638,FUR-CH-10002374,"SAFCO Bag Chairs, Black",Furniture,Chairs
7639,FUR-CH-10001477,"Novimex Chairmat, Black",Furniture,Chairs
7640,FUR-CH-10000843,"SAFCO Executive Leather Armchair, Set of Two",Furniture,Chairs
7641,FUR-CH-10004993,"Hon Swivel Stool, Black",Furniture,Chairs
7642,FUR-OFF-10003019,"Office Star Steel Folding Chair, Adjustable",Furniture,Chairs
7643,FUR-CH-10001397,"SAFCO Chairmat, Set of Two",Furniture,Chairs
7644,FUR-OFF-10002395,"Office Star Rocking Chair, Red",Furniture,Chairs
7645,FUR-CH-10002053,"Novimex Chairmat, Set of Two",Furniture,Chairs
7646,FUR-CH-10000885,"Hon Executive Leather Armchair, Adjustable",Furniture,Chairs
7647,FUR-CH-10000994,"Office Star Steel Folding Chair, Red",Furniture,Chairs
7648,FUR-SAF-10001870,"SAFCO Chairmat, Set of Two",Furniture,Chairs
7649,FUR-CH-10002585,"Harbour Creations Executive Leather Armchair, Black",Furniture,Chairs
7650,FUR-CH-10004478,"Hon Steel Folding Chair, Adjustable",Furniture,Chairs
7651,FUR-CH-10001207,"Hon Executive Leather Armchair, Red",Furniture,Chairs
7652,FUR-CH-10001332,"Office Star Executive Leather Armchair, Red",Furniture,Chairs
7653,FUR-CH-10000042,"Harbour Creations Swivel Stool, Black",Furniture,Chairs
7654,FUR-HON-10002424,"Hon Steel Folding Chair, Red",Furniture,Chairs
7655,FUR-CH-10002923,"SAFCO Rocking Chair, Set of Two",Furniture,Chairs
7656,FUR-CH-10002510,"Office Star Steel Folding Chair, Adjustable",Furniture,Chairs
7657,FUR-CH-10000996,"Harbour Creations Steel Folding Chair, Black",Furniture,Chairs
7658,FUR-CH-10004783,"Novimex Chairmat, Red",Furniture,Chairs
7659,FUR-CH-10002555,"Novimex Rocking Chair, Black",Furniture,Chairs
7660,FUR-CH-10002647,"Novimex Rocking Chair, Red",Furniture,Chairs
7661,FUR-CH-10000068,"SAFCO Rocking Chair, Black",Furniture,Chairs
7662,FUR-HON-10003533,"Hon Executive Leather Armchair, Adjustable",Furniture,Chairs
7663,FUR-CH-10000667,"Novimex Chairmat, Black",Furniture,Chairs
7664,FUR-CH-10004751,"Hon Steel Folding Chair, Black",Furniture,Chairs
7665,FUR-CH-10000694,"Novimex Steel Folding Chair, Red",Furniture,Chairs
7666,FUR-CH-10001382,"Office Star Chairmat, Red",Furniture,Chairs
7667,FUR-CH-10000302,"Novimex Rocking Chair, Red",Furniture,Chairs
7668,FUR-CH-10002882,"Harbour Creations Bag Chairs, Adjustable",Furniture,Chairs
7669,FUR-CH-10001203,"Novimex Steel Folding Chair, Set of Two",Furniture,Chairs
7670,FUR-CH-10001021,"Office Star Rocking Chair, Red",Furniture,Chairs
7671,FUR-CH-10003910,"Harbour Creations Chairmat, Adjustable",Furniture,Chairs
7672,FUR-CH-10001270,"SAFCO Rocking Chair, Black",Furniture,Chairs
7673,FUR-CH-10004609,"Harbour Creations Steel Folding Chair, Adjustable",Furniture,Chairs
7674,FUR-NOV-10002453,"Novimex Rocking Chair, Black",Furniture,Chairs
7675,FUR-CH-10001675,"Office Star Steel Folding Chair, Adjustable",Furniture,Chairs
7676,FUR-SAF-10000351,"SAFCO Chairmat, Black",Furniture,Chairs
7677,FUR-CH-10001187,"Novimex Chairmat, Set of Two",Furniture,Chairs
7678,FUR-CH-10004795,"SAFCO Swivel Stool, Red",Furniture,Chairs
7679,FUR-HAR-10004086,"Harbour Creations Steel Folding Chair, Black",Furniture,Chairs
7680,FUR-CH-10000051,"Harbour Creations Executive Leather Armchair, Black",Furniture,Chairs
7681,FUR-CH-10003965,"Hon Rocking Chair, Red",Furniture,Chairs
7682,FUR-FU-10000060,"Advantus Light Bulb, Duo Pack",Furniture,Furnishings
7683,FUR-FU-10002387,"Rubbermaid Photo Frame, Durable",Furniture,Furnishings
7684,FUR-ADV-10004971,"Advantus Door Stop, Erganomic",Furniture,Furnishings
7685,FUR-FU-10002665,"Advantus Light Bulb, Erganomic",Furniture,Furnishings
7686,FUR-FU-10002019,"Eldon Photo Frame, Black",Furniture,Furnishings
7687,FUR-FU-10002919,"Rubbermaid Frame, Erganomic",Furniture,Furnishings
7688,FUR-RUB-10002945,"Rubbermaid Photo Frame, Duo Pack",Furniture,Furnishings
7689,FUR-FU-10003384,"Advantus Photo Frame, Duo Pack",Furniture,Furnishings
7690,FUR-FU-10000342,"Deflect-O Light Bulb, Durable",Furniture,Furnishings
7691,FUR-FU-10004281,"Eldon Light Bulb, Erganomic",Furniture,Furnishings
7692,FUR-FU-10000718,"Tenex Stacking Tray, Erganomic",Furniture,Furnishings
7693,FUR-FU-10004579,"Deflect-O Door Stop, Duo Pack",Furniture,Furnishings
7694,FUR-TEN-10000002,"Tenex Stacking Tray, Black",Furniture,Furnishings
7695,FUR-FU-10003960,"Deflect-O Stacking Tray, Erganomic",Furniture,Furnishings
7696,FUR-FU-10003237,"Eldon Stacking Tray, Durable",Furniture,Furnishings
7697,FUR-FU-10000204,"Advantus Door Stop, Durable",Furniture,Furnishings
7698,FUR-TEN-10001809,"Tenex Photo Frame, Erganomic",Furniture,Furnishings
7699,FUR-FU-10002004,"Tenex Stacking Tray, Durable",Furniture,Furnishings
7700,FUR-FU-10002800,"Tenex Photo Frame, Erganomic",Furniture,Furnishings
7701,FUR-ADV-10004718,"Advantus Light Bulb, Duo Pack",Furniture,Furnishings
7702,FUR-FU-10001098,"Deflect-O Door Stop, Black",Furniture,Furnishings
7703,FUR-FU-10000499,"Tenex Light Bulb, Duo Pack",Furniture,Furnishings
7704,FUR-FU-10004503,"Tenex Photo Frame, Black",Furniture,Furnishings
7705,FUR-FU-10004954,"Tenex Clock, Duo Pack",Furniture,Furnishings
7706,FUR-FU-10000605,"Rubbermaid Light Bulb, Black",Furniture,Furnishings
7707,FUR-FU-10004797,"Tenex Stacking Tray, Erganomic",Furniture,Furnishings
7708,FUR-FU-10002305,"Advantus Door Stop, Black",Furniture,Furnishings
7709,FUR-FU-10000163,"Deflect-O Frame, Duo Pack",Furniture,Furnishings
7710,FUR-FU-10002335,"Rubbermaid Light Bulb, Durable",Furniture,Furnishings
7711,FUR-FU-10004619,"Tenex Stacking Tray, Erganomic",Furniture,Furnishings
7712,FUR-FU-10003540,"Deflect-O Light Bulb, Erganomic",Furniture,Furnishings
7713,FUR-FU-10003235,"Eldon Frame, Durable",Furniture,Furnishings
7714,FUR-FU-10000140,"Advantus Clock, Black",Furniture,Furnishings
7715,FUR-ELD-10003695,"Eldon Light Bulb, Duo Pack",Furniture,Furnishings
7716,FUR-FU-10001078,"Advantus Clock, Durable",Furniture,Furnishings
7717,FUR-FU-10002104,"Advantus Photo Frame, Black",Furniture,Furnishings
7718,FUR-FU-10000548,"Tenex Stacking Tray, Durable",Furniture,Furnishings
7719,FUR-FU-10002709,"Advantus Clock, Erganomic",Furniture,Furnishings
7720,FUR-FU-10000394,"Rubbermaid Photo Frame, Durable",Furniture,Furnishings
7721,TEC-MA-10003536,"Konica Calculator, Red",Technology,Machines
7722,TEC-MA-10004414,"Okidata Phone, Red",Technology,Machines
7723,TEC-HEW-10004690,"Hewlett Fax and Copier, High-Speed",Technology,Copiers
7724,TEC-MA-10000003,"Konica Phone, Durable",Technology,Machines
7725,TEC-PH-10004235,"Nokia Signal Booster, VoIP",Technology,Phones
7726,TEC-PH-10003652,"Motorola Headset, Cordless",Technology,Phones
7727,TEC-CO-10000967,"HP Fax Machine, Laser",Technology,Copiers
7728,TEC-AC-10002244,"Enermax Router, Erganomic",Technology,Accessories
7729,TEC-PH-10001884,"Nokia Office Telephone, Full Size",Technology,Phones
7730,TEC-SAM-10002496,"Samsung Speaker Phone, VoIP",Technology,Phones
7731,TEC-PH-10004327,"Motorola Smart Phone, Full Size",Technology,Phones
7732,TEC-AC-10003738,"Enermax Mouse, Erganomic",Technology,Accessories
7733,TEC-CO-10004099,"Sharp Fax Machine, Digital",Technology,Copiers
7734,TEC-AC-10003554,"Belkin Numeric Keypad, USB",Technology,Accessories
7735,TEC-MA-10000559,"Epson Card Printer, Red",Technology,Machines
7736,TEC-AC-10004897,"Logitech Keyboard, Programmable",Technology,Accessories
7737,TEC-MA-10003773,"Panasonic Card Printer, Wireless",Technology,Machines
7738,TEC-APP-10001108,"Apple Headset, with Caller ID",Technology,Phones
7739,TEC-BEL-10003177,"Belkin Keyboard, Erganomic",Technology,Accessories
7740,TEC-PH-10000437,"Cisco Signal Booster, VoIP",Technology,Phones
7741,TEC-AC-10000254,"Belkin Keyboard, Programmable",Technology,Accessories
7742,TEC-MA-10002874,"Epson Receipt Printer, Wireless",Technology,Machines
7743,TEC-AC-10003690,"Logitech Numeric Keypad, USB",Technology,Accessories
7744,FUR-CH-10003362,"Office Star Swivel Stool, Adjustable",Furniture,Chairs
7745,FUR-FU-10000668,"Tenex Frame, Durable",Furniture,Furnishings
7746,FUR-BO-10002300,"Safco 3-Shelf Cabinet, Mobile",Furniture,Bookcases
7747,FUR-BO-10002682,"Safco Stackable Bookrack, Mobile",Furniture,Bookcases
7748,FUR-BO-10004162,"Ikea Floating Shelf Set, Pine",Furniture,Bookcases
7749,FUR-FU-10002829,"Deflect-O Clock, Black",Furniture,Furnishings
7750,FUR-BO-10001946,"Sauder 3-Shelf Cabinet, Metal",Furniture,Bookcases
7751,FUR-BO-10002285,"Safco Corner Shelving, Pine",Furniture,Bookcases
7752,FUR-FU-10004596,"Tenex Door Stop, Black",Furniture,Furnishings
7753,FUR-FU-10003264,"Rubbermaid Clock, Black",Furniture,Furnishings
7754,FUR-BO-10001324,"Sauder Floating Shelf Set, Pine",Furniture,Bookcases
7755,FUR-CH-10004863,"SAFCO Swivel Stool, Black",Furniture,Chairs
7756,FUR-DEF-10003140,"Deflect-O Light Bulb, Duo Pack",Furniture,Furnishings
7757,FUR-ELD-10004727,"Eldon Stacking Tray, Black",Furniture,Furnishings
7758,FUR-CH-10003841,"Harbour Creations Swivel Stool, Black",Furniture,Chairs
7759,FUR-FU-10001583,"Deflect-O Light Bulb, Black",Furniture,Furnishings
7760,FUR-BO-10000883,"Dania Corner Shelving, Mobile",Furniture,Bookcases
7761,FUR-ELD-10004973,"Eldon Clock, Black",Furniture,Furnishings
7762,FUR-BO-10004999,"Safco Classic Bookcase, Metal",Furniture,Bookcases
7763,FUR-TA-10004711,"Lesro Conference Table, Adjustable Height",Furniture,Tables
7764,FUR-CHR-10002278,"Chromcraft Round Table, Adjustable Height",Furniture,Tables
7765,FUR-CH-10000966,"Harbour Creations Chairmat, Set of Two",Furniture,Chairs
7766,FUR-CH-10000399,"Hon Swivel Stool, Set of Two",Furniture,Chairs
7767,TEC-MA-10004897,"StarTech Calculator, White",Technology,Machines
7768,FUR-BO-10001387,"Safco Floating Shelf Set, Traditional",Furniture,Bookcases
7769,TEC-PH-10003491,"Samsung Office Telephone, Full Size",Technology,Phones
7770,FUR-BO-10001067,"Bush Stackable Bookrack, Pine",Furniture,Bookcases
7771,FUR-BO-10003543,"Safco Floating Shelf Set, Mobile",Furniture,Bookcases
7772,TEC-AC-10001355,"Memorex Router, Programmable",Technology,Accessories
7773,TEC-PH-10002759,"Cisco Smart Phone, Cordless",Technology,Phones
7774,FUR-BO-10000684,"Sauder Corner Shelving, Traditional",Furniture,Bookcases
7775,TEC-CO-10002157,"Canon Fax Machine, Laser",Technology,Copiers
7776,TEC-MA-10004842,"Konica Calculator, Red",Technology,Machines
7777,FUR-CH-10001492,"Novimex Executive Leather Armchair, Adjustable",Furniture,Chairs
7778,TEC-MA-10000354,"StarTech Calculator, Wireless",Technology,Machines
7779,TEC-PH-10000365,"Cisco Office Telephone, with Caller ID",Technology,Phones
7780,TEC-MA-10002435,"Epson Receipt Printer, Wireless",Technology,Machines
7781,FUR-CH-10002373,"Office Star Rocking Chair, Set of Two",Furniture,Chairs
7782,TEC-CO-10001633,"Sharp Fax Machine, High-Speed",Technology,Copiers
7783,FUR-CH-10001972,"Hon Chairmat, Adjustable",Furniture,Chairs
7784,FUR-NOV-10004925,"Novimex Executive Leather Armchair, Black",Furniture,Chairs
7785,TEC-EPS-10002958,"Epson Receipt Printer, Wireless",Technology,Machines
7786,FUR-HON-10001851,"Hon Executive Leather Armchair, Black",Furniture,Chairs
7787,FUR-BO-10001309,"Ikea Classic Bookcase, Traditional",Furniture,Bookcases
7788,TEC-AC-10000596,"Enermax Memory Card, Erganomic",Technology,Accessories
7789,TEC-CO-10004507,"Brother Fax and Copier, Digital",Technology,Copiers
7790,FUR-SAF-10002112,"SAFCO Executive Leather Armchair, Set of Two",Furniture,Chairs
7791,TEC-SAN-10001738,"SanDisk Mouse, Programmable",Technology,Accessories
7792,TEC-CIS-10002544,"Cisco Headset, Full Size",Technology,Phones
7793,TEC-SAN-10004181,"SanDisk Keyboard, USB",Technology,Accessories
7794,FUR-IKE-10004815,"Ikea Stackable Bookrack, Mobile",Furniture,Bookcases
7795,FUR-OFF-10000303,"Office Star Rocking Chair, Set of Two",Furniture,Chairs
7796,TEC-AC-10004341,"Belkin Mouse, USB",Technology,Accessories
7797,FUR-OFF-10002542,"Office Star Executive Leather Armchair, Adjustable",Furniture,Chairs
7798,FUR-HAR-10004593,"Harbour Creations Executive Leather Armchair, Black",Furniture,Chairs
7799,FUR-FU-10003219,"Eldon Frame, Erganomic",Furniture,Furnishings
7800,TEC-CIS-10000351,"Cisco Signal Booster, Cordless",Technology,Phones
7801,TEC-MA-10004609,"Okidata Inkjet, White",Technology,Machines
7802,TEC-PH-10003980,"Apple Signal Booster, VoIP",Technology,Phones
7803,FUR-TA-10000558,"Hon Wood Table, Rectangular",Furniture,Tables
7804,TEC-AC-10003469,"SanDisk Router, USB",Technology,Accessories
7805,TEC-KON-10001519,"Konica Calculator, White",Technology,Machines
7806,FUR-DEF-10000572,"Deflect-O Photo Frame, Duo Pack",Furniture,Furnishings
7807,FUR-BO-10004917,"Dania Stackable Bookrack, Mobile",Furniture,Bookcases
7808,TEC-PH-10003439,"Apple Audio Dock, VoIP",Technology,Phones
7809,TEC-KON-10002309,"Konica Inkjet, Wireless",Technology,Machines
7810,FUR-CH-10001944,"Harbour Creations Rocking Chair, Red",Furniture,Chairs
7811,TEC-KON-10002050,"Konica Printer, Wireless",Technology,Machines
7812,FUR-CH-10001832,"Novimex Rocking Chair, Red",Furniture,Chairs
7813,TEC-CO-10004961,"HP Wireless Fax, Color",Technology,Copiers
7814,TEC-MA-10002722,"Epson Receipt Printer, Wireless",Technology,Machines
7815,TEC-MA-10002155,"Panasonic Receipt Printer, Durable",Technology,Machines
7816,FUR-BO-10001385,"Sauder Corner Shelving, Metal",Furniture,Bookcases
7817,FUR-CH-10002749,"SAFCO Chairmat, Black",Furniture,Chairs
7818,FUR-ADV-10000600,"Advantus Clock, Duo Pack",Furniture,Furnishings
7819,TEC-MA-10003787,"Panasonic Inkjet, Wireless",Technology,Machines
7820,FUR-RUB-10003518,"Rubbermaid Door Stop, Erganomic",Furniture,Furnishings
7821,FUR-FU-10004790,"Advantus Photo Frame, Erganomic",Furniture,Furnishings
7822,TEC-MA-10002043,"Epson Receipt Printer, White",Technology,Machines
7823,FUR-BO-10003103,"Dania Floating Shelf Set, Pine",Furniture,Bookcases
7824,FUR-FU-10001746,"Advantus Stacking Tray, Durable",Furniture,Furnishings
7825,FUR-CHR-10004803,"Chromcraft Wood Table, Fully Assembled",Furniture,Tables
7826,FUR-LES-10002026,"Lesro Conference Table, Rectangular",Furniture,Tables
7827,FUR-CHR-10002686,"Chromcraft Computer Table, Adjustable Height",Furniture,Tables
7828,FUR-HON-10003871,"Hon Conference Table, Fully Assembled",Furniture,Tables
7829,FUR-BEV-10004919,"Bevis Wood Table, with Bottom Storage",Furniture,Tables
7830,FUR-CHR-10001018,"Chromcraft Round Table, Rectangular",Furniture,Tables
7831,FUR-TA-10002153,"Lesro Round Table, with Bottom Storage",Furniture,Tables
7832,FUR-TA-10001359,"Chromcraft Training Table, with Bottom Storage",Furniture,Tables
7833,FUR-BAR-10000831,"Barricks Training Table, Fully Assembled",Furniture,Tables
7834,FUR-TA-10001889,"Bevis Conference Table, Fully Assembled",Furniture,Tables
7835,FUR-TA-10003627,"Bevis Conference Table, with Bottom Storage",Furniture,Tables
7836,FUR-TA-10000226,"Chromcraft Conference Table, with Bottom Storage",Furniture,Tables
7837,FUR-CHR-10001784,"Chromcraft Coffee Table, with Bottom Storage",Furniture,Tables
7838,FUR-TA-10001744,"Lesro Coffee Table, Adjustable Height",Furniture,Tables
7839,FUR-TA-10000486,"Barricks Wood Table, Adjustable Height",Furniture,Tables
7840,FUR-TA-10000945,"Bevis Coffee Table, Adjustable Height",Furniture,Tables
7841,FUR-TA-10000434,"Chromcraft Coffee Table, with Bottom Storage",Furniture,Tables
7842,FUR-TA-10000184,"Barricks Conference Table, Fully Assembled",Furniture,Tables
7843,FUR-TA-10002523,"Barricks Training Table, Rectangular",Furniture,Tables
7844,FUR-CHR-10002165,"Chromcraft Wood Table, Adjustable Height",Furniture,Tables
7845,FUR-TA-10003786,"Hon Training Table, Fully Assembled",Furniture,Tables
7846,FUR-TA-10001276,"Lesro Coffee Table, with Bottom Storage",Furniture,Tables
7847,FUR-TA-10004468,"Lesro Training Table, Fully Assembled",Furniture,Tables
7848,FUR-TA-10000403,"Barricks Computer Table, Fully Assembled",Furniture,Tables
7849,FUR-LES-10004420,"Lesro Coffee Table, with Bottom Storage",Furniture,Tables
7850,FUR-TA-10001622,"Lesro Coffee Table, with Bottom Storage",Furniture,Tables
7851,FUR-TA-10000789,"Lesro Training Table, with Bottom Storage",Furniture,Tables
7852,FUR-TA-10002519,"Lesro Conference Table, with Bottom Storage",Furniture,Tables
7853,FUR-BEV-10001853,"Bevis Computer Table, Adjustable Height",Furniture,Tables
7854,FUR-CHR-10000585,"Chromcraft Coffee Table, Adjustable Height",Furniture,Tables
7855,FUR-TA-10001360,"Bevis Round Table, Rectangular",Furniture,Tables
7856,FUR-TA-10004531,"Chromcraft Coffee Table, Rectangular",Furniture,Tables
7857,FUR-CHR-10003806,"Chromcraft Conference Table, with Bottom Storage",Furniture,Tables
7858,FUR-TA-10002786,"Lesro Computer Table, Fully Assembled",Furniture,Tables
7859,FUR-TA-10004820,"Barricks Wood Table, Fully Assembled",Furniture,Tables
7860,FUR-BEV-10001048,"Bevis Conference Table, with Bottom Storage",Furniture,Tables
7861,FUR-TA-10002966,"Chromcraft Computer Table, Fully Assembled",Furniture,Tables
7862,FUR-TA-10002433,"Chromcraft Computer Table, with Bottom Storage",Furniture,Tables
7863,FUR-TA-10002935,"Bevis Coffee Table, Adjustable Height",Furniture,Tables
7864,FUR-BEV-10001217,"Bevis Wood Table, Fully Assembled",Furniture,Tables
7865,FUR-TA-10001205,"Chromcraft Wood Table, Rectangular",Furniture,Tables
7866,FUR-BO-10003913,"Safco Stackable Bookrack, Pine",Furniture,Bookcases
7867,FUR-BO-10003323,"Safco 3-Shelf Cabinet, Mobile",Furniture,Bookcases
7868,FUR-BO-10001216,"Sauder 3-Shelf Cabinet, Mobile",Furniture,Bookcases
7869,FUR-BO-10004537,"Dania Floating Shelf Set, Mobile",Furniture,Bookcases
7870,FUR-BO-10001585,"Ikea Floating Shelf Set, Traditional",Furniture,Bookcases
7871,FUR-BO-10004340,"Safco Classic Bookcase, Mobile",Furniture,Bookcases
7872,FUR-BO-10002182,"Safco Floating Shelf Set, Pine",Furniture,Bookcases
7873,FUR-BO-10000288,"Safco Classic Bookcase, Traditional",Furniture,Bookcases
7874,FUR-BO-10003126,"Dania Library with Doors, Traditional",Furniture,Bookcases
7875,FUR-BO-10000112,"Dania Corner Shelving, Pine",Furniture,Bookcases
7876,FUR-BO-10001390,"Bush Floating Shelf Set, Traditional",Furniture,Bookcases
7877,FUR-IKE-10004160,"Ikea Stackable Bookrack, Traditional",Furniture,Bookcases
7878,FUR-BO-10001099,"Bush Corner Shelving, Traditional",Furniture,Bookcases
7879,FUR-BO-10002214,"Dania Floating Shelf Set, Traditional",Furniture,Bookcases
7880,FUR-BO-10003554,"Dania 3-Shelf Cabinet, Mobile",Furniture,Bookcases
7881,FUR-DAN-10004510,"Dania Library with Doors, Metal",Furniture,Bookcases
7882,FUR-BO-10002235,"Bush 3-Shelf Cabinet, Pine",Furniture,Bookcases
7883,FUR-BO-10000279,"Dania Classic Bookcase, Pine",Furniture,Bookcases
7884,FUR-BO-10004558,"Sauder Library with Doors, Pine",Furniture,Bookcases
7885,FUR-BO-10003284,"Sauder Floating Shelf Set, Mobile",Furniture,Bookcases
7886,FUR-BO-10002819,"Ikea Stackable Bookrack, Traditional",Furniture,Bookcases
7887,FUR-BO-10002277,"Bush Floating Shelf Set, Mobile",Furniture,Bookcases
7888,FUR-BO-10003904,"Ikea Corner Shelving, Traditional",Furniture,Bookcases
7889,FUR-BO-10002032,"Ikea Stackable Bookrack, Pine",Furniture,Bookcases
7890,FUR-BO-10001966,"Ikea Corner Shelving, Metal",Furniture,Bookcases
7891,FUR-BO-10003779,"Ikea Library with Doors, Traditional",Furniture,Bookcases
7892,FUR-BO-10000892,"Bush Corner Shelving, Mobile",Furniture,Bookcases
7893,FUR-BO-10001073,"Safco Classic Bookcase, Metal",Furniture,Bookcases
7894,FUR-BO-10002985,"Sauder Corner Shelving, Mobile",Furniture,Bookcases
7895,FUR-BO-10003291,"Dania Corner Shelving, Metal",Furniture,Bookcases
7896,FUR-BO-10001822,"Dania Library with Doors, Metal",Furniture,Bookcases
7897,FUR-BO-10003905,"Ikea Stackable Bookrack, Mobile",Furniture,Bookcases
7898,FUR-BO-10002580,"Safco Classic Bookcase, Pine",Furniture,Bookcases
7899,FUR-BO-10004844,"Sauder Corner Shelving, Mobile",Furniture,Bookcases
7900,FUR-BO-10001165,"Bush Library with Doors, Mobile",Furniture,Bookcases
7901,FUR-BO-10003768,"Sauder 3-Shelf Cabinet, Traditional",Furniture,Bookcases
7902,FUR-BO-10000847,"Dania Stackable Bookrack, Mobile",Furniture,Bookcases
7903,FUR-BO-10001392,"Sauder Classic Bookcase, Traditional",Furniture,Bookcases
7904,FUR-BO-10004709,"Bush Classic Bookcase, Pine",Furniture,Bookcases
7905,FUR-BO-10001010,"Dania Corner Shelving, Mobile",Furniture,Bookcases
7906,FUR-BO-10002334,"Ikea 3-Shelf Cabinet, Pine",Furniture,Bookcases
7907,FUR-BO-10000676,"Bush Stackable Bookrack, Pine",Furniture,Bookcases
7908,FUR-BO-10000967,"Ikea Library with Doors, Pine",Furniture,Bookcases
7909,FUR-BO-10002133,"Bush Corner Shelving, Mobile",Furniture,Bookcases
7910,FUR-DAN-10002846,"Dania Floating Shelf Set, Mobile",Furniture,Bookcases
7911,FUR-IKE-10000521,"Ikea Classic Bookcase, Mobile",Furniture,Bookcases
7912,FUR-BO-10002309,"Dania 3-Shelf Cabinet, Traditional",Furniture,Bookcases
7913,FUR-SAF-10002495,"Safco Library with Doors, Mobile",Furniture,Bookcases
7914,FUR-BUS-10002192,"Bush 3-Shelf Cabinet, Metal",Furniture,Bookcases
7915,FUR-SAU-10003928,"Sauder Classic Bookcase, Metal",Furniture,Bookcases
7916,FUR-DAN-10002017,"Dania Classic Bookcase, Traditional",Furniture,Bookcases
7917,FUR-DAN-10001557,"Dania Floating Shelf Set, Pine",Furniture,Bookcases
7918,FUR-IKE-10002147,"Ikea Classic Bookcase, Metal",Furniture,Bookcases
7919,FUR-SAF-10000607,"Safco Stackable Bookrack, Mobile",Furniture,Bookcases
7920,FUR-BUS-10004121,"Bush 3-Shelf Cabinet, Mobile",Furniture,Bookcases
7921,FUR-BUS-10004336,"Bush Corner Shelving, Traditional",Furniture,Bookcases
7922,FUR-DAN-10002631,"Dania 3-Shelf Cabinet, Pine",Furniture,Bookcases
7923,FUR-SAU-10003694,"Sauder Library with Doors, Mobile",Furniture,Bookcases
7924,FUR-BUS-10004475,"Bush Floating Shelf Set, Traditional",Furniture,Bookcases
7925,FUR-BO-10003734,"Dania Classic Bookcase, Metal",Furniture,Bookcases
7926,FUR-DAN-10002348,"Dania Classic Bookcase, Pine",Furniture,Bookcases
7927,FUR-SAF-10002253,"Safco Stackable Bookrack, Pine",Furniture,Bookcases
7928,FUR-BO-10003386,"Sauder 3-Shelf Cabinet, Mobile",Furniture,Bookcases
7929,FUR-BUS-10001187,"Bush Classic Bookcase, Metal",Furniture,Bookcases
7930,FUR-BO-10004824,"Safco Stackable Bookrack, Traditional",Furniture,Bookcases
7931,FUR-BO-10001558,"Safco 3-Shelf Cabinet, Pine",Furniture,Bookcases
7932,FUR-BO-10000425,"Bush Floating Shelf Set, Traditional",Furniture,Bookcases
7933,FUR-BO-10000021,"Dania Corner Shelving, Metal",Furniture,Bookcases
7934,FUR-BO-10001370,"Sauder Classic Bookcase, Mobile",Furniture,Bookcases
7935,FUR-BO-10003384,"Ikea Corner Shelving, Traditional",Furniture,Bookcases
7936,FUR-BUS-10004644,"Bush Library with Doors, Pine",Furniture,Bookcases
7937,FUR-BO-10002325,"Bush Classic Bookcase, Metal",Furniture,Bookcases
7938,FUR-BO-10003647,"Ikea Classic Bookcase, Pine",Furniture,Bookcases
7939,FUR-IKE-10003771,"Ikea Corner Shelving, Traditional",Furniture,Bookcases
7940,FUR-BO-10004316,"Bush 3-Shelf Cabinet, Pine",Furniture,Bookcases
7941,FUR-IKE-10003053,"Ikea 3-Shelf Cabinet, Mobile",Furniture,Bookcases
7942,FUR-SAU-10002043,"Sauder Floating Shelf Set, Metal",Furniture,Bookcases
7943,FUR-BO-10001507,"Ikea Library with Doors, Traditional",Furniture,Bookcases
7944,FUR-BO-10001155,"Ikea 3-Shelf Cabinet, Metal",Furniture,Bookcases
7945,FUR-FU-10003326,"Eldon Photo Frame, Duo Pack",Furniture,Furnishings
7946,FUR-TEN-10000377,"Tenex Light Bulb, Duo Pack",Furniture,Furnishings
7947,FUR-FU-10000816,"Tenex Clock, Erganomic",Furniture,Furnishings
7948,FUR-TEN-10003900,"Tenex Stacking Tray, Durable",Furniture,Furnishings
7949,FUR-FU-10000889,"Rubbermaid Clock, Black",Furniture,Furnishings
7950,FUR-RUB-10004285,"Rubbermaid Clock, Duo Pack",Furniture,Furnishings
7951,FUR-FU-10001933,"Tenex Stacking Tray, Black",Furniture,Furnishings
7952,FUR-ADV-10004223,"Advantus Clock, Black",Furniture,Furnishings
7953,FUR-TEN-10004147,"Tenex Clock, Erganomic",Furniture,Furnishings
7954,FUR-FU-10000955,"Advantus Stacking Tray, Durable",Furniture,Furnishings
7955,FUR-FU-10003694,"Rubbermaid Clock, Duo Pack",Furniture,Furnishings
7956,FUR-FU-10001843,"Advantus Door Stop, Durable",Furniture,Furnishings
7957,FUR-ADV-10000190,"Advantus Frame, Duo Pack",Furniture,Furnishings
7958,FUR-FU-10004787,"Advantus Frame, Durable",Furniture,Furnishings
7959,FUR-FU-10004288,"Eldon Frame, Duo Pack",Furniture,Furnishings
7960,FUR-FU-10003546,"Advantus Clock, Durable",Furniture,Furnishings
7961,FUR-FU-10000647,"Tenex Door Stop, Erganomic",Furniture,Furnishings
7962,FUR-FU-10001692,"Eldon Clock, Duo Pack",Furniture,Furnishings
7963,FUR-FU-10004031,"Advantus Frame, Durable",Furniture,Furnishings
7964,FUR-FU-10002699,"Eldon Photo Frame, Erganomic",Furniture,Furnishings
7965,FUR-FU-10002928,"Eldon Light Bulb, Erganomic",Furniture,Furnishings
7966,FUR-FU-10004876,"Eldon Frame, Erganomic",Furniture,Furnishings
7967,FUR-FU-10002292,"Deflect-O Door Stop, Duo Pack",Furniture,Furnishings
7968,FUR-FU-10000295,"Advantus Light Bulb, Durable",Furniture,Furnishings
7969,FUR-FU-10000815,"Eldon Door Stop, Black",Furniture,Furnishings
7970,FUR-FU-10000516,"Advantus Clock, Duo Pack",Furniture,Furnishings
7971,FUR-FU-10000606,"Deflect-O Photo Frame, Durable",Furniture,Furnishings
7972,FUR-FU-10002549,"Deflect-O Clock, Duo Pack",Furniture,Furnishings
7973,FUR-FU-10003736,"Rubbermaid Frame, Duo Pack",Furniture,Furnishings
7974,FUR-FU-10003662,"Tenex Door Stop, Erganomic",Furniture,Furnishings
7975,FUR-FU-10000743,"Eldon Frame, Erganomic",Furniture,Furnishings
7976,FUR-FU-10001640,"Eldon Photo Frame, Black",Furniture,Furnishings
7977,FUR-FU-10001343,"Eldon Stacking Tray, Erganomic",Furniture,Furnishings
7978,FUR-FU-10003066,"Deflect-O Frame, Duo Pack",Furniture,Furnishings
7979,FUR-FU-10003012,"Rubbermaid Stacking Tray, Durable",Furniture,Furnishings
7980,FUR-FU-10001144,"Rubbermaid Photo Frame, Erganomic",Furniture,Furnishings
7981,FUR-FU-10003414,"Tenex Clock, Duo Pack",Furniture,Furnishings
7982,FUR-FU-10001711,"Tenex Frame, Erganomic",Furniture,Furnishings
7983,FUR-FU-10003918,"Advantus Photo Frame, Black",Furniture,Furnishings
7984,FUR-FU-10003608,"Tenex Light Bulb, Erganomic",Furniture,Furnishings
7985,FUR-FU-10003273,"Tenex Frame, Duo Pack",Furniture,Furnishings
7986,FUR-FU-10001410,"Tenex Clock, Durable",Furniture,Furnishings
7987,FUR-FU-10000306,"Rubbermaid Clock, Duo Pack",Furniture,Furnishings
7988,FUR-FU-10000729,"Eldon Clock, Durable",Furniture,Furnishings
7989,FUR-FU-10004181,"Rubbermaid Photo Frame, Black",Furniture,Furnishings
7990,FUR-FU-10000256,"Rubbermaid Photo Frame, Duo Pack",Furniture,Furnishings
7991,FUR-FU-10001371,"Deflect-O Stacking Tray, Black",Furniture,Furnishings
7992,FUR-ELD-10001163,"Eldon Frame, Erganomic",Furniture,Furnishings
7993,FUR-FU-10004427,"Advantus Stacking Tray, Erganomic",Furniture,Furnishings
7994,FUR-FU-10002637,"Deflect-O Stacking Tray, Erganomic",Furniture,Furnishings
7995,FUR-FU-10000975,"Eldon Clock, Black",Furniture,Furnishings
7996,FUR-FU-10000012,"Tenex Stacking Tray, Black",Furniture,Furnishings
7997,FUR-FU-10000790,"Rubbermaid Light Bulb, Black",Furniture,Furnishings
7998,FUR-FU-10003112,"Tenex Frame, Durable",Furniture,Furnishings
7999,FUR-FU-10004800,"Eldon Stacking Tray, Black",Furniture,Furnishings
8000,FUR-FU-10000287,"Eldon Stacking Tray, Black",Furniture,Furnishings
8001,FUR-FU-10004459,"Deflect-O Door Stop, Erganomic",Furniture,Furnishings
8002,FUR-FU-10002502,"Eldon Light Bulb, Durable",Furniture,Furnishings
8003,FUR-FU-10002979,"Eldon Frame, Black",Furniture,Furnishings
8004,FUR-FU-10002614,"Tenex Door Stop, Black",Furniture,Furnishings
8005,FUR-FU-10001194,"Rubbermaid Light Bulb, Duo Pack",Furniture,Furnishings
8006,FUR-FU-10004614,"Rubbermaid Frame, Black",Furniture,Furnishings
8007,FUR-FU-10001063,"Eldon Light Bulb, Black",Furniture,Furnishings
8008,FUR-FU-10000142,"Tenex Stacking Tray, Erganomic",Furniture,Furnishings
8009,FUR-FU-10004152,"Eldon Photo Frame, Erganomic",Furniture,Furnishings
8010,FUR-FU-10001717,"Rubbermaid Stacking Tray, Erganomic",Furniture,Furnishings
8011,FUR-FU-10003046,"Advantus Photo Frame, Durable",Furniture,Furnishings
8012,FUR-FU-10000072,"Advantus Light Bulb, Erganomic",Furniture,Furnishings
8013,FUR-FU-10001424,"Eldon Photo Frame, Durable",Furniture,Furnishings
8014,FUR-CH-10004255,"SAFCO Executive Leather Armchair, Red",Furniture,Chairs
8015,FUR-HON-10000722,"Hon Rocking Chair, Adjustable",Furniture,Chairs
8016,FUR-HON-10001504,"Hon Rocking Chair, Black",Furniture,Chairs
8017,FUR-OFF-10001125,"Office Star Rocking Chair, Adjustable",Furniture,Chairs
8018,FUR-HAR-10002178,"Harbour Creations Rocking Chair, Set of Two",Furniture,Chairs
8019,FUR-CH-10001559,"SAFCO Executive Leather Armchair, Black",Furniture,Chairs
8020,FUR-HON-10001847,"Hon Executive Leather Armchair, Adjustable",Furniture,Chairs
8021,FUR-HON-10004137,"Hon Rocking Chair, Set of Two",Furniture,Chairs
8022,FUR-CH-10001037,"SAFCO Chairmat, Adjustable",Furniture,Chairs
8023,FUR-OFF-10002486,"Office Star Bag Chairs, Black",Furniture,Chairs
8024,FUR-CH-10001975,"Hon Swivel Stool, Red",Furniture,Chairs
8025,FUR-CH-10004277,"SAFCO Swivel Stool, Black",Furniture,Chairs
8026,FUR-CH-10004050,"Novimex Executive Leather Armchair, Adjustable",Furniture,Chairs
8027,FUR-CH-10003341,"Office Star Chairmat, Red",Furniture,Chairs
8028,FUR-CH-10000326,"SAFCO Rocking Chair, Red",Furniture,Chairs
8029,FUR-CH-10004194,"Harbour Creations Steel Folding Chair, Set of Two",Furniture,Chairs
8030,FUR-CH-10000685,"Hon Executive Leather Armchair, Black",Furniture,Chairs
8031,FUR-CH-10003771,"Harbour Creations Steel Folding Chair, Black",Furniture,Chairs
8032,FUR-CH-10001414,"Hon Chairmat, Red",Furniture,Chairs
8033,FUR-CH-10002045,"SAFCO Bag Chairs, Red",Furniture,Chairs
8034,FUR-CH-10002412,"Hon Bag Chairs, Black",Furniture,Chairs
8035,FUR-CH-10003760,"Office Star Bag Chairs, Set of Two",Furniture,Chairs
8036,FUR-CH-10003009,"Novimex Swivel Stool, Adjustable",Furniture,Chairs
8037,FUR-CH-10002542,"Office Star Steel Folding Chair, Set of Two",Furniture,Chairs
8038,FUR-CH-10001919,"Harbour Creations Steel Folding Chair, Red",Furniture,Chairs
8039,FUR-CH-10004572,"Harbour Creations Bag Chairs, Red",Furniture,Chairs
8040,FUR-CH-10002212,"Hon Chairmat, Black",Furniture,Chairs
8041,FUR-NOV-10003257,"Novimex Chairmat, Adjustable",Furniture,Chairs
8042,FUR-CH-10004572,"Office Star Executive Leather Armchair, Adjustable",Furniture,Chairs
8043,FUR-OFF-10003703,"Office Star Chairmat, Set of Two",Furniture,Chairs
8044,FUR-CH-10002033,"Harbour Creations Executive Leather Armchair, Adjustable",Furniture,Chairs
8045,FUR-CH-10004676,"Office Star Rocking Chair, Black",Furniture,Chairs
8046,FUR-CH-10002090,"Hon Swivel Stool, Adjustable",Furniture,Chairs
8047,FUR-CH-10002335,"Hon Bag Chairs, Set of Two",Furniture,Chairs
8048,FUR-SAF-10004525,"SAFCO Swivel Stool, Red",Furniture,Chairs
8049,FUR-CH-10002247,"Hon Executive Leather Armchair, Adjustable",Furniture,Chairs
8050,FUR-OFF-10001552,"Office Star Bag Chairs, Set of Two",Furniture,Chairs
8051,FUR-CH-10003312,"SAFCO Swivel Stool, Adjustable",Furniture,Chairs
8052,FUR-CH-10002793,"Office Star Bag Chairs, Adjustable",Furniture,Chairs
8053,FUR-CH-10004047,"SAFCO Rocking Chair, Adjustable",Furniture,Chairs
8054,FUR-NOV-10002333,"Novimex Steel Folding Chair, Black",Furniture,Chairs
8055,FUR-CH-10000414,"Novimex Chairmat, Black",Furniture,Chairs
8056,FUR-OFF-10003104,"Office Star Bag Chairs, Red",Furniture,Chairs
8057,FUR-CH-10001536,"Harbour Creations Chairmat, Red",Furniture,Chairs
8058,FUR-CH-10002061,"Harbour Creations Executive Leather Armchair, Red",Furniture,Chairs
8059,FUR-CH-10003062,"Novimex Chairmat, Red",Furniture,Chairs
8060,FUR-CH-10000677,"Hon Steel Folding Chair, Red",Furniture,Chairs
8061,FUR-CH-10000546,"Harbour Creations Executive Leather Armchair, Adjustable",Furniture,Chairs
8062,FUR-CH-10003875,"Office Star Swivel Stool, Set of Two",Furniture,Chairs
8063,FUR-CH-10004194,"Novimex Bag Chairs, Red",Furniture,Chairs
8064,FUR-OFF-10004824,"Office Star Swivel Stool, Set of Two",Furniture,Chairs
8065,FUR-CH-10004584,"Office Star Steel Folding Chair, Set of Two",Furniture,Chairs
8066,FUR-CH-10003848,"Office Star Rocking Chair, Adjustable",Furniture,Chairs
8067,FUR-CH-10002991,"Novimex Steel Folding Chair, Adjustable",Furniture,Chairs
8068,FUR-CH-10004306,"SAFCO Bag Chairs, Red",Furniture,Chairs
8069,FUR-HAR-10003770,"Harbour Creations Steel Folding Chair, Set of Two",Furniture,Chairs
8070,FUR-CH-10000423,"Hon Chairmat, Set of Two",Furniture,Chairs
8071,FUR-HAR-10002697,"Harbour Creations Executive Leather Armchair, Adjustable",Furniture,Chairs
8072,FUR-CH-10001726,"Office Star Steel Folding Chair, Adjustable",Furniture,Chairs
8073,FUR-CH-10002816,"Harbour Creations Swivel Stool, Adjustable",Furniture,Chairs
8074,FUR-HAR-10002223,"Harbour Creations Chairmat, Set of Two",Furniture,Chairs
8075,FUR-HON-10002941,"Hon Swivel Stool, Set of Two",Furniture,Chairs
8076,FUR-HAR-10004726,"Harbour Creations Steel Folding Chair, Adjustable",Furniture,Chairs
8077,FUR-CH-10000233,"SAFCO Chairmat, Red",Furniture,Chairs
8078,FUR-NOV-10000323,"Novimex Executive Leather Armchair, Adjustable",Furniture,Chairs
8079,FUR-CH-10003842,"Harbour Creations Chairmat, Red",Furniture,Chairs
8080,FUR-CH-10000774,"SAFCO Rocking Chair, Set of Two",Furniture,Chairs
8081,FUR-CH-10002980,"Hon Executive Leather Armchair, Red",Furniture,Chairs
8082,FUR-NOV-10000669,"Novimex Chairmat, Set of Two",Furniture,Chairs
8083,FUR-CH-10002335,"Hon Steel Folding Chair, Red",Furniture,Chairs
8084,FUR-CH-10002030,"Office Star Swivel Stool, Red",Furniture,Chairs
8085,FUR-CH-10000527,"Office Star Executive Leather Armchair, Adjustable",Furniture,Chairs
8086,FUR-CH-10003948,"Harbour Creations Swivel Stool, Set of Two",Furniture,Chairs
8087,FUR-CH-10000333,"SAFCO Swivel Stool, Black",Furniture,Chairs
8088,FUR-CH-10004065,"SAFCO Bag Chairs, Adjustable",Furniture,Chairs
8089,FUR-CH-10004899,"SAFCO Rocking Chair, Adjustable",Furniture,Chairs
8090,FUR-CH-10004007,"SAFCO Steel Folding Chair, Set of Two",Furniture,Chairs
8091,FUR-CH-10004580,"Office Star Bag Chairs, Adjustable",Furniture,Chairs
8092,FUR-CH-10000373,"Hon Steel Folding Chair, Set of Two",Furniture,Chairs
8093,FUR-CH-10004844,"Novimex Swivel Stool, Adjustable",Furniture,Chairs
8094,FUR-CH-10001752,"Harbour Creations Steel Folding Chair, Black",Furniture,Chairs
8095,FUR-CH-10003232,"Harbour Creations Executive Leather Armchair, Adjustable",Furniture,Chairs
8096,FUR-CH-10003616,"Novimex Executive Leather Armchair, Adjustable",Furniture,Chairs
8097,TEC-PH-10002292,"Cisco Signal Booster, Full Size",Technology,Phones
8098,TEC-PH-10003752,"Nokia Office Telephone, VoIP",Technology,Phones
8099,TEC-PH-10001066,"Apple Smart Phone, Cordless",Technology,Phones
8100,TEC-PH-10000841,"Nokia Signal Booster, VoIP",Technology,Phones
8101,TEC-PH-10003770,"Apple Speaker Phone, Full Size",Technology,Phones
8102,TEC-PH-10004882,"Nokia Office Telephone, VoIP",Technology,Phones
8103,TEC-PH-10004196,"Samsung Smart Phone, Cordless",Technology,Phones
8104,TEC-PH-10004006,"Nokia Audio Dock, Full Size",Technology,Phones
8105,TEC-PH-10002742,"Motorola Audio Dock, Cordless",Technology,Phones
8106,TEC-PH-10002152,"Apple Headset, Cordless",Technology,Phones
8107,TEC-MOT-10002272,"Motorola Smart Phone, with Caller ID",Technology,Phones
8108,TEC-PH-10000258,"Motorola Audio Dock, Cordless",Technology,Phones
8109,TEC-PH-10001640,"Motorola Office Telephone, Full Size",Technology,Phones
8110,TEC-MOT-10004136,"Motorola Signal Booster, Cordless",Technology,Phones
8111,TEC-APP-10000308,"Apple Smart Phone, Full Size",Technology,Phones
8112,TEC-PH-10004241,"Cisco Headset, Cordless",Technology,Phones
8113,TEC-PH-10003796,"Apple Headset, with Caller ID",Technology,Phones
8114,TEC-PH-10003784,"Motorola Signal Booster, Full Size",Technology,Phones
8115,TEC-APP-10004584,"Apple Office Telephone, VoIP",Technology,Phones
8116,TEC-PH-10004437,"Cisco Speaker Phone, with Caller ID",Technology,Phones
8117,TEC-PH-10002296,"Nokia Headset, Full Size",Technology,Phones
8118,TEC-PH-10003823,"Apple Headset, Full Size",Technology,Phones
8119,TEC-PH-10000577,"Samsung Headset, Cordless",Technology,Phones
8120,TEC-PH-10004626,"Cisco Smart Phone, with Caller ID",Technology,Phones
8121,TEC-PH-10003182,"Cisco Office Telephone, with Caller ID",Technology,Phones
8122,TEC-PH-10000412,"Cisco Office Telephone, Full Size",Technology,Phones
8123,TEC-NOK-10001070,"Nokia Speaker Phone, with Caller ID",Technology,Phones
8124,TEC-PH-10000800,"Cisco Smart Phone, Full Size",Technology,Phones
8125,TEC-SAM-10002682,"Samsung Headset, Full Size",Technology,Phones
8126,TEC-PH-10004350,"Samsung Headset, Cordless",Technology,Phones
8127,TEC-PH-10002493,"Nokia Signal Booster, with Caller ID",Technology,Phones
8128,TEC-SAM-10004940,"Samsung Smart Phone, Full Size",Technology,Phones
8129,TEC-PH-10001614,"Motorola Audio Dock, VoIP",Technology,Phones
8130,TEC-PH-10003954,"Cisco Signal Booster, Cordless",Technology,Phones
8131,TEC-PH-10004211,"Cisco Headset, Cordless",Technology,Phones
8132,TEC-PH-10004297,"Motorola Speaker Phone, Full Size",Technology,Phones
8133,TEC-SAM-10001131,"Samsung Smart Phone, VoIP",Technology,Phones
8134,TEC-PH-10001990,"Cisco Smart Phone, Full Size",Technology,Phones
8135,TEC-PH-10004093,"Motorola Audio Dock, VoIP",Technology,Phones
8136,TEC-CIS-10001767,"Cisco Office Telephone, Cordless",Technology,Phones
8137,TEC-PH-10000297,"Apple Office Telephone, with Caller ID",Technology,Phones
8138,TEC-PH-10001900,"Motorola Signal Booster, VoIP",Technology,Phones
8139,TEC-PH-10002623,"Cisco Smart Phone, with Caller ID",Technology,Phones
8140,TEC-PH-10000810,"Nokia Headset, VoIP",Technology,Phones
8141,TEC-PH-10001076,"Nokia Smart Phone, Cordless",Technology,Phones
8142,TEC-MOT-10002689,"Motorola Headset, Cordless",Technology,Phones
8143,TEC-PH-10004578,"Nokia Office Telephone, with Caller ID",Technology,Phones
8144,TEC-APP-10002321,"Apple Signal Booster, Full Size",Technology,Phones
8145,TEC-PH-10004144,"Apple Speaker Phone, Full Size",Technology,Phones
8146,TEC-PH-10001492,"Nokia Headset, VoIP",Technology,Phones
8147,TEC-PH-10002641,"Motorola Office Telephone, Full Size",Technology,Phones
8148,TEC-PH-10004940,"Nokia Signal Booster, with Caller ID",Technology,Phones
8149,TEC-PH-10004601,"Nokia Audio Dock, with Caller ID",Technology,Phones
8150,TEC-PH-10003784,"Motorola Signal Booster, with Caller ID",Technology,Phones
8151,TEC-APP-10004296,"Apple Speaker Phone, Full Size",Technology,Phones
8152,TEC-PH-10001619,"Cisco Signal Booster, Full Size",Technology,Phones
8153,TEC-PH-10004714,"Motorola Office Telephone, VoIP",Technology,Phones
8154,TEC-PH-10000292,"Samsung Office Telephone, Full Size",Technology,Phones
8155,TEC-PH-10004553,"Cisco Audio Dock, VoIP",Technology,Phones
8156,TEC-PH-10002904,"Samsung Smart Phone, Full Size",Technology,Phones
8157,TEC-PH-10003794,"Nokia Smart Phone, Full Size",Technology,Phones
8158,TEC-PH-10002799,"Apple Audio Dock, Full Size",Technology,Phones
8159,TEC-PH-10000571,"Apple Audio Dock, with Caller ID",Technology,Phones
8160,TEC-PH-10003430,"Cisco Speaker Phone, VoIP",Technology,Phones
8161,TEC-PH-10003772,"Cisco Headset, Cordless",Technology,Phones
8162,TEC-PH-10003960,"Apple Speaker Phone, with Caller ID",Technology,Phones
8163,TEC-PH-10001963,"Nokia Speaker Phone, Full Size",Technology,Phones
8164,TEC-CO-10002316,"Brother Personal Copier, Laser",Technology,Copiers
8165,TEC-CAN-10000932,"Canon Fax Machine, Color",Technology,Copiers
8166,TEC-CO-10003525,"Sharp Ink, Color",Technology,Copiers
8167,TEC-CO-10003354,"Brother Fax Machine, Laser",Technology,Copiers
8168,TEC-CAN-10001378,"Canon Personal Copier, High-Speed",Technology,Copiers
8169,TEC-CO-10004154,"Canon Copy Machine, Digital",Technology,Copiers
8170,TEC-CO-10000764,"Brother Fax Machine, Color",Technology,Copiers
8171,TEC-CO-10001531,"Hewlett Fax and Copier, Color",Technology,Copiers
8172,TEC-CO-10000269,"HP Ink, Laser",Technology,Copiers
8173,TEC-CO-10000560,"Hewlett Ink, High-Speed",Technology,Copiers
8174,TEC-CO-10003523,"Brother Wireless Fax, High-Speed",Technology,Copiers
8175,TEC-CO-10001472,"Sharp Copy Machine, Laser",Technology,Copiers
8176,TEC-CO-10003608,"Canon Fax Machine, Color",Technology,Copiers
8177,TEC-CO-10002658,"Hewlett Ink, Laser",Technology,Copiers
8178,TEC-HP -10000081,"HP Ink, Color",Technology,Copiers
8179,TEC-CO-10002376,"Hewlett Fax Machine, Laser",Technology,Copiers
8180,TEC-CO-10001741,"Brother Copy Machine, Color",Technology,Copiers
8181,TEC-CO-10004045,"Hewlett Ink, High-Speed",Technology,Copiers
8182,TEC-CO-10002083,"HP Fax and Copier, High-Speed",Technology,Copiers
8183,TEC-CO-10001204,"Canon Fax Machine, High-Speed",Technology,Copiers
8184,TEC-CO-10002122,"Hewlett Fax Machine, Digital",Technology,Copiers
8185,TEC-HEW-10004172,"Hewlett Wireless Fax, Laser",Technology,Copiers
8186,TEC-CO-10003800,"Hewlett Wireless Fax, Color",Technology,Copiers
8187,TEC-CAN-10001571,"Canon Personal Copier, Laser",Technology,Copiers
8188,TEC-CO-10001654,"Hewlett Wireless Fax, Digital",Technology,Copiers
8189,TEC-CO-10000865,"Brother Fax Machine, High-Speed",Technology,Copiers
8190,TEC-CO-10004404,"Brother Copy Machine, High-Speed",Technology,Copiers
8191,TEC-SHA-10002753,"Sharp Fax and Copier, High-Speed",Technology,Copiers
8192,TEC-CO-10004182,"Hewlett Wireless Fax, Laser",Technology,Copiers
8193,TEC-HEW-10002501,"Hewlett Fax Machine, Laser",Technology,Copiers
8194,TEC-SHA-10004658,"Sharp Ink, Laser",Technology,Copiers
8195,TEC-CO-10002788,"Hewlett Personal Copier, Digital",Technology,Copiers
8196,TEC-CO-10003819,"Sharp Copy Machine, High-Speed",Technology,Copiers
8197,TEC-CO-10004034,"Canon Fax Machine, High-Speed",Technology,Copiers
8198,TEC-HP -10001115,"HP Ink, Digital",Technology,Copiers
8199,TEC-CO-10003226,"Canon Fax Machine, Laser",Technology,Copiers
8200,TEC-CO-10001487,"Canon Ink, Digital",Technology,Copiers
8201,TEC-SHA-10000501,"Sharp Wireless Fax, High-Speed",Technology,Copiers
8202,TEC-CO-10004143,"HP Personal Copier, Color",Technology,Copiers
8203,TEC-CAN-10001376,"Canon Fax and Copier, High-Speed",Technology,Copiers
8204,TEC-CO-10003362,"Sharp Fax and Copier, High-Speed",Technology,Copiers
8205,TEC-CO-10004089,"Canon Copy Machine, Laser",Technology,Copiers
8206,TEC-CO-10002663,"Sharp Wireless Fax, Laser",Technology,Copiers
8207,TEC-CO-10004605,"HP Copy Machine, Color",Technology,Copiers
8208,TEC-BRO-10000348,"Brother Copy Machine, High-Speed",Technology,Copiers
8209,TEC-CO-10000259,"Hewlett Ink, Color",Technology,Copiers
8210,TEC-CO-10001895,"Sharp Wireless Fax, Color",Technology,Copiers
8211,TEC-CO-10000821,"Canon Ink, High-Speed",Technology,Copiers
8212,TEC-CO-10003019,"Brother Fax Machine, High-Speed",Technology,Copiers
8213,TEC-CO-10004929,"Canon Personal Copier, Color",Technology,Copiers
8214,TEC-BRO-10001938,"Brother Wireless Fax, High-Speed",Technology,Copiers
8215,TEC-CO-10000178,"Hewlett Ink, Laser",Technology,Copiers
8216,TEC-CO-10001343,"Canon Fax Machine, Digital",Technology,Copiers
8217,TEC-CO-10000270,"Hewlett Fax Machine, High-Speed",Technology,Copiers
8218,TEC-CO-10000847,"Canon Personal Copier, Laser",Technology,Copiers
8219,TEC-CO-10000279,"Hewlett Personal Copier, High-Speed",Technology,Copiers
8220,TEC-CO-10001954,"Brother Wireless Fax, Laser",Technology,Copiers
8221,TEC-MA-10002468,"Panasonic Inkjet, White",Technology,Machines
8222,TEC-STA-10002497,"StarTech Card Printer, White",Technology,Machines
8223,TEC-MA-10000776,"Okidata Calculator, Wireless",Technology,Machines
8224,TEC-MA-10004669,"Epson Inkjet, Wireless",Technology,Machines
8225,TEC-MA-10000964,"Okidata Calculator, Red",Technology,Machines
8226,TEC-MA-10001622,"Okidata Card Printer, Red",Technology,Machines
8227,TEC-MA-10001569,"Okidata Phone, Red",Technology,Machines
8228,TEC-MA-10001752,"Konica Printer, Durable",Technology,Machines
8229,TEC-EPS-10001644,"Epson Phone, Durable",Technology,Machines
8230,TEC-MA-10001259,"StarTech Inkjet, White",Technology,Machines
8231,TEC-MA-10001546,"Okidata Phone, Red",Technology,Machines
8232,TEC-MA-10004617,"Konica Receipt Printer, Wireless",Technology,Machines
8233,TEC-MA-10002392,"Konica Card Printer, Wireless",Technology,Machines
8234,TEC-MA-10004997,"Konica Receipt Printer, Red",Technology,Machines
8235,TEC-MA-10003280,"Panasonic Receipt Printer, White",Technology,Machines
8236,TEC-MA-10002080,"Epson Printer, Durable",Technology,Machines
8237,TEC-MA-10002614,"Okidata Receipt Printer, Wireless",Technology,Machines
8238,TEC-MA-10003558,"Panasonic Calculator, Durable",Technology,Machines
8239,TEC-EPS-10000053,"Epson Receipt Printer, Red",Technology,Machines
8240,TEC-MA-10000888,"Okidata Phone, White",Technology,Machines
8241,TEC-MA-10004929,"Panasonic Printer, White",Technology,Machines
8242,TEC-MA-10001261,"Konica Printer, Wireless",Technology,Machines
8243,TEC-MA-10004502,"Epson Inkjet, Wireless",Technology,Machines
8244,TEC-MA-10004603,"Okidata Printer, Durable",Technology,Machines
8245,TEC-MA-10004587,"Konica Inkjet, White",Technology,Machines
8246,TEC-MA-10002844,"Konica Calculator, Durable",Technology,Machines
8247,TEC-MA-10002316,"Konica Printer, Durable",Technology,Machines
8248,TEC-MA-10001302,"Panasonic Calculator, Durable",Technology,Machines
8249,TEC-MA-10001777,"Okidata Printer, Red",Technology,Machines
8250,TEC-MA-10004452,"Epson Receipt Printer, Durable",Technology,Machines
8251,TEC-MA-10003326,"Epson Printer, Red",Technology,Machines
8252,TEC-EPS-10002711,"Epson Card Printer, Red",Technology,Machines
8253,TEC-MA-10003314,"Epson Phone, White",Technology,Machines
8254,TEC-MA-10001009,"Panasonic Inkjet, Red",Technology,Machines
8255,TEC-MA-10003986,"Konica Receipt Printer, Wireless",Technology,Machines
8256,TEC-MA-10004655,"Konica Receipt Printer, White",Technology,Machines
8257,TEC-MA-10004236,"StarTech Inkjet, Durable",Technology,Machines
8258,TEC-KON-10004735,"Konica Card Printer, White",Technology,Machines
8259,TEC-MA-10002471,"Epson Phone, Durable",Technology,Machines
8260,TEC-MA-10002952,"StarTech Calculator, White",Technology,Machines
8261,TEC-MA-10003936,"Epson Printer, White",Technology,Machines
8262,TEC-MA-10003856,"Okidata Calculator, Red",Technology,Machines
8263,TEC-MA-10002039,"Panasonic Calculator, Wireless",Technology,Machines
8264,TEC-MA-10001267,"Epson Calculator, Red",Technology,Machines
8265,TEC-MA-10000687,"Konica Calculator, Red",Technology,Machines
8266,TEC-MA-10004323,"Panasonic Phone, White",Technology,Machines
8267,TEC-MA-10001966,"Epson Card Printer, Durable",Technology,Machines
8268,TEC-MA-10000843,"Konica Phone, Red",Technology,Machines
8269,TEC-MA-10003682,"Panasonic Phone, White",Technology,Machines
8270,TEC-EPS-10002523,"Epson Card Printer, White",Technology,Machines
8271,TEC-MA-10002055,"Epson Calculator, Wireless",Technology,Machines
8272,TEC-PAN-10001674,"Panasonic Receipt Printer, White",Technology,Machines
8273,TEC-MA-10004323,"Konica Calculator, Durable",Technology,Machines
8274,TEC-MA-10004298,"Panasonic Calculator, Durable",Technology,Machines
8275,TEC-MA-10003338,"Panasonic Phone, Red",Technology,Machines
8276,TEC-MA-10003349,"Panasonic Calculator, Wireless",Technology,Machines
8277,TEC-MA-10001358,"StarTech Phone, Wireless",Technology,Machines
8278,TEC-MA-10001825,"Epson Calculator, Durable",Technology,Machines
8279,TEC-PAN-10000391,"Panasonic Printer, Red",Technology,Machines
8280,TEC-MA-10002992,"Konica Card Printer, Wireless",Technology,Machines
8281,TEC-MA-10003176,"Panasonic Inkjet, Wireless",Technology,Machines
8282,TEC-OKI-10003770,"Okidata Receipt Printer, Durable",Technology,Machines
8283,TEC-EPS-10002920,"Epson Printer, Red",Technology,Machines
8284,TEC-KON-10004519,"Konica Card Printer, Red",Technology,Machines
8285,TEC-PAN-10000131,"Panasonic Receipt Printer, Red",Technology,Machines
8286,TEC-MA-10003079,"Panasonic Card Printer, Wireless",Technology,Machines
8287,TEC-MA-10000366,"Epson Card Printer, Red",Technology,Machines
8288,TEC-PAN-10001172,"Panasonic Receipt Printer, Durable",Technology,Machines
8289,TEC-PAN-10004279,"Panasonic Phone, Durable",Technology,Machines
8290,TEC-LOG-10002589,"Logitech Memory Card, USB",Technology,Accessories
8291,TEC-BEL-10002178,"Belkin Flash Drive, Programmable",Technology,Accessories
8292,TEC-AC-10001364,"Logitech Numeric Keypad, Programmable",Technology,Accessories
8293,TEC-AC-10000053,"SanDisk Router, USB",Technology,Accessories
8294,TEC-AC-10000284,"Belkin Flash Drive, Bluetooth",Technology,Accessories
8295,TEC-AC-10000639,"Belkin Router, Bluetooth",Technology,Accessories
8296,TEC-AC-10002170,"Enermax Numeric Keypad, USB",Technology,Accessories
8297,TEC-AC-10001407,"Belkin Mouse, Erganomic",Technology,Accessories
8298,TEC-AC-10000152,"Logitech Flash Drive, Erganomic",Technology,Accessories
8299,TEC-AC-10003753,"SanDisk Router, Programmable",Technology,Accessories
8300,TEC-AC-10002543,"Enermax Mouse, Bluetooth",Technology,Accessories
8301,TEC-AC-10002122,"Belkin Keyboard, Erganomic",Technology,Accessories
8302,TEC-AC-10004571,"Logitech Router, Programmable",Technology,Accessories
8303,TEC-AC-10002482,"Logitech Mouse, Erganomic",Technology,Accessories
8304,TEC-LOG-10002431,"Logitech Numeric Keypad, Bluetooth",Technology,Accessories
8305,TEC-AC-10000499,"Memorex Memory Card, USB",Technology,Accessories
8306,TEC-AC-10001876,"Logitech Memory Card, USB",Technology,Accessories
8307,TEC-AC-10001907,"SanDisk Flash Drive, Bluetooth",Technology,Accessories
8308,TEC-AC-10003334,"SanDisk Keyboard, Bluetooth",Technology,Accessories
8309,TEC-AC-10004478,"SanDisk Numeric Keypad, Bluetooth",Technology,Accessories
8310,TEC-AC-10002522,"Memorex Router, Erganomic",Technology,Accessories
8311,TEC-AC-10004188,"Belkin Keyboard, USB",Technology,Accessories
8312,TEC-AC-10001664,"SanDisk Keyboard, USB",Technology,Accessories
8313,TEC-AC-10003989,"Enermax Numeric Keypad, Bluetooth",Technology,Accessories
8314,TEC-AC-10004791,"Belkin Keyboard, USB",Technology,Accessories
8315,TEC-AC-10001720,"Enermax Memory Card, Bluetooth",Technology,Accessories
8316,TEC-AC-10002263,"SanDisk Memory Card, Bluetooth",Technology,Accessories
8317,TEC-AC-10000957,"Logitech Memory Card, Bluetooth",Technology,Accessories
8318,TEC-AC-10003413,"Logitech Router, Programmable",Technology,Accessories
8319,TEC-AC-10003681,"SanDisk Mouse, Erganomic",Technology,Accessories
8320,TEC-AC-10001745,"Memorex Flash Drive, Programmable",Technology,Accessories
8321,TEC-AC-10001312,"Logitech Numeric Keypad, Erganomic",Technology,Accessories
8322,TEC-AC-10001756,"Memorex Numeric Keypad, USB",Technology,Accessories
8323,TEC-BEL-10002678,"Belkin Memory Card, Erganomic",Technology,Accessories
8324,TEC-AC-10003711,"Memorex Mouse, Erganomic",Technology,Accessories
8325,TEC-AC-10002844,"SanDisk Flash Drive, USB",Technology,Accessories
8326,TEC-AC-10000887,"Enermax Flash Drive, Bluetooth",Technology,Accessories
8327,TEC-AC-10003180,"Belkin Router, USB",Technology,Accessories
8328,TEC-AC-10001949,"Enermax Router, Bluetooth",Technology,Accessories
8329,TEC-AC-10001047,"SanDisk Router, Erganomic",Technology,Accessories
8330,TEC-AC-10001500,"Logitech Memory Card, Erganomic",Technology,Accessories
8331,TEC-MEM-10002005,"Memorex Router, Erganomic",Technology,Accessories
8332,TEC-BEL-10004386,"Belkin Numeric Keypad, Bluetooth",Technology,Accessories
8333,TEC-ENE-10000235,"Enermax Mouse, Programmable",Technology,Accessories
8334,TEC-AC-10000420,"Belkin Router, USB",Technology,Accessories
8335,TEC-AC-10000642,"Logitech Flash Drive, Bluetooth",Technology,Accessories
8336,TEC-AC-10001705,"Logitech Keyboard, Bluetooth",Technology,Accessories
8337,TEC-AC-10003063,"Memorex Memory Card, Programmable",Technology,Accessories
8338,TEC-AC-10004773,"Memorex Flash Drive, Bluetooth",Technology,Accessories
8339,TEC-AC-10003611,"Memorex Mouse, USB",Technology,Accessories
8340,TEC-AC-10001791,"Memorex Mouse, Programmable",Technology,Accessories
8341,TEC-LOG-10001871,"Logitech Router, USB",Technology,Accessories
8342,TEC-AC-10003947,"SanDisk Keyboard, Bluetooth",Technology,Accessories
8343,TEC-AC-10004811,"Memorex Flash Drive, USB",Technology,Accessories
8344,TEC-AC-10002348,"Enermax Memory Card, USB",Technology,Accessories
8345,TEC-AC-10003889,"Enermax Mouse, USB",Technology,Accessories
8346,TEC-AC-10001600,"Belkin Numeric Keypad, Bluetooth",Technology,Accessories
8347,TEC-AC-10004713,"Logitech Mouse, Erganomic",Technology,Accessories
8348,TEC-AC-10002914,"Memorex Router, Programmable",Technology,Accessories
8349,TEC-BEL-10001689,"Belkin Router, Programmable",Technology,Accessories
8350,TEC-ENE-10004052,"Enermax Flash Drive, Erganomic",Technology,Accessories
8351,TEC-AC-10000657,"Enermax Memory Card, Bluetooth",Technology,Accessories
8352,TEC-AC-10002295,"Logitech Flash Drive, Bluetooth",Technology,Accessories
8353,TEC-MEM-10002883,"Memorex Memory Card, Erganomic",Technology,Accessories
8354,TEC-AC-10001611,"Memorex Numeric Keypad, Bluetooth",Technology,Accessories
8355,TEC-AC-10000519,"Belkin Keyboard, Programmable",Technology,Accessories
8356,TEC-AC-10000510,"SanDisk Flash Drive, Bluetooth",Technology,Accessories
8357,TEC-AC-10003417,"SanDisk Memory Card, Programmable",Technology,Accessories
8358,TEC-AC-10002015,"Logitech Router, Programmable",Technology,Accessories
8359,TEC-AC-10000474,"Logitech Flash Drive, USB",Technology,Accessories
8360,TEC-AC-10000588,"SanDisk Flash Drive, Bluetooth",Technology,Accessories
8361,TEC-AC-10003659,"Memorex Memory Card, Programmable",Technology,Accessories
8362,TEC-LOG-10001434,"Logitech Keyboard, USB",Technology,Accessories
8363,TEC-AC-10003626,"Enermax Numeric Keypad, Bluetooth",Technology,Accessories
8364,TEC-AC-10003276,"Enermax Router, USB",Technology,Accessories
8365,FUR-FU-10002111,"Master Caster Door Stop, Large Brown",Furniture,Furnishings
8366,TEC-AC-10004877,Imation 30456 USB Flash Drive 8GB,Technology,Accessories
8367,TEC-AC-10003399,Memorex Mini Travel Drive 64 GB USB 2.0 Flash Drive,Technology,Accessories
8368,FUR-FU-10000246,Aluminum Document Frame,Furniture,Furnishings
8369,FUR-FU-10002685,"Executive Impressions 13-1/2"" Indoor/Outdoor Wall Clock",Furniture,Furnishings
8370,TEC-AC-10002006,Memorex Micro Travel Drive 16 GB,Technology,Accessories
8371,FUR-FU-10004018,Tensor Computer Mounted Lamp,Furniture,Furnishings
8372,TEC-AC-10004814,Logitech Illuminated Ultrathin Keyboard with Backlighting,Technology,Accessories
8373,TEC-AC-10001635,KeyTronic KT400U2 - Keyboard - Black,Technology,Accessories
8374,FUR-BO-10004357,O'Sullivan Living Dimensions 3-Shelf Bookcases,Furniture,Bookcases
8375,FUR-FU-10003192,Luxo Adjustable Task Clamp Lamp,Furniture,Furnishings
8376,FUR-TA-10003008,"Lesro Round Back Collection Coffee Table, End Table",Furniture,Tables
8377,FUR-TA-10000577,Bretford CR4500 Series Slim Rectangular Table,Furniture,Tables
8378,FUR-FU-10004090,"Executive Impressions 14"" Contract Wall Clock",Furniture,Furnishings
8379,FUR-FU-10000794,"Eldon Stackable Tray, Side-Load, Legal, Smoke",Furniture,Furnishings
8380,FUR-BO-10002598,"Hon Metal Bookcases, Putty",Furniture,Bookcases
8381,FUR-FU-10002813,"DAX Contemporary Wood Frame with Silver Metal Mat, Desktop, 11 x 14 Size",Furniture,Furnishings
8382,TEC-AC-10001013,Logitech ClearChat Comfort/USB Headset H390,Technology,Accessories
8383,FUR-TA-10003392,Global Adaptabilities Conference Tables,Furniture,Tables
8384,TEC-CO-10000971,Hewlett Packard 310 Color Digital Copier,Technology,Copiers
8385,FUR-TA-10003473,Bretford Rectangular Conference Table Tops,Furniture,Tables
8386,TEC-CO-10003236,Canon Image Class D660 Copier,Technology,Copiers
8387,TEC-AC-10004001,Logitech Wireless Headset H600 Over-The-Head Design,Technology,Accessories
8388,FUR-FU-10004460,"Howard Miller 12"" Round Wall Clock",Furniture,Furnishings
8389,FUR-FU-10004963,"Eldon 400 Class Desk Accessories, Black Carbon",Furniture,Furnishings
8390,FUR-FU-10003708,"Tenex Traditional Chairmats for Medium Pile Carpet, Standard Lip, 36"" x 48""",Furniture,Furnishings
8391,FUR-FU-10002396,"DAX Copper Panel Document Frame, 5 x 7 Size",Furniture,Furnishings
8392,TEC-AC-10001109,Logitech Trackman Marble Mouse,Technology,Accessories
8393,FUR-BO-10003404,"Global Adaptabilites Bookcase, Cherry/Storm Gray Finish",Furniture,Bookcases
8394,TEC-AC-10004992,Kingston Digital DataTraveler 64GB USB 2.0,Technology,Accessories
8395,FUR-FU-10003247,36X48 HARDFLOOR CHAIRMAT,Furniture,Furnishings
8396,TEC-AC-10002842,WD My Passport Ultra 2TB Portable External Hard Drive,Technology,Accessories
8397,FUR-FU-10000629,9-3/4 Diameter Round Wall Clock,Furniture,Furnishings
8398,TEC-AC-10003911,NETGEAR AC1750 Dual Band Gigabit Smart WiFi Router,Technology,Accessories
8399,FUR-TA-10004256,Bretford “Just In Time” Height-Adjustable Multi-Task Work Tables,Furniture,Tables
8400,TEC-AC-10000710,Maxell DVD-RAM Discs,Technology,Accessories
8401,TEC-PH-10000376,Square Credit Card Reader,Technology,Phones
8402,FUR-CH-10004675,"Lifetime Advantage Folding Chairs, 4/Carton",Furniture,Chairs
8403,TEC-MA-10000423,Texas Instruments TI-34 Scientific Calculator,Technology,Machines
8404,TEC-PH-10004539,Wireless Extenders zBoost YX545 SOHO Signal Booster,Technology,Phones
8405,TEC-PH-10002923,"Logitech B530 USB Headset - headset - Full size, Binaural",Technology,Phones
8406,FUR-CH-10003379,Global Commerce Series High-Back Swivel/Tilt Chairs,Furniture,Chairs
8407,TEC-PH-10003885,Cisco SPA508G,Technology,Phones
8408,TEC-PH-10000895,Polycom VVX 310 VoIP phone,Technology,Phones
8409,TEC-AC-10002473,Maxell 4.7GB DVD-R,Technology,Accessories
8410,FUR-CH-10002335,Hon GuestStacker Chair,Furniture,Chairs
8411,TEC-AC-10002800,Plantronics Audio 478 Stereo USB Headset,Technology,Accessories
8412,FUR-CH-10003761,Global Italian Leather Office Chair,Furniture,Chairs
8413,FUR-BO-10001337,O'Sullivan Living Dimensions 2-Shelf Bookcases,Furniture,Bookcases
8414,TEC-AC-10003628,Logitech 910-002974 M325 Wireless Mouse for Web Scrolling,Technology,Accessories
8415,FUR-CH-10002880,"Global High-Back Leather Tilter, Burgundy",Furniture,Chairs
8416,FUR-CH-10000749,Office Star - Ergonomic Mid Back Chair with 2-Way Adjustable Arms,Furniture,Chairs
8417,TEC-AC-10000865,WD My Passport Ultra 500GB Portable External Hard Drive,Technology,Accessories
8418,FUR-CH-10002320,Hon Pagoda Stacking Chairs,Furniture,Chairs
8419,TEC-PH-10001079,Polycom SoundPoint Pro SE-225 Corded phone,Technology,Phones
8420,FUR-BO-10000362,Sauder Inglewood Library Bookcases,Furniture,Bookcases
8421,TEC-PH-10004434,Cisco IP Phone 7961G VoIP phone - Dark gray,Technology,Phones
8422,FUR-CH-10004754,"Global Stack Chair with Arms, Black",Furniture,Chairs
8423,TEC-AC-10000358,Imation Secure Drive + Hardware Encrypted USB flash drive - 16 GB,Technology,Accessories
8424,FUR-CH-10004218,"Global Fabric Manager's Chair, Dark Gray",Furniture,Chairs
8425,TEC-AC-10002049,Plantronics Savi W720 Multi-Device Wireless Headset System,Technology,Accessories
8426,FUR-CH-10001708,Office Star - Contemporary Swivel Chair with Padded Adjustable Arms and Flex Back,Furniture,Chairs
8427,TEC-PH-10003800,i.Sound Portable Power - 8000 mAh,Technology,Phones
8428,TEC-AC-10004469,Microsoft Sculpt Comfort Mouse,Technology,Accessories
8429,TEC-PH-10001619,LG G3,Technology,Phones
8430,FUR-CH-10000309,Global Comet Stacking Arm Chair,Furniture,Chairs
8431,TEC-MA-10004212,Cisco SPA525G2 5-Line IP Phone,Technology,Machines
8432,TEC-PH-10001300,"iKross Bluetooth Portable Keyboard + Cell Phone Stand Holder + Brush for Apple iPhone 5S 5C 5, 4S 4",Technology,Phones
8433,TEC-AC-10003657,Lenovo 17-Key USB Numeric Keypad,Technology,Accessories
8434,FUR-BO-10002824,Bush Mission Pointe Library,Furniture,Bookcases
8435,TEC-MA-10002428,Fellowes Powershred HS-440 4-Sheet High Security Shredder,Technology,Machines
8436,TEC-PH-10001817,Wilson Electronics DB Pro Signal Booster,Technology,Phones
8437,FUR-CH-10004853,"Global Manager's Adjustable Task Chair, Storm",Furniture,Chairs
8438,FUR-CH-10001973,Office Star Flex Back Scooter Chair with White Frame,Furniture,Chairs
8439,TEC-AC-10004571,Logitech G700s Rechargeable Gaming Mouse,Technology,Accessories
8440,TEC-PH-10001527,Plantronics MX500i Earset,Technology,Phones
8441,FUR-CH-10003817,"Global Value Steno Chair, Gray",Furniture,Chairs
8442,TEC-PH-10004959,Classic Ivory Antique Telephone ZL1810,Technology,Phones
8443,FUR-BO-10004695,O'Sullivan 2-Door Barrister Bookcase in Odessa Pine,Furniture,Bookcases
8444,TEC-PH-10000730,Samsung Galaxy S4 Active,Technology,Phones
8445,FUR-CH-10000785,Global Ergonomic Managers Chair,Furniture,Chairs
8446,TEC-PH-10002415,Polycom VoiceStation 500 Conference phone,Technology,Phones
8447,TEC-PH-10002726,netTALK DUO VoIP Telephone Service,Technology,Phones
8448,TEC-PH-10002496,Cisco SPA301,Technology,Phones
8449,TEC-AC-10000892,NETGEAR N750 Dual Band Wi-Fi Gigabit Router,Technology,Accessories
8450,FUR-CH-10002439,"Iceberg Nesting Folding Chair, 19w x 6d x 43h",Furniture,Chairs
8451,TEC-PH-10004042,ClearOne Communications CHAT 70 OC Speaker Phone,Technology,Phones
8452,FUR-CH-10000595,Safco Contoured Stacking Chairs,Furniture,Chairs
8453,FUR-BO-10004834,"Riverside Palais Royal Lawyers Bookcase, Royale Cherry Finish",Furniture,Bookcases
8454,FUR-BO-10004467,Bestar Classic Bookcase,Furniture,Bookcases
8455,TEC-PH-10003691,BlackBerry Q10,Technology,Phones
8456,TEC-PH-10001819,Innergie mMini Combo Duo USB Travel Charging Kit,Technology,Phones
8457,TEC-PH-10003012,Nortel Meridian M3904 Professional Digital phone,Technology,Phones
8458,FUR-BO-10002916,"Rush Hierlooms Collection 1"" Thick Stackable Bookcases",Furniture,Bookcases
8459,TEC-AC-10000397,"Perixx PERIBOARD-512B, Ergonomic Split Keyboard",Technology,Accessories
8460,TEC-PH-10002350,Apple EarPods with Remote and Mic,Technology,Phones
8461,TEC-AC-10003095,Logitech G35 7.1-Channel Surround Sound Headset,Technology,Accessories
8462,TEC-PH-10004667,Cisco 8x8 Inc. 6753i IP Business Phone System,Technology,Phones
8463,TEC-AC-10004145,Logitech diNovo Edge Keyboard,Technology,Accessories
8464,FUR-BO-10004709,"Bush Westfield Collection Bookcases, Medium Cherry Finish",Furniture,Bookcases
8465,TEC-PH-10000455,GE 30522EE2,Technology,Phones
8466,TEC-AC-10000844,Logitech Gaming G510s - Keyboard,Technology,Accessories
8467,TEC-AC-10002049,Logitech G19 Programmable Gaming Keyboard,Technology,Accessories
8468,TEC-AC-10002926,Logitech Wireless Marathon Mouse M705,Technology,Accessories
8469,TEC-PH-10002890,AT&T 17929 Lendline Telephone,Technology,Phones
8470,FUR-CH-10001545,Hon Comfortask Task/Swivel Chairs,Furniture,Chairs
8471,TEC-PH-10001557,Pyle PMP37LED,Technology,Phones
8472,TEC-AC-10002567,Logitech G602 Wireless Gaming Mouse,Technology,Accessories
8473,FUR-CH-10002647,"Situations Contoured Folding Chairs, 4/Set",Furniture,Chairs
8474,TEC-PH-10000673,Plantronics Voyager Pro HD - Bluetooth Headset,Technology,Phones
8475,TEC-PH-10002555,Nortel Meridian M5316 Digital phone,Technology,Phones
8476,TEC-MA-10001047,"3D Systems Cube Printer, 2nd Generation, Magenta",Technology,Machines
8477,TEC-AC-10002399,SanDisk Cruzer 32 GB USB Flash Drive,Technology,Accessories
8478,TEC-PH-10004614,AT&T 841000 Phone,Technology,Phones
8479,TEC-PH-10001336,Digium D40 VoIP phone,Technology,Phones
8480,TEC-PH-10003875,KLD Oscar II Style Snap-on Ultra Thin Side Flip Synthetic Leather Cover Case for HTC One HTC M7,Technology,Phones
8481,TEC-AC-10002167,Imation 8gb Micro Traveldrive Usb 2.0 Flash Drive,Technology,Accessories
8482,TEC-PH-10003988,"LF Elite 3D Dazzle Designer Hard Case Cover, Lf Stylus Pen and Wiper For Apple Iphone 5c Mini Lite",Technology,Phones
8483,FUR-CH-10003535,"Global Armless Task Chair, Royal Blue",Furniture,Chairs
8484,TEC-PH-10001760,Bose SoundLink Bluetooth Speaker,Technology,Phones
8485,TEC-PH-10000011,PureGear Roll-On Screen Protector,Technology,Phones
8486,FUR-BO-10003159,"Sauder Camden County Collection Libraries, Planked Cherry Finish",Furniture,Bookcases
8487,FUR-BO-10003450,"Bush Westfield Collection Bookcases, Dark Cherry Finish",Furniture,Bookcases
8488,TEC-PH-10001944,Wi-Ex zBoost YX540 Cellular Phone Signal Booster,Technology,Phones
8489,TEC-CO-10001449,Hewlett Packard LaserJet 3310 Copier,Technology,Copiers
8490,FUR-BO-10002545,"Atlantic Metals Mobile 3-Shelf Bookcases, Custom Colors",Furniture,Bookcases
8491,TEC-AC-10004510,Logitech Desktop MK120 Mouse and keyboard Combo,Technology,Accessories
8492,TEC-PH-10001644,"BlueLounge Milo Smartphone Stand, White/Metallic",Technology,Phones
8493,TEC-MA-10004255,Konica Minolta magicolor 1690MF Multifunction Printer,Technology,Machines
8494,TEC-AC-10003447,Micropad Numeric Keypads,Technology,Accessories
8495,FUR-CH-10004997,Hon Every-Day Series Multi-Task Chairs,Furniture,Chairs
8496,FUR-CH-10001270,Harbour Creations Steel Folding Chair,Furniture,Chairs
8497,TEC-PH-10003931,JBL Micro Wireless Portable Bluetooth Speaker,Technology,Phones
8498,TEC-PH-10000193,Jensen SMPS-640 - speaker phone,Technology,Phones
8499,TEC-PH-10000441,VTech DS6151,Technology,Phones
8500,FUR-BO-10002853,O'Sullivan 5-Shelf Heavy-Duty Bookcases,Furniture,Bookcases
8501,TEC-CO-10002095,Hewlett Packard 610 Color Digital Copier / Printer,Technology,Copiers
8502,FUR-CH-10003968,Novimex Turbo Task Chair,Furniture,Chairs
8503,TEC-PH-10000923,"Belkin SportFit Armband For iPhone 5s/5c, Fuchsia",Technology,Phones
8504,FUR-BO-10003660,"Bush Cubix Collection Bookcases, Fully Assembled",Furniture,Bookcases
8505,TEC-AC-10001772,Memorex Mini Travel Drive 16 GB USB 2.0 Flash Drive,Technology,Accessories
8506,TEC-PH-10004700,PowerGen Dual USB Car Charger,Technology,Phones
8507,TEC-AC-10004855,V7 USB Numeric Keypad,Technology,Accessories
8508,TEC-AC-10004859,"Maxell Pro 80 Minute CD-R, 10/Pack",Technology,Accessories
8509,FUR-CH-10003298,"Office Star - Contemporary Task Swivel chair with Loop Arms, Charcoal",Furniture,Chairs
8510,TEC-AC-10003280,Belkin F8E887 USB Wired Ergonomic Keyboard,Technology,Accessories
8511,TEC-AC-10002402,Razer Kraken PRO Over Ear PC and Music Headset,Technology,Accessories
8512,TEC-AC-10003590,"TRENDnet 56K USB 2.0 Phone, Internet and Fax Modem",Technology,Accessories
8513,TEC-AC-10004353,Hypercom P1300 Pinpad,Technology,Accessories
8514,TEC-PH-10003589,invisibleSHIELD by ZAGG Smudge-Free Screen Protector,Technology,Phones
8515,TEC-PH-10003601,"Ativa D5772 2-Line 5.8GHz Digital Expandable Corded/Cordless Phone System with Answering & Caller ID/Call Waiting, Black/Silver",Technology,Phones
8516,FUR-CH-10002331,Hon 4700 Series Mobuis Mid-Back Task Chairs with Adjustable Arms,Furniture,Chairs
8517,TEC-AC-10003614,"Verbatim 25 GB 6x Blu-ray Single Layer Recordable Disc, 10/Pack",Technology,Accessories
8518,TEC-PH-10000439,GE DSL Phone Line Filter,Technology,Phones
8519,FUR-CH-10003606,SAFCO Folding Chair Trolley,Furniture,Chairs
8520,TEC-PH-10002115,Plantronics 81402,Technology,Phones
8521,TEC-AC-10001090,Micro Innovations Wireless Classic Keyboard with Mouse,Technology,Accessories
8522,TEC-MA-10004626,Lexmark 20R1285 X6650 Wireless All-in-One Printer,Technology,Machines
8523,TEC-PH-10004977,GE 30524EE4,Technology,Phones
8524,TEC-PH-10000984,Panasonic KX-TG9471B,Technology,Phones
8525,FUR-CH-10000422,Global Highback Leather Tilter in Burgundy,Furniture,Chairs
8526,TEC-AC-10004666,Maxell iVDR EX 500GB Cartridge,Technology,Accessories
8527,TEC-CO-10004722,Canon imageCLASS 2200 Advanced Copier,Technology,Copiers
8528,FUR-CH-10000155,Global Comet Stacking Armless Chair,Furniture,Chairs
8529,FUR-CH-10004860,Global Low Back Tilter Chair,Furniture,Chairs
8530,TEC-CO-10002313,Canon PC1080F Personal Copier,Technology,Copiers
8531,TEC-PH-10002103,Jabra SPEAK 410,Technology,Phones
8532,TEC-AC-10003237,Memorex Micro Travel Drive 4 GB,Technology,Accessories
8533,FUR-FU-10000010,"DAX Value U-Channel Document Frames, Easel Back",Furniture,Furnishings
8534,FUR-FU-10001473,DAX Wood Document Frame,Furniture,Furnishings
8535,FUR-FU-10000076,24-Hour Round Wall Clock,Furniture,Furnishings
8536,FUR-FU-10001731,Acrylic Self-Standing Desk Frames,Furniture,Furnishings
8537,FUR-FU-10001986,"Dana Fluorescent Magnifying Lamp, White, 36""",Furniture,Furnishings
8538,FUR-FU-10004952,"C-Line Cubicle Keepers Polyproplyene Holder w/Velcro Back, 8-1/2x11, 25/Bx",Furniture,Furnishings
8539,FUR-FU-10001588,"Deflect-o SuperTray Unbreakable Stackable Tray, Letter, Black",Furniture,Furnishings
8540,FUR-FU-10002364,"Eldon Expressions Wood Desk Accessories, Oak",Furniture,Furnishings
8541,FUR-FU-10000023,Eldon Wave Desk Accessories,Furniture,Furnishings
8542,FUR-FU-10002379,Eldon Econocleat Chair Mats for Low Pile Carpets,Furniture,Furnishings
8543,FUR-FU-10001095,DAX Black Cherry Wood-Tone Poster Frame,Furniture,Furnishings
8544,FUR-FU-10003878,"Linden 10"" Round Wall Clock, Black",Furniture,Furnishings
8545,FUR-FU-10002268,Ultra Door Push Plate,Furniture,Furnishings
8546,FUR-FU-10003849,"DAX Metal Frame, Desktop, Stepped-Edge",Furniture,Furnishings
8547,FUR-FU-10002501,Nu-Dell Executive Frame,Furniture,Furnishings
8548,FUR-FU-10002445,"DAX Two-Tone Rosewood/Black Document Frame, Desktop, 5 x 7",Furniture,Furnishings
8549,FUR-FU-10002960,"Eldon 200 Class Desk Accessories, Burgundy",Furniture,Furnishings
8550,FUR-FU-10001025,"Eldon Imàge Series Desk Accessories, Clear",Furniture,Furnishings
8551,FUR-FU-10001847,Eldon Image Series Black Desk Accessories,Furniture,Furnishings
8552,FUR-FU-10001935,3M Hangers With Command Adhesive,Furniture,Furnishings
8553,FUR-FU-10002918,Eldon ClusterMat Chair Mat with Cordless Antistatic Protection,Furniture,Furnishings
8554,FUR-FU-10000308,Deflect-o Glass Clear Studded Chair Mats,Furniture,Furnishings
8555,FUR-FU-10002107,Eldon Pizzaz Desk Accessories,Furniture,Furnishings
8556,FUR-FU-10004006,"Deflect-o DuraMat Lighweight, Studded, Beveled Mat for Low Pile Carpeting",Furniture,Furnishings
8557,FUR-FU-10004017,"Executive Impressions 13"" Chairman Wall Clock",Furniture,Furnishings
8558,FUR-FU-10002506,"Tensor ""Hersey Kiss"" Styled Floor Lamp",Furniture,Furnishings
8559,FUR-FU-10004017,"Tenex Contemporary Contur Chairmats for Low and Medium Pile Carpet, Computer, 39"" x 49""",Furniture,Furnishings
8560,FUR-FU-10003274,Regeneration Desk Collection,Furniture,Furnishings
8561,FUR-FU-10004306,Electrix Halogen Magnifier Lamp,Furniture,Furnishings
8562,FUR-FU-10000550,Stacking Trays by OIC,Furniture,Furnishings
8563,FUR-FU-10001488,"Tenex 46"" x 60"" Computer Anti-Static Chairmat, Rectangular Shaped",Furniture,Furnishings
8564,FUR-FU-10003975,Eldon Advantage Chair Mats for Low to Medium Pile Carpets,Furniture,Furnishings
8565,FUR-FU-10002157,Artistic Insta-Plaque,Furniture,Furnishings
8566,FUR-FU-10002597,"C-Line Magnetic Cubicle Keepers, Clear Polypropylene",Furniture,Furnishings
8567,FUR-FU-10004864,"Howard Miller 14-1/2"" Diameter Chrome Round Wall Clock",Furniture,Furnishings
8568,FUR-FU-10001861,"Floodlight Indoor Halogen Bulbs, 1 Bulb per Pack, 60 Watts",Furniture,Furnishings
8569,FUR-FU-10000965,"Howard Miller 11-1/2"" Diameter Ridgewood Wall Clock",Furniture,Furnishings
8570,FUR-FU-10001889,Ultra Door Pull Handle,Furniture,Furnishings
8571,FUR-FU-10002045,"Executive Impressions 14""",Furniture,Furnishings
8572,FUR-FU-10004864,Eldon 500 Class Desk Accessories,Furniture,Furnishings
8573,FUR-FU-10002671,Electrix 20W Halogen Replacement Bulb for Zoom-In Desk Lamp,Furniture,Furnishings
8574,FUR-FU-10003142,"Master Big Foot Doorstop, Beige",Furniture,Furnishings
8575,FUR-FU-10004973,Flat Face Poster Frame,Furniture,Furnishings
8576,FUR-FU-10001379,"Executive Impressions 16-1/2"" Circular Wall Clock",Furniture,Furnishings
8577,FUR-FU-10000719,"DAX Cubicle Frames, 8-1/2 x 11",Furniture,Furnishings
8578,FUR-FU-10001185,"Advantus Employee of the Month Certificate Frame, 11 x 13-1/2",Furniture,Furnishings
8579,FUR-FU-10003976,"DAX Executive Solid Wood Document Frame, Desktop or Hang, Mahogany, 5 x 7",Furniture,Furnishings
8580,FUR-FU-10004188,Luxo Professional Combination Clamp-On Lamps,Furniture,Furnishings
8581,FUR-FU-10001057,Tensor Track Tree Floor Lamp,Furniture,Furnishings
8582,FUR-FU-10004960,"Seth Thomas 12"" Clock w/ Goldtone Case",Furniture,Furnishings
8583,FUR-FU-10004053,DAX Two-Tone Silver Metal Document Frame,Furniture,Furnishings
8584,FUR-FU-10004712,"Westinghouse Mesh Shade Clip-On Gooseneck Lamp, Black",Furniture,Furnishings
8585,FUR-FU-10000277,Deflect-o DuraMat Antistatic Studded Beveled Mat for Medium Pile Carpeting,Furniture,Furnishings
8586,FUR-FU-10003535,Howard Miller Distant Time Traveler Alarm Clock,Furniture,Furnishings
8587,FUR-FU-10004270,"Eldon Image Series Desk Accessories, Burgundy",Furniture,Furnishings
8588,FUR-FU-10000576,Luxo Professional Fluorescent Magnifier Lamp with Clamp-Mount Base,Furniture,Furnishings
8589,FUR-BO-10004409,"Safco Value Mate Series Steel Bookcases, Baked Enamel Finish on Steel, Gray",Furniture,Bookcases
8590,TEC-AC-10001432,Enermax Aurora Lite Keyboard,Technology,Accessories
8591,FUR-CH-10001146,"Global Value Mid-Back Manager's Chair, Gray",Furniture,Chairs
8592,FUR-FU-10002298,"Rubbermaid ClusterMat Chairmats, Mat Size- 66"" x 60"", Lip 20"" x 11"" -90 Degree Angle",Furniture,Furnishings
8593,FUR-FU-10000221,"Master Caster Door Stop, Brown",Furniture,Furnishings
8594,TEC-AC-10001284,Enermax Briskie RF Wireless Keyboard and Mouse Combo,Technology,Accessories
8595,FUR-TA-10003954,Hon 94000 Series Round Tables,Furniture,Tables
8596,FUR-CH-10004063,Global Deluxe High-Back Manager's Chair,Furniture,Chairs
8597,FUR-CH-10000225,"Global Geo Office Task Chair, Gray",Furniture,Chairs
8598,TEC-AC-10003709,Maxell 4.7GB DVD-R 5/Pack,Technology,Accessories
8599,TEC-PH-10004100,Griffin GC17055 Auxiliary Audio Cable,Technology,Phones
8600,FUR-FU-10004665,"3M Polarizing Task Lamp with Clamp Arm, Light Gray",Furniture,Furnishings
8601,FUR-FU-10004270,"Executive Impressions 13"" Clairmont Wall Clock",Furniture,Furnishings
8602,TEC-PH-10000215,Plantronics Cordless Phone Headset with In-line Volume - M214C,Technology,Phones
8603,FUR-CH-10004698,"Padded Folding Chairs, Black, 4/Carton",Furniture,Chairs
8604,FUR-TA-10001039,KI Adjustable-Height Table,Furniture,Tables
8605,FUR-FU-10003464,"Seth Thomas 8 1/2"" Cubicle Clock",Furniture,Furnishings
8606,TEC-AC-10001542,SanDisk Cruzer 16 GB USB Flash Drive,Technology,Accessories
8607,TEC-AC-10003433,Maxell 4.7GB DVD+R 5/Pack,Technology,Accessories
8608,TEC-PH-10000038,Jawbone MINI JAMBOX Wireless Bluetooth Speaker,Technology,Phones
8609,FUR-CH-10004289,Global Super Steno Chair,Furniture,Chairs
8610,FUR-CH-10001482,Office Star - Mesh Screen back chair with Vinyl seat,Furniture,Chairs
8611,FUR-CH-10001854,Office Star - Professional Matrix Back Chair with 2-to-1 Synchro Tilt and Mesh Fabric Seat,Furniture,Chairs
8612,TEC-PH-10003811,Jabra Supreme Plus Driver Edition Headset,Technology,Phones
8613,TEC-AC-10001267,Imation 32GB Pocket Pro USB 3.0 Flash Drive - 32 GB - Black - 1 P ...,Technology,Accessories
8614,TEC-AC-10000290,Sabrent 4-Port USB 2.0 Hub,Technology,Accessories
8615,FUR-FU-10003799,"Seth Thomas 13 1/2"" Wall Clock",Furniture,Furnishings
8616,FUR-FU-10003347,Coloredge Poster Frame,Furniture,Furnishings
8617,TEC-AC-10004901,Kensington SlimBlade Notebook Wireless Mouse with Nano Receiver,Technology,Accessories
8618,TEC-AC-10004568,Maxell LTO Ultrium - 800 GB,Technology,Accessories
8619,TEC-PH-10000560,Samsung Galaxy S III - 16GB - pebble blue (T-Mobile),Technology,Phones
8620,TEC-PH-10001552,I Need's 3d Hello Kitty Hybrid Silicone Case Cover for HTC One X 4g with 3d Hello Kitty Stylus Pen Green/pink,Technology,Phones
8621,FUR-CH-10002084,Hon Mobius Operator's Chair,Furniture,Chairs
8622,FUR-CH-10003061,"Global Leather Task Chair, Black",Furniture,Chairs
8623,FUR-FU-10001706,Longer-Life Soft White Bulbs,Furniture,Furnishings
8624,FUR-FU-10000723,"Deflect-o EconoMat Studded, No Bevel Mat for Low Pile Carpeting",Furniture,Furnishings
8625,TEC-PH-10004165,Mitel MiVoice 5330e IP Phone,Technology,Phones
8626,TEC-AC-10002253,Imation Bio 8GB USB Flash Drive Imation Corp,Technology,Accessories
8627,FUR-CH-10002304,"Global Stack Chair without Arms, Black",Furniture,Chairs
8628,FUR-FU-10000305,"Tenex V2T-RE Standard Weight Series Chair Mat, 45"" x 53"", Lip 25"" x 12""",Furniture,Furnishings
8629,FUR-BO-10004690,O'Sullivan Cherrywood Estates Traditional Barrister Bookcase,Furniture,Bookcases
8630,FUR-CH-10000015,Hon Multipurpose Stacking Arm Chairs,Furniture,Chairs
8631,TEC-AC-10001314,Case Logic 2.4GHz Wireless Keyboard,Technology,Accessories
8632,TEC-PH-10004120,AT&T 1080 Phone,Technology,Phones
8633,FUR-CH-10000988,Hon Olson Stacker Stools,Furniture,Chairs
8634,TEC-PH-10001750,Samsung Rugby III,Technology,Phones
8635,FUR-TA-10002855,Bevis Round Conference Table Top & Single Column Base,Furniture,Tables
8636,FUR-FU-10004351,Staples,Furniture,Furnishings
8637,TEC-CO-10001571,Sharp 1540cs Digital Laser Copier,Technology,Copiers
8638,TEC-PH-10001536,Spigen Samsung Galaxy S5 Case Wallet,Technology,Phones
8639,FUR-TA-10000688,"Chromcraft Bull-Nose Wood Round Conference Table Top, Wood Base",Furniture,Tables
8640,FUR-TA-10001520,"Lesro Sheffield Collection Coffee Table, End Table, Center Table, Corner Table",Furniture,Tables
8641,FUR-CH-10002073,Hon Olson Stacker Chairs,Furniture,Chairs
8642,TEC-AC-10000990,Imation Bio 2GB USB Flash Drive Imation Corp,Technology,Accessories
8643,TEC-MA-10002930,Ricoh - Ink Collector Unit for GX3000 Series Printers,Technology,Machines
8644,FUR-FU-10003026,"Eldon Regeneration Recycled Desk Accessories, Black",Furniture,Furnishings
8645,TEC-CO-10003763,Canon PC1060 Personal Laser Copier,Technology,Copiers
8646,TEC-PH-10004345,Cisco SPA 502G IP Phone,Technology,Phones
8647,FUR-TA-10000617,"Hon Practical Foundations 30 x 60 Training Table, Light Gray/Charcoal",Furniture,Tables
8648,TEC-PH-10004897,Mediabridge Sport Armband iPhone 5s,Technology,Phones
8649,TEC-PH-10003171,Plantronics Encore H101 Dual Earpieces Headset,Technology,Phones
8650,TEC-AC-10000171,"Verbatim 25 GB 6x Blu-ray Single Layer Recordable Disc, 25/Pack",Technology,Accessories
8651,FUR-FU-10003724,Westinghouse Clip-On Gooseneck Lamps,Furniture,Furnishings
8652,FUR-TA-10001095,Chromcraft Round Conference Tables,Furniture,Tables
8653,TEC-AC-10003832,Logitech P710e Mobile Speakerphone,Technology,Accessories
8654,TEC-PH-10000148,Cyber Acoustics AC-202b Speech Recognition Stereo Headset,Technology,Phones
8655,FUR-CH-10000847,Global Executive Mid-Back Manager's Chair,Furniture,Chairs
8656,FUR-FU-10002088,Nu-Dell Float Frame 11 x 14 1/2,Furniture,Furnishings
8657,FUR-FU-10001037,"DAX Charcoal/Nickel-Tone Document Frame, 5 x 7",Furniture,Furnishings
8658,FUR-TA-10001771,"Bush Cubix Conference Tables, Fully Assembled",Furniture,Tables
8659,TEC-PH-10001305,Panasonic KX TS208W Corded phone,Technology,Phones
8660,FUR-CH-10004626,Office Star Flex Back Scooter Chair with Aluminum Finish Frame,Furniture,Chairs
8661,FUR-FU-10001756,"Eldon Expressions Desk Accessory, Wood Photo Frame, Mahogany",Furniture,Furnishings
8662,TEC-AC-10003116,Memorex Froggy Flash Drive 8 GB,Technology,Accessories
8663,TEC-PH-10002262,LG Electronics Tone+ HBS-730 Bluetooth Headset,Technology,Phones
8664,TEC-AC-10004803,Sony Micro Vault Click 4 GB USB 2.0 Flash Drive,Technology,Accessories
8665,TEC-AC-10000109,Sony Micro Vault Click 16 GB USB 2.0 Flash Drive,Technology,Accessories
8666,TEC-PH-10003505,Geemarc AmpliPOWER60,Technology,Phones
8667,FUR-FU-10003664,"Electrix Architect's Clamp-On Swing Arm Lamp, Black",Furniture,Furnishings
8668,FUR-FU-10000755,Eldon Expressions Mahogany Wood Desk Collection,Furniture,Furnishings
8669,TEC-AC-10001908,Logitech Wireless Headset h800,Technology,Accessories
8670,TEC-AC-10003033,Plantronics CS510 - Over-the-Head monaural Wireless Headset System,Technology,Accessories
8671,TEC-PH-10003442,Samsung Replacement EH64AVFWE Premium Headset,Technology,Phones
8672,TEC-PH-10003072,Panasonic KX-TG9541B DECT 6.0 Digital 2-Line Expandable Cordless Phone With Digital Answering System,Technology,Phones
8673,FUR-BO-10003966,"Sauder Facets Collection Library, Sky Alder Finish",Furniture,Bookcases
8674,TEC-PH-10000562,Samsung Convoy 3,Technology,Phones
8675,FUR-FU-10001085,3M Polarizing Light Filter Sleeves,Furniture,Furnishings
8676,FUR-TA-10001950,Balt Solid Wood Round Tables,Furniture,Tables
8677,FUR-FU-10003096,"Master Giant Foot Doorstop, Safety Yellow",Furniture,Furnishings
8678,TEC-PH-10004536,Avaya 5420 Digital phone,Technology,Phones
8679,TEC-PH-10001580,Logitech Mobile Speakerphone P710e - speaker phone,Technology,Phones
8680,TEC-AC-10004633,"Verbatim 25 GB 6x Blu-ray Single Layer Recordable Disc, 3/Pack",Technology,Accessories
8681,FUR-FU-10001196,DAX Cubicle Frames - 8x10,Furniture,Furnishings
8682,FUR-TA-10004575,Hon 5100 Series Wood Tables,Furniture,Tables
8683,FUR-CH-10000454,"Hon Deluxe Fabric Upholstered Stacking Chairs, Rounded Back",Furniture,Chairs
8684,TEC-PH-10001448,Anker Astro 15000mAh USB Portable Charger,Technology,Phones
8685,TEC-PH-10003555,Motorola HK250 Universal Bluetooth Headset,Technology,Phones
8686,FUR-FU-10000732,Eldon 200 Class Desk Accessories,Furniture,Furnishings
8687,FUR-FU-10000672,"Executive Impressions 10"" Spectator Wall Clock",Furniture,Furnishings
8688,FUR-CH-10001714,"Global Leather & Oak Executive Chair, Burgundy",Furniture,Chairs
8689,FUR-BO-10001608,"Hon Metal Bookcases, Black",Furniture,Bookcases
8690,TEC-AC-10001445,Imation USB 2.0 Swivel Flash Drive USB flash drive - 4 GB - Pink,Technology,Accessories
8691,TEC-PH-10000169,ARKON Windshield Dashboard Air Vent Car Mount Holder,Technology,Phones
8692,FUR-FU-10000206,"GE General Purpose, Extra Long Life, Showcase & Floodlight Incandescent Bulbs",Furniture,Furnishings
8693,FUR-CH-10004495,"Global Leather and Oak Executive Chair, Black",Furniture,Chairs
8694,TEC-PH-10002310,Plantronics Calisto P620-M USB Wireless Speakerphone System,Technology,Phones
8695,FUR-FU-10003981,Eldon Wave Desk Accessories,Furniture,Furnishings
8696,FUR-CH-10003746,Hon 4070 Series Pagoda Round Back Stacking Chairs,Furniture,Chairs
8697,TEC-AC-10001714,Logitech MX Performance Wireless Mouse,Technology,Accessories
8698,FUR-FU-10000293,Eldon Antistatic Chair Mats for Low to Medium Pile Carpets,Furniture,Furnishings
8699,TEC-PH-10002293,Anker 36W 4-Port USB Wall Charger Travel Power Adapter for iPhone 5s 5c 5,Technology,Phones
8700,FUR-CH-10003833,Novimex Fabric Task Chair,Furniture,Chairs
8701,TEC-AC-10000736,Logitech G600 MMO Gaming Mouse,Technology,Accessories
8702,TEC-AC-10002550,"Memorex 25GB 6X Branded Blu-Ray Recordable Disc, 30/Pack",Technology,Accessories
8703,TEC-PH-10003645,Aastra 57i VoIP phone,Technology,Phones
8704,FUR-FU-10003623,"DataProducts Ampli Magnifier Task Lamp, Black,",Furniture,Furnishings
8705,TEC-AC-10002134,Rosewill 107 Normal Keys USB Wired Standard Keyboard,Technology,Accessories
8706,TEC-AC-10002217,Imation Clip USB flash drive - 8 GB,Technology,Accessories
8707,TEC-AC-10003023,Logitech G105 Gaming Keyboard,Technology,Accessories
8708,TEC-PH-10001615,AT&T CL82213,Technology,Phones
8709,TEC-AC-10004659,Imation Secure+ Hardware Encrypted USB 2.0 Flash Drive; 16GB,Technology,Accessories
8710,FUR-CH-10000665,"Global Airflow Leather Mesh Back Chair, Black",Furniture,Chairs
8711,TEC-AC-10002305,KeyTronic E03601U1 - Keyboard - Beige,Technology,Accessories
8712,FUR-TA-10002356,Bevis Boat-Shaped Conference Table,Furniture,Tables
8713,FUR-TA-10003748,Bevis 36 x 72 Conference Tables,Furniture,Tables
8714,TEC-AC-10001998,Logitech LS21 Speaker System - PC Multimedia - 2.1-CH - Wired,Technology,Accessories
8715,FUR-FU-10001290,Executive Impressions Supervisor Wall Clock,Furniture,Furnishings
8716,FUR-CH-10004287,SAFCO Arco Folding Chair,Furniture,Chairs
8717,TEC-PH-10002624,Samsung Galaxy S4 Mini,Technology,Phones
8718,FUR-FU-10004091,"Howard Miller 13"" Diameter Goldtone Round Wall Clock",Furniture,Furnishings
8719,TEC-PH-10001795,ClearOne CHATAttach 160 - speaker phone,Technology,Phones
8720,TEC-AC-10004595,First Data TMFD35 PIN Pad,Technology,Accessories
8721,TEC-AC-10001539,Logitech G430 Surround Sound Gaming Headset with Dolby 7.1 Technology,Technology,Accessories
8722,TEC-AC-10003832,Imation 16GB Mini TravelDrive USB 2.0 Flash Drive,Technology,Accessories
8723,TEC-AC-10002331,"Maxell 74 Minute CDR, 10/Pack",Technology,Accessories
8724,FUR-FU-10001940,Staples,Furniture,Furnishings
8725,FUR-TA-10004915,"Office Impressions End Table, 20-1/2""H x 24""W x 20""D",Furniture,Tables
8726,FUR-FU-10004020,Advantus Panel Wall Acrylic Frame,Furniture,Furnishings
8727,FUR-BO-10000711,"Hon Metal Bookcases, Gray",Furniture,Bookcases
8728,TEC-PH-10001128,Motorola Droid Maxx,Technology,Phones
8729,TEC-CO-10004202,Brother DCP1000 Digital 3 in 1 Multifunction Machine,Technology,Copiers
8730,TEC-PH-10000307,Shocksock Galaxy S4 Armband,Technology,Phones
8731,TEC-PH-10001299,Polycom CX300 Desktop Phone USB VoIP phone,Technology,Phones
8732,TEC-AC-10004708,Sony 32GB Class 10 Micro SDHC R40 Memory Card,Technology,Accessories
8733,FUR-BO-10000468,O'Sullivan 2-Shelf Heavy-Duty Bookcases,Furniture,Bookcases
8734,FUR-CH-10000513,High-Back Leather Manager's Chair,Furniture,Chairs
8735,TEC-PH-10002564,OtterBox Defender Series Case - Samsung Galaxy S4,Technology,Phones
8736,TEC-PH-10001809,Panasonic KX T7736-B Digital phone,Technology,Phones
8737,FUR-TA-10003569,Bretford CR8500 Series Meeting Room Furniture,Furniture,Tables
8738,TEC-AC-10004761,Maxell 4.7GB DVD+RW 3/Pack,Technology,Accessories
8739,FUR-CH-10004875,Harbour Creations 67200 Series Stacking Chairs,Furniture,Chairs
8740,FUR-CH-10003846,Hon Valutask Swivel Chairs,Furniture,Chairs
8741,FUR-FU-10002116,"Tenex Carpeted, Granite-Look or Clear Contemporary Contour Shape Chair Mats",Furniture,Furnishings
8742,FUR-BO-10004360,Rush Hierlooms Collection Rich Wood Bookcases,Furniture,Bookcases
8743,FUR-CH-10002024,HON 5400 Series Task Chairs for Big and Tall,Furniture,Chairs
8744,TEC-PH-10003484,Ooma Telo VoIP Home Phone System,Technology,Phones
8745,TEC-AC-10004975,Plantronics Audio 995 Wireless Stereo Headset,Technology,Accessories
8746,TEC-PH-10004924,"SKILCRAFT Telephone Shoulder Rest, 2"" x 6.5"" x 2.5"", Black",Technology,Phones
8747,FUR-TA-10004147,Hon 4060 Series Tables,Furniture,Tables
8748,TEC-PH-10002170,ClearSounds CSC500 Amplified Spirit Phone Corded phone,Technology,Phones
8749,TEC-PH-10002365,Belkin Grip Candy Sheer Case / Cover for iPhone 5 and 5S,Technology,Phones
8750,FUR-CH-10002372,Office Star - Ergonomically Designed Knee Chair,Furniture,Chairs
8751,FUR-CH-10000863,Novimex Swivel Fabric Task Chair,Furniture,Chairs
8752,TEC-AC-10004518,Memorex Mini Travel Drive 32 GB USB 2.0 Flash Drive,Technology,Accessories
8753,FUR-TA-10000198,Chromcraft Bull-Nose Wood Oval Conference Tables & Bases,Furniture,Tables
8754,FUR-TA-10001857,Balt Solid Wood Rectangular Table,Furniture,Tables
8755,FUR-FU-10004245,"Career Cubicle Clock, 8 1/4"", Black",Furniture,Furnishings
8756,FUR-CH-10004086,Hon 4070 Series Pagoda Armless Upholstered Stacking Chairs,Furniture,Chairs
8757,FUR-CH-10002017,SAFCO Optional Arm Kit for Workspace Cribbage Stacking Chair,Furniture,Chairs
8758,TEC-PH-10002660,Nortel Networks T7316 E Nt8 B27,Technology,Phones
8759,TEC-PH-10001494,Polycom CX600 IP Phone VoIP phone,Technology,Phones
8760,FUR-BO-10001972,O'Sullivan 4-Shelf Bookcase in Odessa Pine,Furniture,Bookcases
8761,FUR-FU-10003577,Nu-Dell Leatherette Frames,Furniture,Furnishings
8762,TEC-PH-10001700,Panasonic KX-TG6844B Expandable Digital Cordless Telephone,Technology,Phones
8763,FUR-TA-10004534,Bevis 44 x 96 Conference Tables,Furniture,Tables
8764,TEC-AC-10001114,Microsoft Wireless Mobile Mouse 4000,Technology,Accessories
8765,TEC-PH-10004922,RCA Visys Integrated PBX 8-Line Router,Technology,Phones
8766,TEC-PH-10001425,Mophie Juice Pack Helium for iPhone,Technology,Phones
8767,FUR-CH-10000553,"Metal Folding Chairs, Beige, 4/Carton",Furniture,Chairs
8768,TEC-AC-10000023,"Maxell 74 Minute CD-R Spindle, 50/Pack",Technology,Accessories
8769,TEC-AC-10004209,Memorex Froggy Flash Drive 4 GB,Technology,Accessories
8770,FUR-FU-10002878,"Seth Thomas 14"" Day/Date Wall Clock",Furniture,Furnishings
8771,TEC-AC-10000199,Kingston Digital DataTraveler 8GB USB 2.0,Technology,Accessories
8772,FUR-FU-10002937,"GE 48"" Fluorescent Tube, Cool White Energy Saver, 34 Watts, 30/Box",Furniture,Furnishings
8773,TEC-AC-10001590,Dell Slim USB Multimedia Keyboard,Technology,Accessories
8774,TEC-AC-10000682,Kensington K72356US Mouse-in-a-Box USB Desktop Mouse,Technology,Accessories
8775,TEC-AC-10001553,"Memorex 25GB 6X Branded Blu-Ray Recordable Disc, 15/Pack",Technology,Accessories
8776,FUR-FU-10000747,Tenex B1-RE Series Chair Mats for Low Pile Carpets,Furniture,Furnishings
8777,TEC-AC-10001142,First Data FD10 PIN Pad,Technology,Accessories
8778,FUR-BO-10004015,"Bush Andora Bookcase, Maple/Graphite Gray Finish",Furniture,Bookcases
8779,FUR-FU-10004091,"Eldon 200 Class Desk Accessories, Black",Furniture,Furnishings
8780,FUR-FU-10003731,"Eldon Expressions Wood and Plastic Desk Accessories, Oak",Furniture,Furnishings
8781,FUR-FU-10004848,"Howard Miller 13-3/4"" Diameter Brushed Chrome Round Wall Clock",Furniture,Furnishings
8782,TEC-MA-10004458,Lexmark X 9575 Professional All-in-One Color Printer,Technology,Machines
8783,FUR-CH-10004477,"Global Push Button Manager's Chair, Indigo",Furniture,Chairs
8784,TEC-AC-10003441,Kingston Digital DataTraveler 32GB USB 2.0,Technology,Accessories
8785,TEC-PH-10001459,Samsung Galaxy Mega 6.3,Technology,Phones
8786,FUR-FU-10003832,"Eldon Expressions Punched Metal & Wood Desk Accessories, Black & Cherry",Furniture,Furnishings
8787,FUR-BO-10003546,Hon 4-Shelf Metal Bookcases,Furniture,Bookcases
8788,TEC-PH-10002185,QVS USB Car Charger 2-Port 2.1Amp for iPod/iPhone/iPad/iPad 2/iPad 3,Technology,Phones
8789,TEC-PH-10004389,Nokia Lumia 925,Technology,Phones
8790,FUR-TA-10002530,"Iceberg OfficeWorks 42"" Round Tables",Furniture,Tables
8791,FUR-FU-10002554,"Westinghouse Floor Lamp with Metal Mesh Shade, Black",Furniture,Furnishings
8792,FUR-FU-10000771,"Eldon 200 Class Desk Accessories, Smoke",Furniture,Furnishings
8793,TEC-AC-10000158,Sony 64GB Class 10 Micro SDHC R40 Memory Card,Technology,Accessories
8794,FUR-FU-10002963,"Master Caster Door Stop, Gray",Furniture,Furnishings
8795,TEC-PH-10002447,AT&T CL83451 4-Handset Telephone,Technology,Phones
8796,TEC-PH-10004006,Panasonic KX - TS880B Telephone,Technology,Phones
8797,TEC-AC-10003174,Plantronics S12 Corded Telephone Headset System,Technology,Accessories
8798,FUR-FU-10003194,"Eldon Expressions Desk Accessory, Wood Pencil Holder, Oak",Furniture,Furnishings
8799,TEC-PH-10001061,Apple iPhone 5C,Technology,Phones
8800,FUR-FU-10004415,"Stacking Tray, Side-Loading, Legal, Smoke",Furniture,Furnishings
8801,TEC-PH-10003273,AT&T TR1909W,Technology,Phones
8802,FUR-TA-10001086,"SAFCO PlanMaster Boards, 60w x 37-1/2d, White Melamine",Furniture,Tables
8803,TEC-AC-10002550,Maxell 4.7GB DVD-RW 3/Pack,Technology,Accessories
8804,TEC-PH-10002538,Grandstream GXP1160 VoIP phone,Technology,Phones
8805,TEC-PH-10002680,Samsung Galaxy Note 3,Technology,Phones
8806,TEC-PH-10002563,Adtran 1202752G1,Technology,Phones
8807,FUR-CH-10003774,"Global Wood Trimmed Manager's Task Chair, Khaki",Furniture,Chairs
8808,TEC-PH-10002352,Avaya IP Phone 1140E VoIP phone,Technology,Phones
8809,FUR-FU-10000193,Tenex Chairmats For Use with Hard Floors,Furniture,Furnishings
8810,TEC-AC-10002345,HP Standard 104 key PS/2 Keyboard,Technology,Accessories
8811,TEC-PH-10004896,Nokia Lumia 521 (T-Mobile),Technology,Phones
8812,FUR-FU-10003773,Eldon Cleatmat Plus Chair Mats for High Pile Carpets,Furniture,Furnishings
8813,TEC-AC-10003198,Enermax Acrylux Wireless Keyboard,Technology,Accessories
8814,TEC-AC-10000927,Anker Ultrathin Bluetooth Wireless Keyboard Aluminum Cover with Stand,Technology,Accessories
8815,FUR-CH-10001891,Global Deluxe Office Fabric Chairs,Furniture,Chairs
8816,FUR-FU-10003394,"Tenex ""The Solids"" Textured Chair Mats",Furniture,Furnishings
8817,FUR-FU-10004666,DAX Clear Channel Poster Frame,Furniture,Furnishings
8818,TEC-AC-10003038,Kingston Digital DataTraveler 16GB USB 2.0,Technology,Accessories
8819,FUR-CH-10003956,Novimex High-Tech Fabric Mesh Task Chair,Furniture,Chairs
8820,FUR-FU-10001487,"Eldon Expressions Wood and Plastic Desk Accessories, Cherry Wood",Furniture,Furnishings
8821,TEC-AC-10003289,Anker Ultra-Slim Mini Bluetooth 3.0 Wireless Keyboard,Technology,Accessories
8822,FUR-TA-10002041,"Bevis Round Conference Table Top, X-Base",Furniture,Tables
8823,TEC-MA-10000864,Cisco 9971 IP Video Phone Charcoal,Technology,Machines
8824,TEC-PH-10003187,Anker Astro Mini 3000mAh Ultra-Compact Portable Charger,Technology,Phones
8825,TEC-PH-10000369,HTC One Mini,Technology,Phones
8826,FUR-FU-10001918,C-Line Cubicle Keepers Polyproplyene Holder With Velcro Backings,Furniture,Furnishings
8827,FUR-FU-10002885,Magna Visual Magnetic Picture Hangers,Furniture,Furnishings
8828,FUR-FU-10003829,Stackable Trays,Furniture,Furnishings
8829,FUR-FU-10003691,"Eldon Image Series Desk Accessories, Ebony",Furniture,Furnishings
8830,FUR-FU-10003268,Eldon Radial Chair Mat for Low to Medium Pile Carpets,Furniture,Furnishings
8831,FUR-FU-10004586,G.E. Longer-Life Indoor Recessed Floodlight Bulbs,Furniture,Furnishings
8832,TEC-AC-10000420,Logitech G500s Laser Gaming Mouse with Adjustable Weight Tuning,Technology,Accessories
8833,FUR-BO-10001798,Bush Somerset Collection Bookcase,Furniture,Bookcases
8834,TEC-AC-10003870,Logitech Z-906 Speaker sys - home theater - 5.1-CH,Technology,Accessories
8835,TEC-MA-10000010,Hewlett-Packard Deskjet 3050a All-in-One Color Inkjet Printer,Technology,Machines
8836,FUR-FU-10004748,"Howard Miller 16"" Diameter Gallery Wall Clock",Furniture,Furnishings
8837,TEC-AC-10002323,SanDisk Ultra 32 GB MicroSDHC Class 10 Memory Card,Technology,Accessories
8838,FUR-FU-10003553,"Howard Miller 13-1/2"" Diameter Rosebrook Wall Clock",Furniture,Furnishings
8839,TEC-AC-10001838,Razer Tiamat Over Ear 7.1 Surround Sound PC Gaming Headset,Technology,Accessories
8840,FUR-FU-10001591,Advantus Panel Wall Certificate Holder - 8.5x11,Furniture,Furnishings
8841,TEC-PH-10000526,Vtech CS6719,Technology,Phones
8842,TEC-AC-10004227,SanDisk Ultra 16 GB MicroSDHC Class 10 Memory Card,Technology,Accessories
8843,TEC-PH-10002834,Google Nexus 5,Technology,Phones
8844,FUR-BO-10000330,"Sauder Camden County Barrister Bookcase, Planked Cherry Finish",Furniture,Bookcases
8845,TEC-PH-10002085,Clarity 53712,Technology,Phones
8846,TEC-PH-10002807,Motorla HX550 Universal Bluetooth Headset,Technology,Phones
8847,TEC-AC-10001266,Memorex Micro Travel Drive 8 GB,Technology,Accessories
8848,TEC-CO-10001046,Canon Imageclass D680 Copier / Fax,Technology,Copiers
8849,TEC-MA-10003183,DYMO CardScan Personal V9 Business Card Scanner,Technology,Machines
8850,FUR-CH-10002602,DMI Arturo Collection Mission-style Design Wood Chair,Furniture,Chairs
8851,FUR-FU-10004587,"GE General Use Halogen Bulbs, 100 Watts, 1 Bulb per Pack",Furniture,Furnishings
8852,TEC-PH-10004833,Macally Suction Cup Mount,Technology,Phones
8853,FUR-TA-10003715,Hon 2111 Invitation Series Corner Table,Furniture,Tables
8854,TEC-PH-10001530,Plantronics Voyager Pro Legend,Technology,Phones
8855,FUR-FU-10004071,Luxo Professional Magnifying Clamp-On Fluorescent Lamps,Furniture,Furnishings
8856,TEC-PH-10002033,Konftel 250 Conference phone - Charcoal black,Technology,Phones
8857,FUR-CH-10001797,"Safco Chair Connectors, 6/Carton",Furniture,Chairs
8858,FUR-FU-10002456,"Master Caster Door Stop, Large Neon Orange",Furniture,Furnishings
8859,TEC-MA-10000029,"Epson WorkForce WF-2530 All-in-One Printer, Copier Scanner",Technology,Machines
8860,FUR-TA-10004607,Hon 2111 Invitation Series Straight Table,Furniture,Tables
8861,FUR-TA-10001932,"Chromcraft 48"" x 96"" Racetrack Double Pedestal Table",Furniture,Tables
8862,FUR-BO-10001519,O'Sullivan 3-Shelf Heavy-Duty Bookcases,Furniture,Bookcases
8863,FUR-FU-10001468,Tenex Antistatic Computer Chair Mats,Furniture,Furnishings
8864,FUR-CH-10003199,Office Star - Contemporary Task Swivel Chair,Furniture,Chairs
8865,FUR-FU-10000820,Tensor Brushed Steel Torchiere Floor Lamp,Furniture,Furnishings
8866,FUR-BO-10003433,Sauder Cornerstone Collection Library,Furniture,Bookcases
8867,FUR-FU-10002759,12-1/2 Diameter Round Wall Clock,Furniture,Furnishings
8868,TEC-MA-10001127,"HP Designjet T520 Inkjet Large Format Printer - 24"" Color",Technology,Machines
8869,TEC-AC-10003063,Micro Innovations USB RF Wireless Keyboard with Mouse,Technology,Accessories
8870,FUR-TA-10004086,KI Adjustable-Height Table,Furniture,Tables
8871,FUR-TA-10002645,Hon Rectangular Conference Tables,Furniture,Tables
8872,FUR-TA-10003238,"Chromcraft Bull-Nose Wood 48"" x 96"" Rectangular Conference Tables",Furniture,Tables
8873,TEC-CO-10001943,Canon PC-428 Personal Copier,Technology,Copiers
8874,FUR-FU-10003806,"Tenex Chairmat w/ Average Lip, 45"" x 53""",Furniture,Furnishings
8875,TEC-AC-10000057,Microsoft Natural Ergonomic Keyboard 4000,Technology,Accessories
8876,FUR-TA-10002533,BPI Conference Tables,Furniture,Tables
8877,TEC-AC-10000521,"Verbatim Slim CD and DVD Storage Cases, 50/Pack",Technology,Accessories
8878,FUR-BO-10003441,"Bush Westfield Collection Bookcases, Fully Assembled",Furniture,Bookcases
8879,FUR-FU-10000175,DAX Wood Document Frame.,Furniture,Furnishings
8880,FUR-TA-10002903,"Bevis Round Bullnose 29"" High Table Top",Furniture,Tables
8881,TEC-AC-10001101,Sony 16GB Class 10 Micro SDHC R40 Memory Card,Technology,Accessories
8882,TEC-AC-10001767,SanDisk Ultra 64 GB MicroSDHC Class 10 Memory Card,Technology,Accessories
8883,TEC-AC-10003610,Logitech Illuminated - Keyboard,Technology,Accessories
8884,FUR-TA-10004767,Safco Drafting Table,Furniture,Tables
8885,FUR-FU-10004093,Hand-Finished Solid Wood Document Frame,Furniture,Furnishings
8886,FUR-FU-10001852,"Eldon Regeneration Recycled Desk Accessories, Smoke",Furniture,Furnishings
8887,TEC-AC-10001606,Logitech Wireless Performance Mouse MX for PC and Mac,Technology,Accessories
8888,FUR-FU-10004671,"Executive Impressions 12"" Wall Clock",Furniture,Furnishings
8889,FUR-TA-10002958,"Bevis Oval Conference Table, Walnut",Furniture,Tables
8890,TEC-AC-10002942,WD My Passport Ultra 1TB Portable External Hard Drive,Technology,Accessories
8891,FUR-FU-10000448,Tenex Chairmats For Use With Carpeted Floors,Furniture,Furnishings
8892,TEC-AC-10002718,Belkin Standard 104 key USB Keyboard,Technology,Accessories
8893,TEC-AC-10002076,Microsoft Natural Keyboard Elite,Technology,Accessories
8894,FUR-TA-10001768,Hon Racetrack Conference Tables,Furniture,Tables
8895,TEC-CO-10001766,Canon PC940 Copier,Technology,Copiers
8896,FUR-TA-10001889,Bush Advantage Collection Racetrack Conference Table,Furniture,Tables
8897,FUR-BO-10002213,"Sauder Forest Hills Library, Woodland Oak Finish",Furniture,Bookcases
8898,FUR-FU-10002505,Eldon 100 Class Desk Accessories,Furniture,Furnishings
8899,TEC-AC-10001552,Logitech K350 2.4Ghz Wireless Keyboard,Technology,Accessories
8900,TEC-AC-10002018,AmazonBasics 3-Button USB Wired Mouse,Technology,Accessories
8901,FUR-TA-10001705,Bush Advantage Collection Round Conference Table,Furniture,Tables
8902,TEC-AC-10002335,Logitech Media Keyboard K200,Technology,Accessories
8903,FUR-FU-10001475,"Contract Clock, 14"", Brown",Furniture,Furnishings
8904,TEC-AC-10000991,Sony Micro Vault Click 8 GB USB 2.0 Flash Drive,Technology,Accessories
8905,FUR-TA-10004619,Hon Non-Folding Utility Tables,Furniture,Tables
8906,FUR-FU-10004164,"Eldon 300 Class Desk Accessories, Black",Furniture,Furnishings
8907,FUR-FU-10003039,"Howard Miller 11-1/2"" Diameter Grantwood Wall Clock",Furniture,Furnishings
8908,FUR-FU-10003095,"Linden 12"" Wall Clock With Oak Frame",Furniture,Furnishings
8909,TEC-AC-10004420,Cherry 142-key Programmable Keyboard,Technology,Accessories
8910,FUR-FU-10004848,DAX Solid Wood Frames,Furniture,Furnishings
8911,FUR-TA-10001307,"SAFCO PlanMaster Heigh-Adjustable Drafting Table Base, 43w x 30d x 30-37h, Black",Furniture,Tables
8912,FUR-BO-10001619,O'Sullivan Cherrywood Estates Traditional Bookcase,Furniture,Bookcases
8913,FUR-FU-10004622,Eldon Advantage Foldable Chair Mats for Low Pile Carpets,Furniture,Furnishings
8914,FUR-FU-10000397,Luxo Economy Swing Arm Lamp,Furniture,Furnishings
8915,FUR-TA-10004154,"Riverside Furniture Oval Coffee Table, Oval End Table, End Table with Drawer",Furniture,Tables
8916,TEC-AC-10004171,Razer Kraken 7.1 Surround Sound Over Ear USB Gaming Headset,Technology,Accessories
8917,TEC-AC-10003027,Imation 8GB Mini TravelDrive USB 2.0 Flash Drive,Technology,Accessories
8918,FUR-TA-10002607,KI Conference Tables,Furniture,Tables
8919,TEC-AC-10000303,Logitech M510 Wireless Mouse,Technology,Accessories
8920,TEC-AC-10001465,SanDisk Cruzer 64 GB USB Flash Drive,Technology,Accessories
8921,TEC-AC-10002001,Logitech Wireless Gaming Headset G930,Technology,Accessories
8922,FUR-FU-10001424,Dax Clear Box Frame,Furniture,Furnishings
8923,TEC-PH-10001578,Polycom SoundStation2 EX Conference phone,Technology,Phones
8924,TEC-PH-10004912,Cisco SPA112 2 Port Phone Adapter,Technology,Phones
8925,TEC-PH-10002885,Apple iPhone 5,Technology,Phones
8926,TEC-PH-10002584,Samsung Galaxy S4,Technology,Phones
8927,TEC-PH-10004093,Panasonic Kx-TS550,Technology,Phones
8928,TEC-MA-10002859,Ativa MDM8000 8-Sheet Micro-Cut Shredder,Technology,Machines
8929,TEC-AC-10002637,Logitech VX Revolution Cordless Laser Mouse for Notebooks (Black),Technology,Accessories
8930,TEC-PH-10002583,iOttie HLCRIO102 Car Mount,Technology,Phones
8931,TEC-MA-10003979,Ativa V4110MDD Micro-Cut Shredder,Technology,Machines
8932,FUR-FU-10000409,"GE 4 Foot Flourescent Tube, 40 Watt",Furniture,Furnishings
8933,TEC-PH-10000586,AT&T SB67148 SynJ,Technology,Phones
8934,FUR-FU-10004845,"Deflect-o EconoMat Nonstudded, No Bevel Mat",Furniture,Furnishings
8935,TEC-AC-10004114,KeyTronic 6101 Series - Keyboard - Black,Technology,Accessories
8936,TEC-MA-10003173,Hewlett-Packard 300S Scientific Calculator,Technology,Machines
8937,FUR-FU-10001602,"Eldon Delta Triangular Chair Mat, 52"" x 58"", Clear",Furniture,Furnishings
8938,TEC-MA-10002927,Canon imageCLASS MF7460 Monochrome Digital Laser Multifunction Copier,Technology,Machines
8939,TEC-MA-10004552,Star Micronics TSP100 TSP143LAN Receipt Printer,Technology,Machines
8940,TEC-MA-10000045,Zebra ZM400 Thermal Label Printer,Technology,Machines
8941,TEC-MA-10000488,Bady BDG101FRU Card Printer,Technology,Machines
8942,TEC-MA-10003356,Panasonic KX MC6040 Color Laser Multifunction Printer,Technology,Machines
8943,TEC-MA-10003673,Hewlett-Packard Desktjet 6988DT Refurbished Printer,Technology,Machines
8944,TEC-AC-10000387,KeyTronic KT800P2 - Keyboard - Black,Technology,Accessories
8945,TEC-AC-10001990,Kensington Orbit Wireless Mobile Trackball for PC and Mac,Technology,Accessories
8946,TEC-AC-10002600,Belkin QODE FastFit Bluetooth Keyboard,Technology,Accessories
8947,TEC-AC-10002647,"Logitech Wireless Boombox Speaker - portable - wireless, wired",Technology,Accessories
8948,TEC-AC-10002370,Maxell CD-R Discs,Technology,Accessories
8949,FUR-FU-10002191,G.E. Halogen Desk Lamp Bulbs,Furniture,Furnishings
8950,FUR-FU-10001876,"Computer Room Manger, 14""",Furniture,Furnishings
8951,FUR-FU-10000521,"Seth Thomas 14"" Putty-Colored Wall Clock",Furniture,Furnishings
8952,FUR-FU-10002253,"Howard Miller 13"" Diameter Pewter Finish Round Wall Clock",Furniture,Furnishings
8953,FUR-FU-10000320,OIC Stacking Trays,Furniture,Furnishings
8954,FUR-FU-10002240,Nu-Dell EZ-Mount Plastic Wall Frames,Furniture,Furnishings
8955,FUR-FU-10000087,"Executive Impressions 14"" Two-Color Numerals Wall Clock",Furniture,Furnishings
8956,FUR-FU-10001967,Telescoping Adjustable Floor Lamp,Furniture,Furnishings
8957,FUR-FU-10003601,"Deflect-o RollaMat Studded, Beveled Mat for Medium Pile Carpeting",Furniture,Furnishings
8958,FUR-FU-10001934,Magnifier Swing Arm Lamp,Furniture,Furnishings
8959,TEC-PH-10003655,Sannysis Cute Owl Design Soft Skin Case Cover for Samsung Galaxy S4,Technology,Phones
8960,TEC-PH-10003963,GE 2-Jack Phone Line Splitter,Technology,Phones
8961,TEC-PH-10002468,"Plantronics CS 50-USB - headset - Convertible, Monaural",Technology,Phones
8962,TEC-PH-10002075,AT&T EL51110 DECT,Technology,Phones
8963,TEC-PH-10004447,Toshiba IPT2010-SD IP Telephone,Technology,Phones
8964,TEC-PH-10002310,Panasonic KX T7731-B Digital phone,Technology,Phones
8965,TEC-PH-10004531,OtterBox Commuter Series Case - iPhone 5 & 5s,Technology,Phones
8966,TEC-PH-10001795,RCA H5401RE1 DECT 6.0 4-Line Cordless Handset With Caller ID/Call Waiting,Technology,Phones
8967,TEC-PH-10004188,OtterBox Commuter Series Case - Samsung Galaxy S4,Technology,Phones
8968,TEC-PH-10002922,ShoreTel ShorePhone IP 230 VoIP phone,Technology,Phones
8969,TEC-PH-10001835,Jawbone JAMBOX Wireless Bluetooth Speaker,Technology,Phones
8970,TEC-PH-10002597,Xblue XB-1670-86 X16 Small Office Telephone - Titanium,Technology,Phones
8971,TEC-PH-10000347,Cush Cases Heavy Duty Rugged Cover Case for Samsung Galaxy S5 - Purple,Technology,Phones
8972,TEC-PH-10002200,Aastra 6757i CT Wireless VoIP phone,Technology,Phones
8973,TEC-PH-10004586,Wilson SignalBoost 841262 DB PRO Amplifier Kit,Technology,Phones
8974,TEC-PH-10004774,Gear Head AU3700S Headset,Technology,Phones
8975,TEC-PH-10003215,Jackery Bar Premium Fast-charging Portable Charger,Technology,Phones
8976,TEC-PH-10004094,Motorola L703CM,Technology,Phones
8977,TEC-PH-10002114,Xiaomi Mi3,Technology,Phones
8978,TEC-PH-10003356,"SmartStand Mobile Device Holder, Assorted Colors",Technology,Phones
8979,TEC-PH-10000149,Cisco SPA525G2 IP Phone - Wireless,Technology,Phones
8980,TEC-PH-10002549,Polycom SoundPoint IP 450 VoIP phone,Technology,Phones
8981,TEC-PH-10000702,"Square Credit Card Reader, 4 1/2"" x 4 1/2"" x 1"", White",Technology,Phones
8982,TEC-PH-10003095,Samsung HM1900 Bluetooth Headset,Technology,Phones
8983,TEC-PH-10001363,Apple iPhone 5S,Technology,Phones
8984,TEC-PH-10001468,Panasonic Business Telephones KX-T7736,Technology,Phones
8985,TEC-PH-10000576,AT&T 1080 Corded phone,Technology,Phones
8986,TEC-PH-10004522,Dexim XPower Skin Super-Thin Power Case for iPhone 5 - Black,Technology,Phones
8987,TEC-AC-10002558,Imation Swivel Flash Drive USB flash drive - 8 GB,Technology,Accessories
8988,TEC-AC-10001383,Logitech Wireless Touch Keyboard K400,Technology,Accessories
8989,TEC-AC-10000474,Kensington Expert Mouse Optical USB Trackball for PC or Mac,Technology,Accessories
8990,FUR-FU-10000758,DAX Natural Wood-Tone Poster Frame,Furniture,Furnishings
8991,FUR-FU-10001979,Dana Halogen Swing-Arm Architect Lamp,Furniture,Furnishings
8992,TEC-AC-10004864,Memorex Micro Travel Drive 32 GB,Technology,Accessories
8993,TEC-AC-10001956,Microsoft Arc Touch Mouse,Technology,Accessories
8994,FUR-FU-10001546,Dana Swing-Arm Lamps,Furniture,Furnishings
8995,FUR-FU-10000073,Deflect-O Glasstique Clear Desk Accessories,Furniture,Furnishings
8996,FUR-FU-10000260,"6"" Cubicle Wall Clock, Black",Furniture,Furnishings
8997,FUR-FU-10000222,"Seth Thomas 16"" Steel Case Clock",Furniture,Furnishings
8998,FUR-FU-10003489,Contemporary Borderless Frame,Furniture,Furnishings
8999,FUR-FU-10001473,"Eldon Executive Woodline II Desk Accessories, Mahogany",Furniture,Furnishings
9000,TEC-AC-10003499,Memorex Mini Travel Drive 8 GB USB 2.0 Flash Drive,Technology,Accessories
9001,TEC-AC-10000580,Logitech G13 Programmable Gameboard with LCD Display,Technology,Accessories
9002,FUR-FU-10004597,Eldon Cleatmat Chair Mats for Medium Pile Carpets,Furniture,Furnishings
9003,FUR-FU-10001867,"Eldon Expressions Punched Metal & Wood Desk Accessories, Pewter & Cherry",Furniture,Furnishings
9004,FUR-FU-10004909,Contemporary Wood/Metal Frame,Furniture,Furnishings
9005,FUR-FU-10001617,"Executive Impressions 8-1/2"" Career Panel/Partition Cubicle Clock",Furniture,Furnishings
9006,FUR-FU-10001215,"Howard Miller 11-1/2"" Diameter Brentwood Wall Clock",Furniture,Furnishings
9007,FUR-FU-10002508,Document Clip Frames,Furniture,Furnishings
9008,FUR-FU-10002703,"Tenex Traditional Chairmats for Hard Floors, Average Lip, 36"" x 48""",Furniture,Furnishings
9009,FUR-FU-10003424,Nu-Dell Oak Frame,Furniture,Furnishings
9010,TEC-AC-10001874,Logitech Wireless Anywhere Mouse MX for PC and Mac,Technology,Accessories
9011,FUR-FU-10003374,Electrix Fluorescent Magnifier Lamps & Weighted Base,Furniture,Furnishings
9012,TEC-PH-10004827,"Samsung Headset, Cordless",Technology,Phones
9013,TEC-MA-10004143,"Konica Calculator, Wireless",Technology,Machines
9014,TEC-CO-10002466,"Brother Personal Copier, High-Speed",Technology,Copiers
9015,TEC-PH-10002222,"Cisco Office Telephone, VoIP",Technology,Phones
9016,TEC-PH-10001070,"Samsung Headset, VoIP",Technology,Phones
9017,TEC-MA-10003515,"Panasonic Printer, Red",Technology,Machines
9018,TEC-MA-10000765,"Okidata Phone, Wireless",Technology,Machines
9019,TEC-MA-10001934,"StarTech Printer, Red",Technology,Machines
9020,TEC-PH-10001573,"Nokia Smart Phone, with Caller ID",Technology,Phones
9021,TEC-MA-10003223,"StarTech Inkjet, Durable",Technology,Machines
9022,TEC-MA-10002660,"Epson Phone, White",Technology,Machines
9023,TEC-PH-10003916,"Motorola Office Telephone, with Caller ID",Technology,Phones
9024,TEC-MA-10004224,"StarTech Inkjet, Wireless",Technology,Machines
9025,TEC-PH-10004915,"Nokia Speaker Phone, Cordless",Technology,Phones
9026,FUR-CH-10004095,"Novimex Steel Folding Chair, Black",Furniture,Chairs
9027,FUR-CH-10000807,"Hon Rocking Chair, Adjustable",Furniture,Chairs
9028,FUR-BO-10000170,"Safco Library with Doors, Mobile",Furniture,Bookcases
9029,FUR-BO-10000155,"Dania Corner Shelving, Metal",Furniture,Bookcases
9030,FUR-TA-10002411,"Hon Round Table, with Bottom Storage",Furniture,Tables
9031,FUR-TA-10003030,"Lesro Training Table, Adjustable Height",Furniture,Tables
9032,FUR-CH-10001039,"Harbour Creations Rocking Chair, Adjustable",Furniture,Chairs
9033,FUR-CH-10003054,"Novimex Executive Leather Armchair, Adjustable",Furniture,Chairs
9034,FUR-TA-10003690,"Hon Computer Table, Fully Assembled",Furniture,Tables
9035,FUR-CH-10003168,"Office Star Swivel Stool, Set of Two",Furniture,Chairs
9036,FUR-CH-10004592,"Hon Rocking Chair, Set of Two",Furniture,Chairs
9037,FUR-TA-10003899,"Barricks Round Table, with Bottom Storage",Furniture,Tables
9038,FUR-CH-10000488,"SAFCO Steel Folding Chair, Black",Furniture,Chairs
9039,FUR-BO-10001876,"Safco Corner Shelving, Pine",Furniture,Bookcases
9040,FUR-BO-10004947,"Safco Stackable Bookrack, Pine",Furniture,Bookcases
9041,FUR-BO-10004620,"Safco Stackable Bookrack, Mobile",Furniture,Bookcases
9042,FUR-TA-10003527,"Chromcraft Wood Table, with Bottom Storage",Furniture,Tables
9043,FUR-TA-10000347,"Hon Computer Table, Adjustable Height",Furniture,Tables
9044,FUR-TA-10003354,"Barricks Conference Table, Adjustable Height",Furniture,Tables
9045,FUR-TA-10001980,"Hon Wood Table, Rectangular",Furniture,Tables
9046,FUR-TA-10004634,"Bevis Training Table, Adjustable Height",Furniture,Tables
9047,FUR-TA-10003405,"Lesro Computer Table, Adjustable Height",Furniture,Tables
9048,FUR-TA-10004649,"Barricks Round Table, Rectangular",Furniture,Tables
9049,FUR-CH-10002203,"SAFCO Executive Leather Armchair, Black",Furniture,Chairs
9050,FUR-CH-10000479,"Harbour Creations Executive Leather Armchair, Adjustable",Furniture,Chairs
9051,FUR-BO-10000160,"Safco Library with Doors, Pine",Furniture,Bookcases
9052,FUR-CH-10002085,"Novimex Steel Folding Chair, Red",Furniture,Chairs
9053,FUR-CH-10002477,"Harbour Creations Executive Leather Armchair, Red",Furniture,Chairs
9054,FUR-CH-10004969,"Office Star Bag Chairs, Red",Furniture,Chairs
9055,FUR-CH-10003114,"Harbour Creations Swivel Stool, Red",Furniture,Chairs
9056,FUR-BO-10000034,"Safco Classic Bookcase, Pine",Furniture,Bookcases
9057,FUR-CH-10000663,"Hon Steel Folding Chair, Adjustable",Furniture,Chairs
9058,FUR-CH-10001150,"SAFCO Steel Folding Chair, Red",Furniture,Chairs
9059,FUR-BO-10003878,"Safco Corner Shelving, Mobile",Furniture,Bookcases
9060,FUR-BO-10001888,"Dania Floating Shelf Set, Pine",Furniture,Bookcases
9061,FUR-CH-10004910,"Office Star Executive Leather Armchair, Red",Furniture,Chairs
9062,FUR-CH-10002782,"Office Star Executive Leather Armchair, Adjustable",Furniture,Chairs
9063,FUR-CH-10004790,"Office Star Bag Chairs, Black",Furniture,Chairs
9064,FUR-CH-10002002,"Hon Rocking Chair, Black",Furniture,Chairs
9065,FUR-BO-10000120,"Sauder Stackable Bookrack, Mobile",Furniture,Bookcases
9066,FUR-BO-10000820,"Sauder 3-Shelf Cabinet, Metal",Furniture,Bookcases
9067,FUR-CH-10000969,"Hon Executive Leather Armchair, Red",Furniture,Chairs
9068,FUR-BO-10000311,"Safco Floating Shelf Set, Metal",Furniture,Bookcases
9069,FUR-CH-10000583,"Novimex Swivel Stool, Set of Two",Furniture,Chairs
9070,TEC-PH-10003713,"Cisco Audio Dock, Cordless",Technology,Phones
9071,TEC-PH-10002898,"Samsung Smart Phone, Full Size",Technology,Phones
9072,TEC-MA-10003326,"StarTech Calculator, Durable",Technology,Machines
9073,TEC-MA-10004534,"Konica Printer, Wireless",Technology,Machines
9074,TEC-MA-10002268,"StarTech Receipt Printer, White",Technology,Machines
9075,TEC-PH-10000956,"Motorola Speaker Phone, with Caller ID",Technology,Phones
9076,TEC-PH-10001470,"Cisco Office Telephone, with Caller ID",Technology,Phones
9077,TEC-MA-10001792,"Epson Inkjet, White",Technology,Machines
9078,TEC-PAN-10003382,"Panasonic Card Printer, Durable",Technology,Machines
9079,TEC-MOT-10002855,"Motorola Speaker Phone, with Caller ID",Technology,Phones
9080,TEC-LOG-10001123,"Logitech Memory Card, Bluetooth",Technology,Accessories
9081,FUR-SAU-10002167,"Sauder 3-Shelf Cabinet, Metal",Furniture,Bookcases
9082,FUR-ADV-10004159,"Advantus Frame, Durable",Furniture,Furnishings
9083,FUR-BEV-10002193,"Bevis Round Table, Adjustable Height",Furniture,Tables
9084,TEC-SAN-10000142,"SanDisk Mouse, Erganomic",Technology,Accessories
9085,TEC-STA-10003065,"StarTech Receipt Printer, Durable",Technology,Machines
9086,FUR-LES-10003538,"Lesro Coffee Table, Fully Assembled",Furniture,Tables
9087,TEC-BRO-10001852,"Brother Fax and Copier, Digital",Technology,Copiers
9088,FUR-CHR-10000888,"Chromcraft Computer Table, Fully Assembled",Furniture,Tables
9089,TEC-EPS-10001473,"Epson Calculator, Durable",Technology,Machines
9090,FUR-BAR-10001039,"Barricks Coffee Table, Fully Assembled",Furniture,Tables
9091,FUR-BAR-10003465,"Barricks Computer Table, Adjustable Height",Furniture,Tables
9092,TEC-BEL-10002153,"Belkin Flash Drive, Bluetooth",Technology,Accessories
9093,TEC-CAN-10000030,"Canon Fax Machine, Laser",Technology,Copiers
9094,TEC-SHA-10003353,"Sharp Copy Machine, High-Speed",Technology,Copiers
9095,TEC-STA-10002459,"StarTech Printer, Durable",Technology,Machines
9096,FUR-CH-10003540,"Office Star Bag Chairs, Set of Two",Furniture,Chairs
9097,TEC-PH-10000458,"Nokia Office Telephone, Full Size",Technology,Phones
9098,FUR-CH-10002543,"SAFCO Steel Folding Chair, Set of Two",Furniture,Chairs
9099,FUR-TA-10004371,"Lesro Round Table, Adjustable Height",Furniture,Tables
9100,FUR-CH-10002752,"Harbour Creations Bag Chairs, Set of Two",Furniture,Chairs
9101,FUR-CH-10000068,"Office Star Steel Folding Chair, Red",Furniture,Chairs
9102,TEC-MA-10004814,"Panasonic Inkjet, White",Technology,Machines
9103,FUR-CH-10002498,"Harbour Creations Steel Folding Chair, Red",Furniture,Chairs
9104,FUR-CH-10001043,"Harbour Creations Bag Chairs, Red",Furniture,Chairs
9105,FUR-TA-10000304,"Barricks Training Table, with Bottom Storage",Furniture,Tables
9106,FUR-TA-10002868,"Barricks Coffee Table, Adjustable Height",Furniture,Tables
9107,FUR-CH-10003033,"Novimex Rocking Chair, Adjustable",Furniture,Chairs
9108,FUR-CH-10002288,"SAFCO Bag Chairs, Red",Furniture,Chairs
9109,FUR-TA-10002912,"Lesro Conference Table, Fully Assembled",Furniture,Tables
9110,FUR-CH-10002152,"Hon Bag Chairs, Set of Two",Furniture,Chairs
9111,FUR-TA-10000323,"Lesro Round Table, Fully Assembled",Furniture,Tables
9112,FUR-TA-10004544,"Chromcraft Coffee Table, Fully Assembled",Furniture,Tables
9113,FUR-CH-10003794,"SAFCO Bag Chairs, Set of Two",Furniture,Chairs
9114,FUR-CH-10003772,"Office Star Chairmat, Red",Furniture,Chairs
9115,FUR-CH-10004536,"Novimex Bag Chairs, Set of Two",Furniture,Chairs
9116,TEC-PH-10001557,"Apple Speaker Phone, VoIP",Technology,Phones
9117,TEC-MA-10003121,"StarTech Card Printer, Wireless",Technology,Machines
9118,TEC-PH-10003513,"Nokia Speaker Phone, VoIP",Technology,Phones
9119,TEC-MA-10000461,"Epson Inkjet, Wireless",Technology,Machines
9120,FUR-FU-10002957,"Tenex Stacking Tray, Durable",Furniture,Furnishings
9121,TEC-AC-10001002,"SanDisk Memory Card, USB",Technology,Accessories
9122,TEC-MA-10002413,"Panasonic Card Printer, Durable",Technology,Machines
9123,FUR-CH-10001582,"Office Star Executive Leather Armchair, Black",Furniture,Chairs
9124,FUR-TA-10002467,"Lesro Conference Table, Adjustable Height",Furniture,Tables
9125,TEC-MA-10003298,"Konica Card Printer, Wireless",Technology,Machines
9126,FUR-CH-10004040,"Office Star Steel Folding Chair, Set of Two",Furniture,Chairs
9127,FUR-BO-10004660,"Sauder Library with Doors, Metal",Furniture,Bookcases
9128,FUR-TA-10000591,"Chromcraft Training Table, with Bottom Storage",Furniture,Tables
9129,FUR-CH-10004462,"Hon Executive Leather Armchair, Adjustable",Furniture,Chairs
9130,FUR-BO-10002680,"Sauder 3-Shelf Cabinet, Traditional",Furniture,Bookcases
9131,FUR-CH-10003440,"Harbour Creations Steel Folding Chair, Set of Two",Furniture,Chairs
9132,FUR-BO-10002889,"Dania Stackable Bookrack, Pine",Furniture,Bookcases
9133,FUR-TA-10004524,"Bevis Round Table, with Bottom Storage",Furniture,Tables
9134,TEC-MA-10000753,"Epson Printer, Red",Technology,Machines
9135,FUR-TA-10004132,"Bevis Coffee Table, with Bottom Storage",Furniture,Tables
9136,TEC-PH-10000505,"Apple Smart Phone, with Caller ID",Technology,Phones
9137,FUR-TA-10003963,"Bevis Conference Table, Fully Assembled",Furniture,Tables
9138,FUR-TA-10002951,"Barricks Round Table, Adjustable Height",Furniture,Tables
9139,FUR-TA-10003790,"Bevis Computer Table, Fully Assembled",Furniture,Tables
9140,FUR-TA-10003179,"Chromcraft Round Table, Adjustable Height",Furniture,Tables
9141,FUR-CH-10002212,"Novimex Swivel Stool, Adjustable",Furniture,Chairs
9142,FUR-TA-10004054,"Lesro Conference Table, with Bottom Storage",Furniture,Tables
9143,FUR-CH-10001237,"Hon Swivel Stool, Black",Furniture,Chairs
9144,FUR-CH-10000848,"SAFCO Executive Leather Armchair, Set of Two",Furniture,Chairs
9145,FUR-CH-10000013,"Hon Steel Folding Chair, Black",Furniture,Chairs
9146,FUR-BO-10001714,"Dania Floating Shelf Set, Mobile",Furniture,Bookcases
9147,FUR-BO-10001943,"Safco Library with Doors, Traditional",Furniture,Bookcases
9148,FUR-CH-10003355,"Harbour Creations Chairmat, Adjustable",Furniture,Chairs
9149,FUR-BO-10000797,"Safco 3-Shelf Cabinet, Pine",Furniture,Bookcases
9150,FUR-CH-10000857,"Harbour Creations Rocking Chair, Black",Furniture,Chairs
9151,FUR-CH-10002116,"SAFCO Rocking Chair, Black",Furniture,Chairs
9152,FUR-CH-10003618,"SAFCO Rocking Chair, Red",Furniture,Chairs
9153,TEC-CO-10001196,"Brother Fax Machine, Color",Technology,Copiers
9154,FUR-TA-10001494,"Lesro Wood Table, Adjustable Height",Furniture,Tables
9155,FUR-TA-10003185,"Chromcraft Computer Table, Fully Assembled",Furniture,Tables
9156,FUR-TA-10003747,"Lesro Round Table, Rectangular",Furniture,Tables
9157,FUR-BO-10001967,"Safco Corner Shelving, Mobile",Furniture,Bookcases
9158,FUR-FU-10002803,"Deflect-O Stacking Tray, Erganomic",Furniture,Furnishings
9159,TEC-MA-10002520,"Panasonic Receipt Printer, White",Technology,Machines
9160,TEC-MA-10004049,"Epson Printer, White",Technology,Machines
9161,TEC-AC-10002145,"Belkin Memory Card, Programmable",Technology,Accessories
9162,FUR-FU-10001015,"Eldon Stacking Tray, Black",Furniture,Furnishings
9163,FUR-CH-10000438,"Novimex Chairmat, Adjustable",Furniture,Chairs
9164,FUR-CH-10004199,"SAFCO Executive Leather Armchair, Adjustable",Furniture,Chairs
9165,FUR-FU-10001601,"Rubbermaid Frame, Erganomic",Furniture,Furnishings
9166,FUR-TA-10002527,"Barricks Round Table, Fully Assembled",Furniture,Tables
9167,FUR-TA-10002797,"Chromcraft Round Table, Adjustable Height",Furniture,Tables
9168,TEC-MA-10003704,"StarTech Printer, Wireless",Technology,Machines
9169,TEC-PH-10004760,"Samsung Office Telephone, with Caller ID",Technology,Phones
9170,FUR-FU-10003552,"Tenex Door Stop, Duo Pack",Furniture,Furnishings
9171,FUR-FU-10000069,"Tenex Door Stop, Durable",Furniture,Furnishings
9172,TEC-AC-10003921,"Enermax Numeric Keypad, USB",Technology,Accessories
9173,TEC-CO-10001864,"Brother Ink, High-Speed",Technology,Copiers
9174,TEC-CO-10001301,"Sharp Copy Machine, Laser",Technology,Copiers
9175,FUR-TA-10003006,"Hon Wood Table, Rectangular",Furniture,Tables
9176,TEC-MA-10004482,"Panasonic Card Printer, White",Technology,Machines
9177,FUR-TA-10003954,"Barricks Conference Table, with Bottom Storage",Furniture,Tables
9178,TEC-PH-10002991,"Apple Smart Phone, Full Size",Technology,Phones
9179,FUR-TA-10004416,"Bevis Wood Table, Adjustable Height",Furniture,Tables
9180,FUR-CH-10000005,"Office Star Executive Leather Armchair, Adjustable",Furniture,Chairs
9181,FUR-FU-10001541,"Tenex Photo Frame, Black",Furniture,Furnishings
9182,TEC-AC-10003262,"Belkin Router, Erganomic",Technology,Accessories
9183,FUR-FU-10000980,"Advantus Photo Frame, Duo Pack",Furniture,Furnishings
9184,TEC-PH-10002570,"Samsung Headset, Full Size",Technology,Phones
9185,FUR-TA-10002931,"Hon Round Table, with Bottom Storage",Furniture,Tables
9186,FUR-TA-10000147,"Lesro Coffee Table, Rectangular",Furniture,Tables
9187,TEC-CO-10001775,"Sharp Wireless Fax, Laser",Technology,Copiers
9188,FUR-TA-10002172,"Hon Conference Table, Rectangular",Furniture,Tables
9189,TEC-AC-10001455,"Logitech Memory Card, Erganomic",Technology,Accessories
9190,FUR-CH-10000689,"SAFCO Chairmat, Red",Furniture,Chairs
9191,TEC-CO-10002062,"Brother Personal Copier, Digital",Technology,Copiers
9192,TEC-CO-10000172,"Hewlett Ink, Digital",Technology,Copiers
9193,FUR-BO-10003078,"Safco Corner Shelving, Traditional",Furniture,Bookcases
9194,FUR-FU-10003336,"Eldon Door Stop, Erganomic",Furniture,Furnishings
9195,FUR-TA-10000355,"Bevis Wood Table, with Bottom Storage",Furniture,Tables
9196,TEC-PH-10003078,"Cisco Speaker Phone, with Caller ID",Technology,Phones
9197,FUR-TA-10004342,"Chromcraft Round Table, with Bottom Storage",Furniture,Tables
9198,FUR-CH-10002435,"Novimex Executive Leather Armchair, Black",Furniture,Chairs
9199,FUR-FU-10002019,"Eldon Light Bulb, Durable",Furniture,Furnishings
9200,FUR-BO-10000807,"Sauder Floating Shelf Set, Mobile",Furniture,Bookcases
9201,TEC-MA-10001296,"Epson Calculator, White",Technology,Machines
9202,TEC-MA-10001128,"StarTech Card Printer, White",Technology,Machines
9203,TEC-MA-10001940,"Okidata Card Printer, Wireless",Technology,Machines
9204,TEC-PH-10002517,"Cisco Speaker Phone, Cordless",Technology,Phones
9205,FUR-TA-10001056,"Barricks Conference Table, Adjustable Height",Furniture,Tables
9206,FUR-FU-10003339,"Tenex Clock, Black",Furniture,Furnishings
9207,TEC-PH-10000611,"Samsung Signal Booster, VoIP",Technology,Phones
9208,TEC-PH-10000824,"Cisco Office Telephone, Full Size",Technology,Phones
9209,FUR-TA-10000962,"Hon Conference Table, Adjustable Height",Furniture,Tables
9210,TEC-CO-10001674,"Sharp Personal Copier, Color",Technology,Copiers
9211,FUR-TA-10002972,"Barricks Computer Table, Fully Assembled",Furniture,Tables
9212,TEC-MA-10001607,"Konica Phone, Durable",Technology,Machines
9213,TEC-CO-10003522,"Sharp Personal Copier, High-Speed",Technology,Copiers
9214,FUR-TA-10004957,"Bevis Wood Table, Fully Assembled",Furniture,Tables
9215,TEC-AC-10002852,"Belkin Memory Card, Erganomic",Technology,Accessories
9216,FUR-FU-10003855,"Rubbermaid Clock, Erganomic",Furniture,Furnishings
9217,FUR-FU-10004158,"Deflect-O Frame, Black",Furniture,Furnishings
9218,TEC-MA-10004613,"Okidata Phone, White",Technology,Machines
9219,TEC-PH-10000497,"Nokia Office Telephone, Cordless",Technology,Phones
9220,TEC-PH-10001535,"Nokia Speaker Phone, Cordless",Technology,Phones
9221,TEC-MA-10003170,"Konica Calculator, Wireless",Technology,Machines
9222,TEC-MA-10000572,"Epson Card Printer, Red",Technology,Machines
9223,TEC-AC-10003451,"Logitech Flash Drive, Erganomic",Technology,Accessories
9224,FUR-TA-10003055,"Lesro Round Table, Fully Assembled",Furniture,Tables
9225,FUR-BO-10002738,"Sauder Corner Shelving, Mobile",Furniture,Bookcases
9226,FUR-FU-10002362,"Advantus Door Stop, Black",Furniture,Furnishings
9227,FUR-BO-10004404,"Ikea 3-Shelf Cabinet, Pine",Furniture,Bookcases
9228,TEC-AC-10000354,"Belkin Numeric Keypad, USB",Technology,Accessories
9229,FUR-TA-10003003,"Lesro Wood Table, Rectangular",Furniture,Tables
9230,TEC-CO-10001766,"Canon Fax Machine, Digital",Technology,Copiers
9231,TEC-MA-10004822,"Epson Calculator, Durable",Technology,Machines
9232,FUR-BO-10002423,"Safco Floating Shelf Set, Mobile",Furniture,Bookcases
9233,FUR-TA-10001113,"Barricks Training Table, Fully Assembled",Furniture,Tables
9234,FUR-FU-10002055,"Eldon Light Bulb, Black",Furniture,Furnishings
9235,TEC-MA-10001811,"Okidata Card Printer, Durable",Technology,Machines
9236,FUR-TA-10000222,"Bevis Training Table, Adjustable Height",Furniture,Tables
9237,TEC-PH-10002916,"Apple Speaker Phone, with Caller ID",Technology,Phones
9238,TEC-MA-10000087,"StarTech Calculator, White",Technology,Machines
9239,TEC-MA-10004553,"Epson Receipt Printer, Red",Technology,Machines
9240,TEC-CO-10002108,"Brother Personal Copier, Color",Technology,Copiers
9241,FUR-TA-10003179,"Lesro Wood Table, Fully Assembled",Furniture,Tables
9242,FUR-TA-10002833,"Lesro Training Table, Rectangular",Furniture,Tables
9243,FUR-TA-10002957,"Bevis Training Table, Fully Assembled",Furniture,Tables
9244,FUR-BO-10001679,"Ikea 3-Shelf Cabinet, Traditional",Furniture,Bookcases
9245,TEC-AC-10001608,"Memorex Flash Drive, USB",Technology,Accessories
9246,FUR-BO-10000668,"Sauder Classic Bookcase, Mobile",Furniture,Bookcases
9247,TEC-AC-10004938,"Memorex Router, Bluetooth",Technology,Accessories
9248,FUR-TA-10004383,"Bevis Coffee Table, Adjustable Height",Furniture,Tables
9249,FUR-FU-10004995,"Deflect-O Light Bulb, Durable",Furniture,Furnishings
9250,TEC-MA-10001308,"Okidata Printer, Durable",Technology,Machines
9251,FUR-TA-10000687,"Bevis Conference Table, with Bottom Storage",Furniture,Tables
9252,FUR-BO-10003046,"Safco Library with Doors, Mobile",Furniture,Bookcases
9253,FUR-FU-10002246,"Tenex Frame, Duo Pack",Furniture,Furnishings
9254,TEC-AC-10002649,"Belkin Keyboard, Programmable",Technology,Accessories
9255,TEC-CO-10004589,"Canon Wireless Fax, High-Speed",Technology,Copiers
9256,TEC-CO-10001968,"Canon Personal Copier, Color",Technology,Copiers
9257,TEC-CO-10002567,"Hewlett Fax and Copier, Laser",Technology,Copiers
9258,TEC-CO-10004904,"Sharp Fax Machine, Digital",Technology,Copiers
9259,TEC-CO-10000915,"Hewlett Ink, High-Speed",Technology,Copiers
9260,TEC-CO-10001371,"Sharp Fax and Copier, Laser",Technology,Copiers
9261,FUR-TA-10001496,"Barricks Computer Table, Fully Assembled",Furniture,Tables
9262,TEC-CO-10001595,"Brother Copy Machine, Color",Technology,Copiers
9263,TEC-CO-10001264,"Canon Ink, Color",Technology,Copiers
9264,TEC-CO-10002009,"Brother Wireless Fax, High-Speed",Technology,Copiers
9265,TEC-CO-10000961,"Canon Copy Machine, Color",Technology,Copiers
9266,TEC-CO-10000137,"Canon Wireless Fax, Color",Technology,Copiers
9267,TEC-CO-10001968,"Sharp Ink, High-Speed",Technology,Copiers
9268,TEC-CO-10004985,"Hewlett Copy Machine, Color",Technology,Copiers
9269,TEC-CO-10001271,"Sharp Personal Copier, Color",Technology,Copiers
9270,TEC-CO-10003694,"Brother Wireless Fax, Color",Technology,Copiers
9271,TEC-CO-10004928,"Brother Copy Machine, Color",Technology,Copiers
9272,FUR-TA-10001229,"Chromcraft Computer Table, Rectangular",Furniture,Tables
9273,TEC-CO-10000956,"Sharp Copy Machine, Laser",Technology,Copiers
9274,TEC-CO-10003964,"Canon Fax Machine, High-Speed",Technology,Copiers
9275,TEC-CO-10000887,"Hewlett Copy Machine, High-Speed",Technology,Copiers
9276,TEC-CO-10002523,"Hewlett Personal Copier, Laser",Technology,Copiers
9277,TEC-CO-10002759,"HP Copy Machine, Laser",Technology,Copiers
9278,TEC-CO-10001177,"HP Fax and Copier, Color",Technology,Copiers
9279,TEC-CO-10002467,"Sharp Personal Copier, Laser",Technology,Copiers
9280,TEC-CO-10004998,"HP Fax and Copier, Digital",Technology,Copiers
9281,TEC-CO-10003212,"HP Copy Machine, High-Speed",Technology,Copiers
9282,TEC-CO-10000296,"Canon Fax and Copier, Digital",Technology,Copiers
9283,TEC-CO-10003135,"Canon Fax and Copier, High-Speed",Technology,Copiers
9284,TEC-CO-10001001,"HP Fax Machine, Digital",Technology,Copiers
9285,TEC-CO-10001756,"Canon Personal Copier, Color",Technology,Copiers
9286,FUR-TA-10003307,"Barricks Conference Table, Fully Assembled",Furniture,Tables
9287,TEC-CO-10003784,"HP Fax Machine, Laser",Technology,Copiers
9288,TEC-CO-10003142,"Hewlett Fax and Copier, Laser",Technology,Copiers
9289,TEC-CO-10004171,"Sharp Fax and Copier, Digital",Technology,Copiers
9290,TEC-CO-10001037,"Hewlett Personal Copier, High-Speed",Technology,Copiers
9291,FUR-TA-10002146,"Hon Coffee Table, with Bottom Storage",Furniture,Tables
9292,TEC-CO-10000917,"Hewlett Copy Machine, Color",Technology,Copiers
9293,FUR-TA-10004937,"Chromcraft Conference Table, Rectangular",Furniture,Tables
9294,TEC-CO-10003346,"Brother Wireless Fax, Digital",Technology,Copiers
9295,FUR-TA-10003171,"Bevis Training Table, Fully Assembled",Furniture,Tables
9296,TEC-CO-10004468,"Canon Copy Machine, Digital",Technology,Copiers
9297,FUR-TA-10001289,"Lesro Conference Table, Fully Assembled",Furniture,Tables
9298,TEC-PH-10001146,"Nokia Smart Phone, Full Size",Technology,Phones
9299,FUR-BO-10002574,"Bush Corner Shelving, Traditional",Furniture,Bookcases
9300,TEC-AC-10004094,"SanDisk Keyboard, Programmable",Technology,Accessories
9301,TEC-AC-10000766,"SanDisk Mouse, Bluetooth",Technology,Accessories
9302,TEC-AC-10001106,"Belkin Numeric Keypad, Erganomic",Technology,Accessories
9303,TEC-PH-10001846,"Nokia Audio Dock, Cordless",Technology,Phones
9304,FUR-CH-10004801,"Office Star Bag Chairs, Set of Two",Furniture,Chairs
9305,TEC-AC-10002048,"Enermax Flash Drive, Bluetooth",Technology,Accessories
9306,TEC-PH-10000785,"Apple Speaker Phone, Cordless",Technology,Phones
9307,TEC-PH-10001329,"Motorola Headset, Cordless",Technology,Phones
9308,TEC-PH-10000332,"Samsung Smart Phone, VoIP",Technology,Phones
9309,TEC-PH-10000808,"Samsung Smart Phone, Cordless",Technology,Phones
9310,TEC-AC-10000342,"Logitech Numeric Keypad, Programmable",Technology,Accessories
9311,FUR-CH-10004151,"Harbour Creations Steel Folding Chair, Red",Furniture,Chairs
9312,FUR-CH-10001347,"SAFCO Steel Folding Chair, Black",Furniture,Chairs
9313,FUR-BO-10000214,"Ikea Library with Doors, Pine",Furniture,Bookcases
9314,FUR-FU-10001764,"Deflect-O Clock, Black",Furniture,Furnishings
9315,FUR-CH-10002817,"Harbour Creations Chairmat, Set of Two",Furniture,Chairs
9316,FUR-BO-10001318,"Safco Library with Doors, Mobile",Furniture,Bookcases
9317,FUR-BO-10001276,"Safco Floating Shelf Set, Mobile",Furniture,Bookcases
9318,FUR-TA-10001100,"Barricks Computer Table, Fully Assembled",Furniture,Tables
9319,TEC-PH-10004503,"Apple Audio Dock, VoIP",Technology,Phones
9320,FUR-BO-10001524,"Bush Stackable Bookrack, Pine",Furniture,Bookcases
9321,TEC-PH-10001475,"Cisco Office Telephone, VoIP",Technology,Phones
9322,FUR-BO-10004371,"Dania Classic Bookcase, Pine",Furniture,Bookcases
9323,FUR-FU-10001667,"Rubbermaid Stacking Tray, Black",Furniture,Furnishings
9324,TEC-PH-10000373,"Motorola Speaker Phone, with Caller ID",Technology,Phones
9325,FUR-BO-10002592,"Safco Stackable Bookrack, Traditional",Furniture,Bookcases
9326,FUR-BO-10000184,"Sauder Floating Shelf Set, Mobile",Furniture,Bookcases
9327,TEC-AC-10002224,"Belkin Numeric Keypad, USB",Technology,Accessories
9328,TEC-AC-10004812,"SanDisk Mouse, Erganomic",Technology,Accessories
9329,TEC-AC-10002607,"Enermax Mouse, USB",Technology,Accessories
9330,FUR-CH-10001701,"Hon Chairmat, Set of Two",Furniture,Chairs
9331,TEC-AC-10002153,"Logitech Memory Card, Bluetooth",Technology,Accessories
9332,TEC-AC-10002545,"Logitech Router, Bluetooth",Technology,Accessories
9333,FUR-CH-10002693,"Harbour Creations Swivel Stool, Set of Two",Furniture,Chairs
9334,FUR-TA-10000927,"Bevis Conference Table, Fully Assembled",Furniture,Tables
9335,FUR-TA-10003594,"Hon Conference Table, with Bottom Storage",Furniture,Tables
9336,TEC-AC-10003400,"Memorex Flash Drive, USB",Technology,Accessories
9337,TEC-PH-10001413,"Motorola Audio Dock, with Caller ID",Technology,Phones
9338,FUR-CH-10002924,"Novimex Steel Folding Chair, Set of Two",Furniture,Chairs
9339,FUR-CH-10003180,"Novimex Steel Folding Chair, Adjustable",Furniture,Chairs
9340,FUR-BO-10002042,"Bush Classic Bookcase, Metal",Furniture,Bookcases
9341,FUR-BO-10003530,"Safco Classic Bookcase, Metal",Furniture,Bookcases
9342,FUR-CH-10003696,"Novimex Bag Chairs, Black",Furniture,Chairs
9343,FUR-CH-10004062,"Office Star Rocking Chair, Adjustable",Furniture,Chairs
9344,FUR-CH-10004642,"Hon Steel Folding Chair, Set of Two",Furniture,Chairs
9345,FUR-BO-10004935,"Ikea Stackable Bookrack, Mobile",Furniture,Bookcases
9346,FUR-TA-10003449,"Chromcraft Coffee Table, Rectangular",Furniture,Tables
9347,FUR-CH-10003353,"Hon Executive Leather Armchair, Black",Furniture,Chairs
9348,FUR-CH-10000604,"Office Star Rocking Chair, Set of Two",Furniture,Chairs
9349,FUR-CH-10004992,"Hon Bag Chairs, Red",Furniture,Chairs
9350,TEC-PH-10001602,"Samsung Office Telephone, Full Size",Technology,Phones
9351,TEC-PH-10003982,"Cisco Speaker Phone, VoIP",Technology,Phones
9352,FUR-CH-10003733,"Hon Steel Folding Chair, Set of Two",Furniture,Chairs
9353,FUR-CH-10001332,"Hon Chairmat, Black",Furniture,Chairs
9354,FUR-FU-10001657,"Deflect-O Frame, Erganomic",Furniture,Furnishings
9355,TEC-CO-10001818,"Brother Ink, Digital",Technology,Copiers
9356,TEC-CO-10001893,"HP Wireless Fax, Color",Technology,Copiers
9357,FUR-FU-10004923,"Advantus Stacking Tray, Durable",Furniture,Furnishings
9358,TEC-CO-10003541,"HP Copy Machine, Color",Technology,Copiers
9359,TEC-MA-10000772,"StarTech Printer, Red",Technology,Machines
9360,TEC-CO-10004152,"HP Ink, Laser",Technology,Copiers
9361,TEC-CO-10003678,"HP Personal Copier, Color",Technology,Copiers
9362,TEC-CO-10004901,"HP Fax and Copier, Laser",Technology,Copiers
9363,TEC-CO-10002113,"Canon Ink, Digital",Technology,Copiers
9364,TEC-CO-10000388,"Canon Fax Machine, Color",Technology,Copiers
9365,TEC-CO-10001818,"Sharp Wireless Fax, Digital",Technology,Copiers
9366,TEC-CO-10000422,"Brother Personal Copier, Digital",Technology,Copiers
9367,TEC-CO-10004570,"Sharp Personal Copier, Digital",Technology,Copiers
9368,TEC-CO-10001309,"Hewlett Wireless Fax, Laser",Technology,Copiers
9369,TEC-CO-10000534,"Sharp Copy Machine, Color",Technology,Copiers
9370,FUR-FU-10002698,"Deflect-O Clock, Erganomic",Furniture,Furnishings
9371,TEC-MA-10000154,"Panasonic Receipt Printer, Red",Technology,Machines
9372,TEC-MA-10002729,"StarTech Receipt Printer, Red",Technology,Machines
9373,FUR-TA-10003782,"Lesro Training Table, Rectangular",Furniture,Tables
9374,TEC-CO-10002700,"Hewlett Fax and Copier, Digital",Technology,Copiers
9375,TEC-CO-10003007,"Hewlett Fax and Copier, Color",Technology,Copiers
9376,TEC-MA-10001832,"Okidata Card Printer, Durable",Technology,Machines
9377,FUR-TA-10003929,"Hon Computer Table, Fully Assembled",Furniture,Tables
9378,FUR-TA-10001272,"Barricks Training Table, Fully Assembled",Furniture,Tables
9379,FUR-TA-10002912,"Lesro Conference Table, Rectangular",Furniture,Tables
9380,TEC-MA-10004820,"Okidata Card Printer, Wireless",Technology,Machines
9381,FUR-TA-10003855,"Lesro Round Table, with Bottom Storage",Furniture,Tables
9382,FUR-TA-10003522,"Chromcraft Conference Table, with Bottom Storage",Furniture,Tables
9383,FUR-TA-10000518,"Chromcraft Round Table, Fully Assembled",Furniture,Tables
9384,FUR-TA-10004336,"Hon Wood Table, Fully Assembled",Furniture,Tables
9385,FUR-TA-10000310,"Barricks Training Table, Rectangular",Furniture,Tables
9386,FUR-TA-10000136,"Chromcraft Conference Table, Adjustable Height",Furniture,Tables
9387,FUR-TA-10002101,"Bevis Conference Table, Fully Assembled",Furniture,Tables
9388,FUR-TA-10004832,"Hon Conference Table, with Bottom Storage",Furniture,Tables
9389,FUR-TA-10002982,"Lesro Coffee Table, Adjustable Height",Furniture,Tables
9390,FUR-TA-10000245,"Chromcraft Computer Table, Adjustable Height",Furniture,Tables
9391,FUR-TA-10002827,"Hon Computer Table, Fully Assembled",Furniture,Tables
9392,FUR-TA-10001276,"Lesro Training Table, Fully Assembled",Furniture,Tables
9393,FUR-TA-10002885,"Lesro Computer Table, Fully Assembled",Furniture,Tables
9394,FUR-TA-10002482,"Bevis Wood Table, Fully Assembled",Furniture,Tables
9395,FUR-TA-10000671,"Barricks Conference Table, with Bottom Storage",Furniture,Tables
9396,FUR-TA-10001642,"Lesro Round Table, Rectangular",Furniture,Tables
9397,FUR-TA-10001600,"Lesro Coffee Table, Fully Assembled",Furniture,Tables
9398,TEC-CO-10004981,"Sharp Personal Copier, Laser",Technology,Copiers
9399,TEC-CO-10001933,"HP Fax Machine, High-Speed",Technology,Copiers
9400,TEC-CO-10000043,"Brother Fax Machine, Laser",Technology,Copiers
9401,TEC-CO-10004128,"Brother Fax and Copier, Color",Technology,Copiers
9402,TEC-CO-10002434,"Canon Fax and Copier, Laser",Technology,Copiers
9403,TEC-CO-10002110,"Brother Personal Copier, Color",Technology,Copiers
9404,TEC-CO-10004481,"Canon Fax and Copier, Color",Technology,Copiers
9405,TEC-CO-10003048,"Hewlett Wireless Fax, Color",Technology,Copiers
9406,TEC-CO-10002586,"Brother Ink, Color",Technology,Copiers
9407,TEC-CO-10004701,"Sharp Copy Machine, High-Speed",Technology,Copiers
9408,TEC-CO-10000372,"Brother Ink, High-Speed",Technology,Copiers
9409,TEC-CO-10003262,"HP Wireless Fax, Laser",Technology,Copiers
9410,TEC-CO-10003160,"Brother Wireless Fax, Laser",Technology,Copiers
9411,TEC-CO-10004690,"HP Wireless Fax, Digital",Technology,Copiers
9412,TEC-CO-10003370,"HP Ink, Color",Technology,Copiers
9413,TEC-CO-10003655,"Hewlett Wireless Fax, High-Speed",Technology,Copiers
9414,TEC-CO-10002427,"Canon Copy Machine, Laser",Technology,Copiers
9415,TEC-CO-10004521,"HP Personal Copier, Laser",Technology,Copiers
9416,TEC-CO-10003158,"Sharp Wireless Fax, Laser",Technology,Copiers
9417,TEC-CO-10004831,"Brother Copy Machine, High-Speed",Technology,Copiers
9418,TEC-CO-10001742,"Sharp Copy Machine, Color",Technology,Copiers
9419,TEC-CO-10001040,"Canon Personal Copier, Laser",Technology,Copiers
9420,TEC-CO-10000387,"Hewlett Fax Machine, Color",Technology,Copiers
9421,TEC-CO-10000222,"Sharp Fax and Copier, Color",Technology,Copiers
9422,TEC-CO-10001042,"Sharp Fax and Copier, High-Speed",Technology,Copiers
9423,TEC-CO-10002063,"Sharp Fax Machine, Color",Technology,Copiers
9424,TEC-CO-10001560,"Hewlett Ink, Color",Technology,Copiers
9425,TEC-CO-10002768,"Sharp Fax Machine, High-Speed",Technology,Copiers
9426,TEC-CO-10002657,"Canon Copy Machine, High-Speed",Technology,Copiers
9427,TEC-CO-10002089,"Brother Personal Copier, Laser",Technology,Copiers
9428,TEC-CO-10000771,"Canon Wireless Fax, Laser",Technology,Copiers
9429,TEC-CO-10001087,"Hewlett Ink, Laser",Technology,Copiers
9430,TEC-CO-10001580,"HP Ink, Digital",Technology,Copiers
9431,TEC-CO-10004367,"Canon Wireless Fax, Digital",Technology,Copiers
9432,TEC-CO-10002617,"Brother Fax Machine, High-Speed",Technology,Copiers
9433,TEC-CO-10002998,"Sharp Ink, Laser",Technology,Copiers
9434,TEC-CO-10004234,"Canon Fax Machine, Laser",Technology,Copiers
9435,TEC-CO-10000051,"Sharp Wireless Fax, Color",Technology,Copiers
9436,TEC-CO-10001221,"Brother Fax and Copier, Laser",Technology,Copiers
9437,TEC-CO-10003204,"HP Fax and Copier, High-Speed",Technology,Copiers
9438,TEC-CO-10000135,"HP Wireless Fax, High-Speed",Technology,Copiers
9439,TEC-CO-10000262,"Brother Ink, Laser",Technology,Copiers
9440,TEC-CO-10003002,"Canon Personal Copier, Digital",Technology,Copiers
9441,TEC-CO-10001725,"Canon Ink, High-Speed",Technology,Copiers
9442,TEC-CO-10003318,"Hewlett Ink, Digital",Technology,Copiers
9443,TEC-CO-10003931,"Hewlett Fax Machine, High-Speed",Technology,Copiers
9444,TEC-CO-10001275,"Brother Fax and Copier, Digital",Technology,Copiers
9445,TEC-CO-10001824,"Sharp Personal Copier, Color",Technology,Copiers
9446,TEC-CO-10002493,"Hewlett Personal Copier, Color",Technology,Copiers
9447,TEC-CO-10004398,"Brother Copy Machine, Color",Technology,Copiers
9448,TEC-CO-10001937,"Brother Fax and Copier, High-Speed",Technology,Copiers
9449,TEC-CO-10002571,"Hewlett Personal Copier, Digital",Technology,Copiers
9450,TEC-CO-10000266,"Canon Copy Machine, Color",Technology,Copiers
9451,FUR-BO-10004771,"Safco Library with Doors, Traditional",Furniture,Bookcases
9452,TEC-PH-10002483,"Motorola Office Telephone, with Caller ID",Technology,Phones
9453,TEC-AC-10003668,"Enermax Mouse, Programmable",Technology,Accessories
9454,TEC-MA-10001598,"Panasonic Card Printer, Wireless",Technology,Machines
9455,FUR-FU-10003901,"Advantus Stacking Tray, Erganomic",Furniture,Furnishings
9456,TEC-PH-10003361,"Samsung Signal Booster, with Caller ID",Technology,Phones
9457,TEC-PH-10003368,"Samsung Signal Booster, Full Size",Technology,Phones
9458,FUR-TA-10003785,"Hon Round Table, Adjustable Height",Furniture,Tables
9459,FUR-TA-10002235,"Chromcraft Round Table, Adjustable Height",Furniture,Tables
9460,FUR-TA-10001595,"Chromcraft Coffee Table, Adjustable Height",Furniture,Tables
9461,FUR-TA-10000963,"Chromcraft Round Table, with Bottom Storage",Furniture,Tables
9462,FUR-TA-10002979,"Bevis Coffee Table, Rectangular",Furniture,Tables
9463,FUR-TA-10002088,"Barricks Coffee Table, Adjustable Height",Furniture,Tables
9464,FUR-TA-10003319,"Barricks Coffee Table, with Bottom Storage",Furniture,Tables
9465,FUR-TA-10000317,"Barricks Computer Table, Fully Assembled",Furniture,Tables
9466,FUR-TA-10001371,"Chromcraft Coffee Table, Fully Assembled",Furniture,Tables
9467,FUR-TA-10004306,"Barricks Round Table, Fully Assembled",Furniture,Tables
9468,FUR-TA-10001100,"Lesro Training Table, Adjustable Height",Furniture,Tables
9469,FUR-TA-10003597,"Bevis Wood Table, with Bottom Storage",Furniture,Tables
9470,FUR-TA-10000991,"Lesro Computer Table, Adjustable Height",Furniture,Tables
9471,FUR-TA-10004154,"Lesro Round Table, Adjustable Height",Furniture,Tables
9472,FUR-TA-10002093,"Chromcraft Wood Table, Adjustable Height",Furniture,Tables
9473,FUR-TA-10001572,"Hon Wood Table, Rectangular",Furniture,Tables
9474,FUR-BO-10002142,"Ikea Classic Bookcase, Traditional",Furniture,Bookcases
9475,FUR-BO-10002975,"Dania Stackable Bookrack, Traditional",Furniture,Bookcases
9476,FUR-BO-10004899,"Safco Floating Shelf Set, Pine",Furniture,Bookcases
9477,FUR-CH-10001897,"Hon Executive Leather Armchair, Adjustable",Furniture,Chairs
9478,FUR-FU-10004823,"Advantus Clock, Erganomic",Furniture,Furnishings
9479,FUR-FU-10001791,"Tenex Photo Frame, Durable",Furniture,Furnishings
9480,FUR-FU-10003036,"Eldon Door Stop, Durable",Furniture,Furnishings
9481,TEC-CO-10001234,"Canon Fax Machine, Digital",Technology,Copiers
9482,TEC-CO-10004185,"Sharp Personal Copier, High-Speed",Technology,Copiers
9483,TEC-CO-10002381,"Brother Personal Copier, High-Speed",Technology,Copiers
9484,TEC-CO-10002201,"Sharp Ink, Color",Technology,Copiers
9485,TEC-CO-10002271,"Sharp Fax Machine, Laser",Technology,Copiers
9486,OFF-KIT-10003757,"KitchenAid Refrigerator, Red",Office Supplies,Appliances
9487,OFF-ENE-10000012,"Enermax Computer Printout Paper, Recycled",Office Supplies,Paper
9488,OFF-EAT-10000854,"Eaton Parchment Paper, Recycled",Office Supplies,Paper
9489,OFF-HAM-10003040,"Hamilton Beach Stove, White",Office Supplies,Appliances
9490,OFF-KIT-10000624,"KitchenAid Blender, Black",Office Supplies,Appliances
9491,OFF-XER-10000566,"Xerox Note Cards, 8.5 x 11",Office Supplies,Paper
9492,OFF-BRE-10004872,"Breville Blender, Black",Office Supplies,Appliances
9493,OFF-ENE-10003549,"Enermax Cards & Envelopes, Recycled",Office Supplies,Paper
9494,OFF-ACM-10003278,"Acme Trimmer, Easy Grip",Office Supplies,Supplies
9495,OFF-AP-10000663,"Hoover Stove, Red",Office Supplies,Appliances
9496,OFF-LA-10001873,"Harbour Creations Color Coded Labels, Adjustable",Office Supplies,Labels
9497,OFF-AP-10003965,"Cuisinart Stove, White",Office Supplies,Appliances
9498,OFF-FA-10003991,"Stockwell Staples, Bulk Pack",Office Supplies,Fasteners
9499,OFF-LA-10001582,"Smead Round Labels, 5000 Label Set",Office Supplies,Labels
9500,OFF-AP-10000604,"Breville Microwave, Silver",Office Supplies,Appliances
9501,OFF-FA-10004401,"OIC Staples, Metal",Office Supplies,Fasteners
9502,OFF-AP-10003308,"KitchenAid Stove, Black",Office Supplies,Appliances
9503,OFF-EN-10004788,"Ames Mailers, Recycled",Office Supplies,Envelopes
9504,OFF-AR-10002419,"Sanford Markers, Fluorescent",Office Supplies,Art
9505,OFF-SU-10002412,"Stiletto Letter Opener, Steel",Office Supplies,Supplies
9506,OFF-AR-10000067,"Boston Pencil Sharpener, Water Color",Office Supplies,Art
9507,OFF-EN-10003416,"Jiffy Peel and Seal, with clear poly window",Office Supplies,Envelopes
9508,OFF-LA-10000927,"Hon Shipping Labels, Adjustable",Office Supplies,Labels
9509,OFF-AR-10004215,"Binney & Smith Canvas, Fluorescent",Office Supplies,Art
9510,OFF-LA-10001228,"Hon File Folder Labels, Alphabetical",Office Supplies,Labels
9511,OFF-LA-10004700,"Avery Color Coded Labels, Alphabetical",Office Supplies,Labels
9512,OFF-PA-10004296,"Enermax Note Cards, Premium",Office Supplies,Paper
9513,OFF-AR-10002811,"Stanley Pens, Water Color",Office Supplies,Art
9514,OFF-BI-10004251,"Wilson Jones Index Tab, Recycled",Office Supplies,Binders
9515,OFF-PA-10000354,"Xerox Computer Printout Paper, Multicolor",Office Supplies,Paper
9516,OFF-PA-10003556,"Eaton Computer Printout Paper, 8.5 x 11",Office Supplies,Paper
9517,OFF-AP-10004226,"Hamilton Beach Stove, Red",Office Supplies,Appliances
9518,OFF-AP-10001955,"Hoover Microwave, White",Office Supplies,Appliances
9519,OFF-LA-10004543,"Novimex Shipping Labels, Adjustable",Office Supplies,Labels
9520,OFF-EN-10003731,"GlobeWeis Mailers, Set of 50",Office Supplies,Envelopes
9521,OFF-LA-10001256,"Novimex Round Labels, Alphabetical",Office Supplies,Labels
9522,OFF-LA-10003821,"Smead Shipping Labels, Alphabetical",Office Supplies,Labels
9523,OFF-BI-10001279,"Wilson Jones 3-Hole Punch, Durable",Office Supplies,Binders
9524,OFF-BI-10003064,"Cardinal 3-Hole Punch, Clear",Office Supplies,Binders
9525,OFF-AP-10001975,"Cuisinart Microwave, Black",Office Supplies,Appliances
9526,OFF-PA-10001085,"Eaton Computer Printout Paper, Premium",Office Supplies,Paper
9527,OFF-AP-10001408,"KitchenAid Refrigerator, White",Office Supplies,Appliances
9528,OFF-EN-10003737,"Jiffy Mailers, Security-Tint",Office Supplies,Envelopes
9529,OFF-FA-10001832,"Accos Rubber Bands, Metal",Office Supplies,Fasteners
9530,OFF-PA-10003002,"Enermax Message Books, Multicolor",Office Supplies,Paper
9531,OFF-PA-10001115,"SanDisk Parchment Paper, Multicolor",Office Supplies,Paper
9532,OFF-SU-10000817,"Acme Box Cutter, Serrated",Office Supplies,Supplies
9533,OFF-EN-10001768,"Kraft Clasp Envelope, with clear poly window",Office Supplies,Envelopes
9534,OFF-FA-10002831,"OIC Staples, Assorted Sizes",Office Supplies,Fasteners
9535,OFF-LA-10003898,"Hon Removable Labels, 5000 Label Set",Office Supplies,Labels
9536,OFF-SU-10004799,"Elite Ruler, Steel",Office Supplies,Supplies
9537,OFF-EN-10003604,"Jiffy Clasp Envelope, Set of 50",Office Supplies,Envelopes
9538,OFF-EN-10004564,"Jiffy Mailers, Set of 50",Office Supplies,Envelopes
9539,OFF-PA-10001448,"Xerox Note Cards, Recycled",Office Supplies,Paper
9540,OFF-BI-10002859,"Acco Binder, Clear",Office Supplies,Binders
9541,OFF-BI-10004146,"Acco Binding Machine, Recycled",Office Supplies,Binders
9542,OFF-BI-10003718,"Avery Index Tab, Clear",Office Supplies,Binders
9543,OFF-BI-10001927,"Ibico Binding Machine, Durable",Office Supplies,Binders
9544,OFF-EN-10001476,"Ames Interoffice Envelope, Set of 50",Office Supplies,Envelopes
9545,OFF-EN-10004956,"Kraft Manila Envelope, with clear poly window",Office Supplies,Envelopes
9546,OFF-FA-10002708,"Stockwell Staples, 12 Pack",Office Supplies,Fasteners
9547,OFF-SU-10001185,"Acme Letter Opener, Steel",Office Supplies,Supplies
9548,OFF-SU-10003545,"Fiskars Box Cutter, Serrated",Office Supplies,Supplies
9549,OFF-SU-10000047,"Kleencut Box Cutter, Steel",Office Supplies,Supplies
9550,OFF-AR-10001338,"Boston Canvas, Easy-Erase",Office Supplies,Art
9551,OFF-EN-10002096,"GlobeWeis Mailers, Recycled",Office Supplies,Envelopes
9552,OFF-AR-10001571,"Stanley Pens, Blue",Office Supplies,Art
9553,OFF-PA-10002258,"Green Bar Message Books, 8.5 x 11",Office Supplies,Paper
9554,OFF-FA-10003749,"Advantus Rubber Bands, 12 Pack",Office Supplies,Fasteners
9555,OFF-AR-10001029,"Stanley Sketch Pad, Water Color",Office Supplies,Art
9556,OFF-PA-10003389,"Enermax Message Books, Recycled",Office Supplies,Paper
9557,OFF-BI-10000051,"Ibico Binding Machine, Economy",Office Supplies,Binders
9558,OFF-SU-10004317,"Kleencut Box Cutter, Easy Grip",Office Supplies,Supplies
9559,OFF-FA-10004108,"Accos Rubber Bands, 12 Pack",Office Supplies,Fasteners
9560,OFF-SU-10002230,"Fiskars Trimmer, Serrated",Office Supplies,Supplies
9561,OFF-AR-10003688,"Sanford Canvas, Blue",Office Supplies,Art
9562,OFF-EN-10002926,"Cameo Mailers, Set of 50",Office Supplies,Envelopes
9563,OFF-LA-10004749,"Avery Legal Exhibit Labels, Laser Printer Compatible",Office Supplies,Labels
9564,OFF-AP-10003758,"Hamilton Beach Blender, White",Office Supplies,Appliances
9565,OFF-AP-10004749,"Cuisinart Coffee Grinder, Red",Office Supplies,Appliances
9566,OFF-AP-10000934,"Hamilton Beach Stove, Black",Office Supplies,Appliances
9567,OFF-JIF-10003115,"Jiffy Interoffice Envelope, Recycled",Office Supplies,Envelopes
9568,OFF-ELI-10000541,"Elite Trimmer, High Speed",Office Supplies,Supplies
9569,OFF-GRE-10003899,"Green Bar Cards & Envelopes, Recycled",Office Supplies,Paper
9570,OFF-HOO-10003246,"Hoover Blender, Black",Office Supplies,Appliances
9571,OFF-SME-10001800,"Smead Shipping Labels, Laser Printer Compatible",Office Supplies,Labels
9572,OFF-ACC-10004278,"Accos Paper Clips, Bulk Pack",Office Supplies,Fasteners
9573,OFF-AVE-10004732,"Avery Round Labels, 5000 Label Set",Office Supplies,Labels
9574,OFF-ADV-10000425,"Advantus Clamps, Metal",Office Supplies,Fasteners
9575,OFF-AP-10000717,"Hoover Microwave, Black",Office Supplies,Appliances
9576,OFF-EN-10002013,"Kraft Business Envelopes, Security-Tint",Office Supplies,Envelopes
9577,OFF-LA-10001188,"Novimex Shipping Labels, Adjustable",Office Supplies,Labels
9578,OFF-AP-10002361,"Hoover Microwave, Red",Office Supplies,Appliances
9579,OFF-AP-10002128,"Hoover Blender, Black",Office Supplies,Appliances
9580,OFF-AP-10001847,"Breville Toaster, Red",Office Supplies,Appliances
9581,OFF-AP-10001527,"Hamilton Beach Microwave, Black",Office Supplies,Appliances
9582,OFF-AP-10000540,"Hamilton Beach Refrigerator, Red",Office Supplies,Appliances
9583,OFF-AP-10003702,"Cuisinart Refrigerator, White",Office Supplies,Appliances
9584,OFF-AP-10002872,"Cuisinart Coffee Grinder, White",Office Supplies,Appliances
9585,OFF-AP-10004226,"Cuisinart Coffee Grinder, Black",Office Supplies,Appliances
9586,OFF-AP-10001926,"Hamilton Beach Refrigerator, White",Office Supplies,Appliances
9587,OFF-AP-10002904,"Hamilton Beach Refrigerator, Silver",Office Supplies,Appliances
9588,OFF-AP-10003032,"Hamilton Beach Blender, Silver",Office Supplies,Appliances
9589,OFF-AP-10002552,"Hamilton Beach Stove, White",Office Supplies,Appliances
9590,OFF-AP-10001593,"Cuisinart Microwave, Red",Office Supplies,Appliances
9591,OFF-AP-10000195,"Cuisinart Stove, Black",Office Supplies,Appliances
9592,OFF-AP-10004041,"KitchenAid Microwave, White",Office Supplies,Appliances
9593,OFF-AP-10000162,"Breville Microwave, Black",Office Supplies,Appliances
9594,OFF-AR-10001525,"Stanley Highlighters, Blue",Office Supplies,Art
9595,OFF-FA-10002247,"Stockwell Rubber Bands, Metal",Office Supplies,Fasteners
9596,OFF-BI-10004240,"Cardinal Binding Machine, Recycled",Office Supplies,Binders
9597,OFF-LA-10003505,"Avery Legal Exhibit Labels, Laser Printer Compatible",Office Supplies,Labels
9598,OFF-SU-10004304,"Elite Letter Opener, Easy Grip",Office Supplies,Supplies
9599,OFF-AP-10003866,"Breville Microwave, Red",Office Supplies,Appliances
9600,OFF-AP-10000653,"Cuisinart Blender, White",Office Supplies,Appliances
9601,OFF-FA-10004362,"Stockwell Thumb Tacks, Metal",Office Supplies,Fasteners
9602,OFF-FA-10000899,"Stockwell Clamps, 12 Pack",Office Supplies,Fasteners
9603,OFF-LA-10000950,"Avery Color Coded Labels, 5000 Label Set",Office Supplies,Labels
9604,OFF-PA-10004994,"Green Bar Parchment Paper, Premium",Office Supplies,Paper
9605,OFF-SU-10003332,"Elite Letter Opener, Steel",Office Supplies,Supplies
9606,OFF-AP-10003621,"KitchenAid Refrigerator, Red",Office Supplies,Appliances
9607,OFF-SU-10003483,"Fiskars Letter Opener, Easy Grip",Office Supplies,Supplies
9608,OFF-AP-10003511,"Cuisinart Microwave, Black",Office Supplies,Appliances
9609,OFF-BI-10003031,"Acco Index Tab, Economy",Office Supplies,Binders
9610,OFF-SU-10000411,"Stiletto Box Cutter, Easy Grip",Office Supplies,Supplies
9611,OFF-LA-10004877,"Avery File Folder Labels, Laser Printer Compatible",Office Supplies,Labels
9612,OFF-SU-10004727,"Stiletto Letter Opener, Easy Grip",Office Supplies,Supplies
9613,OFF-LA-10000370,"Hon Color Coded Labels, Laser Printer Compatible",Office Supplies,Labels
9614,OFF-AR-10004485,"Sanford Pens, Water Color",Office Supplies,Art
9615,OFF-SU-10003371,"Kleencut Trimmer, High Speed",Office Supplies,Supplies
9616,OFF-AR-10002458,"Stanley Canvas, Easy-Erase",Office Supplies,Art
9617,OFF-SU-10001877,"Elite Ruler, High Speed",Office Supplies,Supplies
9618,OFF-SU-10000175,"Elite Scissors, Easy Grip",Office Supplies,Supplies
9619,OFF-EN-10004977,"Jiffy Manila Envelope, Recycled",Office Supplies,Envelopes
9620,OFF-AP-10002573,"Hamilton Beach Stove, Black",Office Supplies,Appliances
9621,OFF-SU-10000738,"Acme Shears, Steel",Office Supplies,Supplies
9622,OFF-SU-10003343,"Fiskars Scissors, Serrated",Office Supplies,Supplies
9623,OFF-AP-10001824,"Hamilton Beach Blender, Silver",Office Supplies,Appliances
9624,OFF-AR-10000027,"Binney & Smith Pencil Sharpener, Easy-Erase",Office Supplies,Art
9625,OFF-EN-10000454,"GlobeWeis Business Envelopes, Set of 50",Office Supplies,Envelopes
9626,OFF-PA-10004968,"Enermax Computer Printout Paper, Multicolor",Office Supplies,Paper
9627,OFF-AR-10000762,"BIC Pens, Water Color",Office Supplies,Art
9628,OFF-AR-10001134,"Boston Pens, Easy-Erase",Office Supplies,Art
9629,OFF-PA-10004337,"Eaton Computer Printout Paper, Premium",Office Supplies,Paper
9630,OFF-FA-10003332,"Accos Push Pins, 12 Pack",Office Supplies,Fasteners
9631,OFF-AR-10003957,"Stanley Canvas, Fluorescent",Office Supplies,Art
9632,OFF-LA-10003848,"Avery File Folder Labels, 5000 Label Set",Office Supplies,Labels
9633,OFF-BI-10001067,"Avery Binder, Recycled",Office Supplies,Binders
9634,OFF-EN-10002081,"Jiffy Mailers, Set of 50",Office Supplies,Envelopes
9635,OFF-AP-10002882,"KitchenAid Coffee Grinder, Silver",Office Supplies,Appliances
9636,OFF-LA-10000436,"Novimex File Folder Labels, 5000 Label Set",Office Supplies,Labels
9637,OFF-AP-10001329,"KitchenAid Stove, White",Office Supplies,Appliances
9638,OFF-AP-10001197,"KitchenAid Stove, Red",Office Supplies,Appliances
9639,OFF-FA-10002175,"OIC Push Pins, Assorted Sizes",Office Supplies,Fasteners
9640,OFF-LA-10001444,"Avery Round Labels, Alphabetical",Office Supplies,Labels
9641,OFF-BI-10002792,"Ibico Index Tab, Durable",Office Supplies,Binders
9642,OFF-AP-10002239,"Hoover Toaster, White",Office Supplies,Appliances
9643,OFF-LA-10001383,"Smead Shipping Labels, Adjustable",Office Supplies,Labels
9644,OFF-PA-10001531,"Eaton Parchment Paper, 8.5 x 11",Office Supplies,Paper
9645,OFF-FA-10000720,"Advantus Rubber Bands, Bulk Pack",Office Supplies,Fasteners
9646,OFF-EN-10003885,"Ames Interoffice Envelope, Set of 50",Office Supplies,Envelopes
9647,OFF-EN-10004303,"Jiffy Mailers, Recycled",Office Supplies,Envelopes
9648,OFF-EN-10004604,"Ames Peel and Seal, Set of 50",Office Supplies,Envelopes
9649,OFF-AP-10004572,"Cuisinart Stove, Red",Office Supplies,Appliances
9650,OFF-AP-10003318,"Breville Blender, Black",Office Supplies,Appliances
9651,OFF-AP-10003971,"Hoover Toaster, Red",Office Supplies,Appliances
9652,OFF-LA-10000155,"Novimex Round Labels, Alphabetical",Office Supplies,Labels
9653,OFF-SU-10000925,"Acme Shears, Easy Grip",Office Supplies,Supplies
9654,OFF-LA-10002900,"Harbour Creations File Folder Labels, Alphabetical",Office Supplies,Labels
9655,OFF-FA-10002506,"OIC Rubber Bands, 12 Pack",Office Supplies,Fasteners
9656,OFF-AP-10003972,"Hoover Coffee Grinder, Silver",Office Supplies,Appliances
9657,OFF-FA-10000740,"Accos Staples, Bulk Pack",Office Supplies,Fasteners
9658,OFF-LA-10000760,"Harbour Creations Removable Labels, Laser Printer Compatible",Office Supplies,Labels
9659,OFF-LA-10004964,"Smead Shipping Labels, Adjustable",Office Supplies,Labels
9660,OFF-FA-10003020,"Accos Paper Clips, Bulk Pack",Office Supplies,Fasteners
9661,OFF-PA-10003338,"Enermax Parchment Paper, Recycled",Office Supplies,Paper
9662,OFF-PA-10002370,"Xerox Parchment Paper, Recycled",Office Supplies,Paper
9663,OFF-FA-10002890,"Accos Staples, Bulk Pack",Office Supplies,Fasteners
9664,OFF-PA-10002930,"SanDisk Cards & Envelopes, Premium",Office Supplies,Paper
9665,OFF-FA-10001086,"Accos Rubber Bands, Assorted Sizes",Office Supplies,Fasteners
9666,OFF-FA-10001621,"OIC Rubber Bands, Bulk Pack",Office Supplies,Fasteners
9667,OFF-FA-10001010,"Stockwell Clamps, Metal",Office Supplies,Fasteners
9668,OFF-SU-10001382,"Acme Trimmer, Serrated",Office Supplies,Supplies
9669,OFF-SU-10004434,"Kleencut Box Cutter, Easy Grip",Office Supplies,Supplies
9670,OFF-PA-10000976,"Green Bar Cards & Envelopes, Premium",Office Supplies,Paper
9671,OFF-LA-10004795,"Novimex Shipping Labels, Alphabetical",Office Supplies,Labels
9672,OFF-FA-10004545,"Stockwell Push Pins, Metal",Office Supplies,Fasteners
9673,OFF-PA-10003405,"Green Bar Memo Slips, Premium",Office Supplies,Paper
9674,OFF-EN-10000726,"Jiffy Clasp Envelope, Set of 50",Office Supplies,Envelopes
9675,OFF-LA-10002674,"Novimex Legal Exhibit Labels, Adjustable",Office Supplies,Labels
9676,OFF-EN-10002090,"Kraft Peel and Seal, with clear poly window",Office Supplies,Envelopes
9677,OFF-BI-10002278,"Ibico Binder Covers, Economy",Office Supplies,Binders
9678,OFF-BI-10001266,"Acco 3-Hole Punch, Economy",Office Supplies,Binders
9679,OFF-AP-10001621,"Hamilton Beach Refrigerator, Black",Office Supplies,Appliances
9680,OFF-AP-10004494,"Hoover Blender, Black",Office Supplies,Appliances
9681,OFF-AP-10003021,"Breville Stove, White",Office Supplies,Appliances
9682,OFF-AP-10003963,"Breville Microwave, Silver",Office Supplies,Appliances
9683,OFF-AP-10001956,"Breville Refrigerator, Black",Office Supplies,Appliances
9684,OFF-AR-10000578,"BIC Pencil Sharpener, Fluorescent",Office Supplies,Art
9685,OFF-AR-10000091,"BIC Markers, Fluorescent",Office Supplies,Art
9686,OFF-AR-10002681,"Boston Sketch Pad, Fluorescent",Office Supplies,Art
9687,OFF-AR-10001535,"Binney & Smith Sketch Pad, Blue",Office Supplies,Art
9688,OFF-EN-10001755,"Ames Interoffice Envelope, Set of 50",Office Supplies,Envelopes
9689,OFF-AP-10003945,"Breville Toaster, Silver",Office Supplies,Appliances
9690,OFF-PA-10000036,"Green Bar Note Cards, Multicolor",Office Supplies,Paper
9691,OFF-EN-10003859,"Jiffy Interoffice Envelope, with clear poly window",Office Supplies,Envelopes
9692,OFF-EN-10003673,"GlobeWeis Business Envelopes, Set of 50",Office Supplies,Envelopes
9693,OFF-AP-10000213,"Cuisinart Refrigerator, Black",Office Supplies,Appliances
9694,OFF-EN-10001044,"Kraft Manila Envelope, Set of 50",Office Supplies,Envelopes
9695,OFF-PA-10000721,"Enermax Cards & Envelopes, Recycled",Office Supplies,Paper
9696,OFF-FA-10002025,"Stockwell Clamps, Bulk Pack",Office Supplies,Fasteners
9697,OFF-AP-10000977,"Cuisinart Toaster, Red",Office Supplies,Appliances
9698,OFF-PA-10003808,"SanDisk Note Cards, Premium",Office Supplies,Paper
9699,OFF-EN-10002524,"Cameo Peel and Seal, with clear poly window",Office Supplies,Envelopes
9700,OFF-PA-10001421,"Green Bar Memo Slips, 8.5 x 11",Office Supplies,Paper
9701,OFF-PA-10003699,"SanDisk Parchment Paper, Recycled",Office Supplies,Paper
9702,OFF-SU-10002363,"Fiskars Letter Opener, Easy Grip",Office Supplies,Supplies
9703,OFF-AP-10000078,"Breville Toaster, Silver",Office Supplies,Appliances
9704,OFF-AR-10000283,"Stanley Highlighters, Blue",Office Supplies,Art
9705,OFF-PA-10003320,"Green Bar Parchment Paper, Recycled",Office Supplies,Paper
9706,OFF-PA-10002611,"Green Bar Parchment Paper, Multicolor",Office Supplies,Paper
9707,OFF-SU-10003537,"Stiletto Letter Opener, Easy Grip",Office Supplies,Supplies
9708,OFF-AP-10000381,"Hoover Refrigerator, Red",Office Supplies,Appliances
9709,OFF-BI-10003323,"Cardinal Hole Reinforcements, Clear",Office Supplies,Binders
9710,OFF-SU-10000596,"Stiletto Trimmer, Steel",Office Supplies,Supplies
9711,OFF-EN-10000863,"Ames Business Envelopes, Set of 50",Office Supplies,Envelopes
9712,OFF-AP-10003850,"Hoover Blender, White",Office Supplies,Appliances
9713,OFF-EN-10002263,"GlobeWeis Interoffice Envelope, with clear poly window",Office Supplies,Envelopes
9714,OFF-FA-10001957,"OIC Push Pins, Bulk Pack",Office Supplies,Fasteners
9715,OFF-PA-10001351,"Enermax Message Books, Multicolor",Office Supplies,Paper
9716,OFF-LA-10003929,"Novimex Legal Exhibit Labels, Adjustable",Office Supplies,Labels
9717,OFF-SU-10004802,"Stiletto Shears, Serrated",Office Supplies,Supplies
9718,OFF-BI-10002628,"Avery 3-Hole Punch, Economy",Office Supplies,Binders
9719,OFF-FA-10002637,"OIC Clamps, Bulk Pack",Office Supplies,Fasteners
9720,OFF-LA-10004137,"Harbour Creations Legal Exhibit Labels, Laser Printer Compatible",Office Supplies,Labels
9721,OFF-PA-10000588,"SanDisk Cards & Envelopes, 8.5 x 11",Office Supplies,Paper
9722,OFF-PA-10001691,"Green Bar Note Cards, Premium",Office Supplies,Paper
9723,OFF-BI-10002975,"Wilson Jones Index Tab, Clear",Office Supplies,Binders
9724,OFF-LA-10003155,"Novimex Round Labels, Laser Printer Compatible",Office Supplies,Labels
9725,OFF-SU-10001087,"Elite Shears, Easy Grip",Office Supplies,Supplies
9726,OFF-AP-10003354,"KitchenAid Microwave, White",Office Supplies,Appliances
9727,OFF-EN-10003176,"Cameo Manila Envelope, Set of 50",Office Supplies,Envelopes
9728,OFF-AP-10004350,"KitchenAid Refrigerator, Red",Office Supplies,Appliances
9729,OFF-PA-10004673,"Xerox Message Books, Multicolor",Office Supplies,Paper
9730,OFF-LA-10001538,"Hon File Folder Labels, 5000 Label Set",Office Supplies,Labels
9731,OFF-AP-10002041,"Cuisinart Toaster, White",Office Supplies,Appliances
9732,OFF-AR-10004746,"Binney & Smith Highlighters, Easy-Erase",Office Supplies,Art
9733,OFF-FA-10004243,"OIC Staples, Assorted Sizes",Office Supplies,Fasteners
9734,OFF-LA-10002770,"Novimex Color Coded Labels, Adjustable",Office Supplies,Labels
9735,OFF-AR-10001645,"Boston Pens, Blue",Office Supplies,Art
9736,OFF-EN-10000182,"Jiffy Peel and Seal, Security-Tint",Office Supplies,Envelopes
9737,OFF-LA-10004112,"Hon Shipping Labels, Alphabetical",Office Supplies,Labels
9738,OFF-FA-10003587,"Advantus Push Pins, Assorted Sizes",Office Supplies,Fasteners
9739,OFF-EN-10001727,"Jiffy Business Envelopes, Recycled",Office Supplies,Envelopes
9740,OFF-PA-10003527,"Xerox Memo Slips, 8.5 x 11",Office Supplies,Paper
9741,OFF-BI-10004193,"Avery Index Tab, Clear",Office Supplies,Binders
9742,OFF-EN-10002808,"Cameo Business Envelopes, Set of 50",Office Supplies,Envelopes
9743,OFF-LA-10003119,"Hon Color Coded Labels, 5000 Label Set",Office Supplies,Labels
9744,OFF-BI-10001456,"Avery Binder, Economy",Office Supplies,Binders
9745,OFF-FA-10002900,"Stockwell Thumb Tacks, 12 Pack",Office Supplies,Fasteners
9746,OFF-EN-10003520,"Kraft Mailers, Recycled",Office Supplies,Envelopes
9747,OFF-SU-10003688,"Acme Shears, High Speed",Office Supplies,Supplies
9748,OFF-FA-10001039,"Stockwell Clamps, 12 Pack",Office Supplies,Fasteners
9749,OFF-BI-10002711,"Acco Binding Machine, Clear",Office Supplies,Binders
9750,OFF-FA-10003668,"Accos Rubber Bands, 12 Pack",Office Supplies,Fasteners
9751,OFF-EN-10003729,"Kraft Manila Envelope, Recycled",Office Supplies,Envelopes
9752,OFF-AP-10003588,"Hoover Refrigerator, Silver",Office Supplies,Appliances
9753,OFF-AR-10003291,"BIC Canvas, Fluorescent",Office Supplies,Art
9754,OFF-SU-10003582,"Elite Scissors, High Speed",Office Supplies,Supplies
9755,OFF-AP-10001285,"Cuisinart Stove, Red",Office Supplies,Appliances
9756,OFF-PA-10003681,"Green Bar Message Books, Premium",Office Supplies,Paper
9757,OFF-AP-10000751,"Breville Refrigerator, Black",Office Supplies,Appliances
9758,OFF-AP-10000604,"Hamilton Beach Coffee Grinder, Black",Office Supplies,Appliances
9759,OFF-JIF-10004777,"Jiffy Clasp Envelope, Recycled",Office Supplies,Envelopes
9760,OFF-JIF-10000556,"Jiffy Interoffice Envelope, Security-Tint",Office Supplies,Envelopes
9761,OFF-STO-10004971,"Stockwell Paper Clips, Assorted Sizes",Office Supplies,Fasteners
9762,OFF-ENE-10001117,"Enermax Message Books, 8.5 x 11",Office Supplies,Paper
9763,OFF-ELI-10003911,"Elite Shears, Serrated",Office Supplies,Supplies
9764,OFF-AME-10002697,"Ames Business Envelopes, Recycled",Office Supplies,Envelopes
9765,OFF-OIC-10004622,"OIC Thumb Tacks, Bulk Pack",Office Supplies,Fasteners
9766,OFF-CAM-10000192,"Cameo Interoffice Envelope, with clear poly window",Office Supplies,Envelopes
9767,OFF-NOV-10000986,"Novimex File Folder Labels, Adjustable",Office Supplies,Labels
9768,OFF-HAM-10001387,"Hamilton Beach Coffee Grinder, Black",Office Supplies,Appliances
9769,OFF-ST-10001358,"Rogers Folders, Wire Frame",Office Supplies,Storage
9770,OFF-ST-10001229,"Fellowes Box, Single Width",Office Supplies,Storage
9771,OFF-ST-10003964,"Fellowes Lockers, Industrial",Office Supplies,Storage
9772,OFF-ST-10001342,"Fellowes Trays, Blue",Office Supplies,Storage
9773,OFF-ST-10000643,"Eldon Trays, Industrial",Office Supplies,Storage
9774,OFF-ST-10004947,"Tenex Trays, Industrial",Office Supplies,Storage
9775,OFF-ST-10000917,"Fellowes File Cart, Wire Frame",Office Supplies,Storage
9776,OFF-ST-10001513,"Fellowes Folders, Blue",Office Supplies,Storage
9777,OFF-ST-10004160,"Tenex Trays, Wire Frame",Office Supplies,Storage
9778,OFF-ST-10003489,"Smead Shelving, Wire Frame",Office Supplies,Storage
9779,OFF-ST-10003111,"Eldon Trays, Single Width",Office Supplies,Storage
9780,OFF-ST-10003331,"Smead Box, Single Width",Office Supplies,Storage
9781,OFF-ST-10001413,"Rogers Folders, Blue",Office Supplies,Storage
9782,OFF-ST-10004097,"Tenex Box, Wire Frame",Office Supplies,Storage
9783,OFF-ST-10004428,"Tenex Lockers, Industrial",Office Supplies,Storage
9784,OFF-ST-10002622,"Smead File Cart, Single Width",Office Supplies,Storage
9785,OFF-ST-10000288,"Fellowes Lockers, Industrial",Office Supplies,Storage
9786,OFF-ST-10003331,"Rogers File Cart, Single Width",Office Supplies,Storage
9787,OFF-ST-10004897,"Tenex Folders, Blue",Office Supplies,Storage
9788,OFF-ST-10003785,"Eldon Lockers, Blue",Office Supplies,Storage
9789,OFF-ST-10001213,"Smead Shelving, Industrial",Office Supplies,Storage
9790,OFF-ST-10000123,"Fellowes Folders, Wire Frame",Office Supplies,Storage
9791,OFF-ST-10000130,"Eldon Trays, Wire Frame",Office Supplies,Storage
9792,OFF-ST-10003132,"Fellowes Box, Blue",Office Supplies,Storage
9793,OFF-ST-10001255,"Fellowes Trays, Single Width",Office Supplies,Storage
9794,OFF-ST-10000022,"Eldon Folders, Industrial",Office Supplies,Storage
9795,OFF-ST-10002659,"Smead Shelving, Wire Frame",Office Supplies,Storage
9796,OFF-ST-10002220,"Fellowes File Cart, Blue",Office Supplies,Storage
9797,OFF-ST-10001776,"Eldon Trays, Wire Frame",Office Supplies,Storage
9798,OFF-ST-10001414,"Rogers Lockers, Wire Frame",Office Supplies,Storage
9799,OFF-ST-10000695,"Rogers Lockers, Wire Frame",Office Supplies,Storage
9800,OFF-ST-10000632,"Rogers Shelving, Single Width",Office Supplies,Storage
9801,OFF-ST-10002399,"Tenex Folders, Single Width",Office Supplies,Storage
9802,OFF-ST-10002800,"Tenex Folders, Industrial",Office Supplies,Storage
9803,FUR-BO-10003880,"Dania Corner Shelving, Pine",Furniture,Bookcases
9804,FUR-TA-10004653,"Chromcraft Training Table, Rectangular",Furniture,Tables
9805,FUR-TA-10000989,"Lesro Conference Table, Rectangular",Furniture,Tables
9806,OFF-SU-10000113,"Acme Shears, Easy Grip",Office Supplies,Supplies
9807,TEC-PH-10000641,"Motorola Headset, Full Size",Technology,Phones
9808,TEC-CO-10001468,"Brother Fax Machine, Digital",Technology,Copiers
9809,TEC-CO-10002404,"HP Fax Machine, Color",Technology,Copiers
9810,OFF-LA-10004714,"Novimex File Folder Labels, Laser Printer Compatible",Office Supplies,Labels
9811,FUR-TA-10001935,"Hon Coffee Table, Fully Assembled",Furniture,Tables
9812,TEC-MA-10004172,"Konica Printer, Red",Technology,Machines
9813,FUR-CH-10001663,"SAFCO Chairmat, Set of Two",Furniture,Chairs
9814,FUR-TA-10002065,"Bevis Round Table, Rectangular",Furniture,Tables
9815,OFF-AP-10000487,"Hoover Stove, Silver",Office Supplies,Appliances
9816,FUR-CH-10002226,"Hon Steel Folding Chair, Black",Furniture,Chairs
9817,OFF-FA-10004775,"Accos Staples, 12 Pack",Office Supplies,Fasteners
9818,OFF-AP-10000844,"Breville Toaster, Black",Office Supplies,Appliances
9819,OFF-AR-10004559,"Stanley Pencil Sharpener, Easy-Erase",Office Supplies,Art
9820,OFF-BI-10002594,"Wilson Jones Binding Machine, Durable",Office Supplies,Binders
9821,OFF-FA-10001670,"Stockwell Thumb Tacks, Metal",Office Supplies,Fasteners
9822,TEC-CO-10004406,"Sharp Fax Machine, Digital",Technology,Copiers
9823,TEC-PH-10000237,"Motorola Office Telephone, with Caller ID",Technology,Phones
9824,TEC-CO-10001391,"Sharp Ink, Color",Technology,Copiers
9825,TEC-STA-10004834,"StarTech Receipt Printer, Red",Technology,Machines
9826,OFF-FA-10001072,"Advantus Clamps, 12 Pack",Office Supplies,Fasteners
9827,FUR-CH-10000089,"Hon Rocking Chair, Black",Furniture,Chairs
9828,OFF-BI-10000707,"Wilson Jones 3-Hole Punch, Economy",Office Supplies,Binders
9829,FUR-TA-10001930,"Bevis Computer Table, with Bottom Storage",Furniture,Tables
9830,OFF-AP-10004499,"Cuisinart Stove, Red",Office Supplies,Appliances
9831,FUR-TA-10003771,"Hon Computer Table, Adjustable Height",Furniture,Tables
9832,OFF-EN-10004173,"Jiffy Manila Envelope, Set of 50",Office Supplies,Envelopes
9833,FUR-CH-10000214,"Harbour Creations Bag Chairs, Black",Furniture,Chairs
9834,FUR-CH-10000214,"Hon Rocking Chair, Set of Two",Furniture,Chairs
9835,FUR-CH-10000666,"SAFCO Chairmat, Black",Furniture,Chairs
9836,TEC-AC-10002881,"Belkin Numeric Keypad, Bluetooth",Technology,Accessories
9837,FUR-FU-10004421,"Tenex Clock, Durable",Furniture,Furnishings
9838,OFF-BI-10001815,"Acco Index Tab, Economy",Office Supplies,Binders
9839,FUR-TA-10003518,"Chromcraft Training Table, Fully Assembled",Furniture,Tables
9840,FUR-TA-10003079,"Hon Training Table, Rectangular",Furniture,Tables
9841,FUR-TA-10004667,"Bevis Wood Table, Adjustable Height",Furniture,Tables
9842,OFF-BI-10003919,"Ibico 3-Hole Punch, Recycled",Office Supplies,Binders
9843,FUR-TA-10001327,"Barricks Training Table, Rectangular",Furniture,Tables
9844,FUR-TA-10002638,"Barricks Wood Table, Rectangular",Furniture,Tables
9845,OFF-AR-10000156,"Binney & Smith Markers, Blue",Office Supplies,Art
9846,FUR-TA-10001633,"Bevis Wood Table, with Bottom Storage",Furniture,Tables
9847,OFF-AP-10003945,"Hamilton Beach Stove, Red",Office Supplies,Appliances
9848,OFF-EN-10002002,"Cameo Peel and Seal, Security-Tint",Office Supplies,Envelopes
9849,OFF-BI-10001546,"Acco Index Tab, Clear",Office Supplies,Binders
9850,OFF-ST-10001335,"Tenex Trays, Blue",Office Supplies,Storage
9851,TEC-PH-10001754,"Cisco Office Telephone, with Caller ID",Technology,Phones
9852,OFF-ST-10002515,"Eldon Lockers, Wire Frame",Office Supplies,Storage
9853,FUR-IKE-10002147,"Ikea 3-Shelf Cabinet, Traditional",Furniture,Bookcases
9854,FUR-TA-10001285,"Chromcraft Conference Table, Fully Assembled",Furniture,Tables
9855,FUR-TA-10003451,"Hon Coffee Table, Adjustable Height",Furniture,Tables
9856,TEC-PH-10004223,"Cisco Speaker Phone, Full Size",Technology,Phones
9857,FUR-TA-10003485,"Bevis Training Table, Rectangular",Furniture,Tables
9858,FUR-TA-10001726,"Bevis Coffee Table, Fully Assembled",Furniture,Tables
9859,TEC-CO-10001450,"Canon Personal Copier, High-Speed",Technology,Copiers
9860,OFF-PA-10004627,"Eaton Computer Printout Paper, Multicolor",Office Supplies,Paper
9861,FUR-BO-10004483,"Ikea Floating Shelf Set, Pine",Furniture,Bookcases
9862,FUR-BO-10001436,"Bush Corner Shelving, Traditional",Furniture,Bookcases
9863,TEC-MA-10001335,"Epson Printer, Durable",Technology,Machines
9864,FUR-CH-10003499,"SAFCO Swivel Stool, Red",Furniture,Chairs
9865,FUR-CH-10000568,"Hon Bag Chairs, Black",Furniture,Chairs
9866,FUR-TA-10001693,"Bevis Training Table, with Bottom Storage",Furniture,Tables
9867,TEC-MA-10001139,"Okidata Receipt Printer, Wireless",Technology,Machines
9868,FUR-CH-10000690,"Novimex Bag Chairs, Black",Furniture,Chairs
9869,FUR-CH-10002927,"Office Star Swivel Stool, Black",Furniture,Chairs
9870,FUR-TA-10002544,"Barricks Training Table, Fully Assembled",Furniture,Tables
9871,TEC-MA-10002249,"StarTech Calculator, Wireless",Technology,Machines
9872,TEC-MA-10003390,"Okidata Printer, Durable",Technology,Machines
9873,FUR-FU-10000640,"Tenex Light Bulb, Duo Pack",Furniture,Furnishings
9874,TEC-AC-10002938,"Enermax Memory Card, USB",Technology,Accessories
9875,FUR-CH-10002438,"SAFCO Executive Leather Armchair, Red",Furniture,Chairs
9876,FUR-BO-10000517,"Ikea Stackable Bookrack, Metal",Furniture,Bookcases
9877,FUR-TA-10004972,"Chromcraft Wood Table, Rectangular",Furniture,Tables
9878,FUR-BO-10003174,"Dania Floating Shelf Set, Pine",Furniture,Bookcases
9879,TEC-MA-10002989,"Panasonic Printer, White",Technology,Machines
9880,FUR-CH-10003155,"Harbour Creations Bag Chairs, Red",Furniture,Chairs
9881,TEC-AC-10002025,"Memorex Flash Drive, Bluetooth",Technology,Accessories
9882,FUR-FU-10002784,"Advantus Photo Frame, Duo Pack",Furniture,Furnishings
9883,FUR-BO-10001699,"Ikea 3-Shelf Cabinet, Mobile",Furniture,Bookcases
9884,FUR-FU-10000483,"Tenex Clock, Durable",Furniture,Furnishings
9885,FUR-BO-10004103,"Dania Library with Doors, Pine",Furniture,Bookcases
9886,TEC-AC-10001831,"Memorex Keyboard, Bluetooth",Technology,Accessories
9887,FUR-TA-10003887,"Hon Conference Table, Adjustable Height",Furniture,Tables
9888,FUR-FU-10002170,"Deflect-O Frame, Duo Pack",Furniture,Furnishings
9889,FUR-CH-10003621,"Harbour Creations Chairmat, Adjustable",Furniture,Chairs
9890,FUR-TA-10000750,"Hon Round Table, Fully Assembled",Furniture,Tables
9891,TEC-CO-10004081,"HP Personal Copier, High-Speed",Technology,Copiers
9892,TEC-PH-10001137,"Samsung Speaker Phone, with Caller ID",Technology,Phones
9893,FUR-BO-10004238,"Ikea Corner Shelving, Pine",Furniture,Bookcases
9894,TEC-PH-10003486,"Apple Audio Dock, Cordless",Technology,Phones
9895,TEC-CO-10004306,"HP Copy Machine, Color",Technology,Copiers
9896,FUR-CH-10000920,"Novimex Executive Leather Armchair, Adjustable",Furniture,Chairs
9897,FUR-TA-10004249,"Lesro Wood Table, Fully Assembled",Furniture,Tables
9898,TEC-AC-10002842,"Memorex Mouse, Bluetooth",Technology,Accessories
9899,TEC-MA-10002263,"Panasonic Inkjet, White",Technology,Machines
9900,FUR-CH-10004355,"Harbour Creations Rocking Chair, Set of Two",Furniture,Chairs
9901,TEC-CO-10001978,"Hewlett Fax and Copier, High-Speed",Technology,Copiers
9902,FUR-TA-10004680,"Lesro Wood Table, Fully Assembled",Furniture,Tables
9903,TEC-CO-10002504,"Brother Copy Machine, Laser",Technology,Copiers
9904,TEC-CO-10000344,"Hewlett Copy Machine, Color",Technology,Copiers
9905,TEC-CO-10000395,"Hewlett Fax Machine, Laser",Technology,Copiers
9906,FUR-DEF-10001477,"Deflect-O Door Stop, Erganomic",Furniture,Furnishings
9907,TEC-CO-10003420,"Sharp Wireless Fax, High-Speed",Technology,Copiers
9908,TEC-CO-10001919,"Brother Fax Machine, Color",Technology,Copiers
9909,TEC-MA-10000868,"Panasonic Phone, Wireless",Technology,Machines
9910,FUR-FU-10001933,"Deflect-O Door Stop, Duo Pack",Furniture,Furnishings
9911,TEC-AC-10000540,"Memorex Numeric Keypad, USB",Technology,Accessories
9912,FUR-CH-10003097,"Hon Rocking Chair, Black",Furniture,Chairs
9913,TEC-AC-10000218,"SanDisk Numeric Keypad, USB",Technology,Accessories
9914,FUR-TA-10003748,"Bevis Round Table, Adjustable Height",Furniture,Tables
9915,FUR-CH-10004448,"Hon Chairmat, Set of Two",Furniture,Chairs
9916,TEC-AC-10002340,"Logitech Router, Bluetooth",Technology,Accessories
9917,TEC-PH-10000160,"Motorola Signal Booster, Cordless",Technology,Phones
9918,FUR-TA-10001968,"Bevis Computer Table, with Bottom Storage",Furniture,Tables
9919,TEC-MA-10004975,"Konica Calculator, White",Technology,Machines
9920,TEC-MA-10001248,"StarTech Inkjet, Wireless",Technology,Machines
9921,TEC-MA-10002226,"Epson Phone, Red",Technology,Machines
9922,FUR-TA-10003222,"Barricks Wood Table, with Bottom Storage",Furniture,Tables
9923,FUR-FU-10001130,"Rubbermaid Stacking Tray, Erganomic",Furniture,Furnishings
9924,FUR-TA-10004745,"Chromcraft Conference Table, Rectangular",Furniture,Tables
9925,TEC-MA-10001127,"Epson Inkjet, Wireless",Technology,Machines
9926,TEC-PH-10001084,"Nokia Office Telephone, VoIP",Technology,Phones
9927,TEC-AC-10003034,"Belkin Keyboard, Erganomic",Technology,Accessories
9928,TEC-CO-10004343,"HP Wireless Fax, Color",Technology,Copiers
9929,FUR-FU-10001902,"Deflect-O Stacking Tray, Durable",Furniture,Furnishings
9930,TEC-AC-10004171,"SanDisk Numeric Keypad, Bluetooth",Technology,Accessories
9931,TEC-AC-10000540,"Logitech Mouse, Erganomic",Technology,Accessories
9932,FUR-BO-10001872,"Bush Stackable Bookrack, Pine",Furniture,Bookcases
9933,FUR-BO-10003985,"Sauder Classic Bookcase, Traditional",Furniture,Bookcases
9934,TEC-CO-10000601,"Brother Ink, Laser",Technology,Copiers
9935,FUR-TA-10000299,"Lesro Round Table, Adjustable Height",Furniture,Tables
9936,TEC-AC-10000115,"SanDisk Keyboard, USB",Technology,Accessories
9937,TEC-PH-10002904,"Motorola Office Telephone, Cordless",Technology,Phones
9938,FUR-TA-10003576,"Hon Coffee Table, Adjustable Height",Furniture,Tables
9939,TEC-CO-10003353,"HP Personal Copier, High-Speed",Technology,Copiers
9940,TEC-MA-10001527,"Panasonic Calculator, White",Technology,Machines
9941,FUR-TA-10000490,"Lesro Training Table, with Bottom Storage",Furniture,Tables
9942,TEC-CO-10004125,"HP Ink, High-Speed",Technology,Copiers
9943,FUR-TA-10004308,"Lesro Wood Table, Adjustable Height",Furniture,Tables
9944,FUR-BO-10001596,"Dania Library with Doors, Mobile",Furniture,Bookcases
9945,FUR-TA-10003641,"Barricks Wood Table, with Bottom Storage",Furniture,Tables
9946,FUR-CH-10001588,"Hon Executive Leather Armchair, Red",Furniture,Chairs
9947,TEC-MA-10003101,"Panasonic Receipt Printer, Wireless",Technology,Machines
9948,FUR-CH-10002378,"Harbour Creations Swivel Stool, Black",Furniture,Chairs
9949,FUR-CH-10001784,"SAFCO Bag Chairs, Adjustable",Furniture,Chairs
9950,FUR-BO-10001873,"Ikea Floating Shelf Set, Mobile",Furniture,Bookcases
9951,TEC-AC-10004102,"SanDisk Mouse, USB",Technology,Accessories
9952,FUR-TA-10004219,"Bevis Computer Table, with Bottom Storage",Furniture,Tables
9953,TEC-PH-10004162,"Samsung Speaker Phone, Cordless",Technology,Phones
9954,TEC-MA-10002629,"Konica Inkjet, Wireless",Technology,Machines
9955,FUR-CH-10002891,"Hon Executive Leather Armchair, Adjustable",Furniture,Chairs
9956,FUR-CH-10002275,"Novimex Executive Leather Armchair, Adjustable",Furniture,Chairs
9957,TEC-MA-10003779,"Konica Printer, Durable",Technology,Machines
9958,FUR-TA-10003926,"Hon Wood Table, with Bottom Storage",Furniture,Tables
9959,FUR-TA-10002789,"Hon Coffee Table, with Bottom Storage",Furniture,Tables
9960,FUR-FU-10000813,"Tenex Door Stop, Durable",Furniture,Furnishings
9961,TEC-MA-10002424,"StarTech Phone, Durable",Technology,Machines
9962,FUR-BO-10000514,"Bush Library with Doors, Traditional",Furniture,Bookcases
9963,TEC-CO-10003622,"Sharp Ink, Digital",Technology,Copiers
9964,TEC-CO-10001093,"HP Personal Copier, Digital",Technology,Copiers
9965,FUR-TA-10001602,"Barricks Round Table, Adjustable Height",Furniture,Tables
9966,TEC-MA-10002525,"StarTech Phone, Durable",Technology,Machines
9967,FUR-FU-10003910,"Rubbermaid Stacking Tray, Durable",Furniture,Furnishings
9968,OFF-AR-10002060,"Stanley Pens, Fluorescent",Office Supplies,Art
9969,OFF-EN-10000232,"Kraft Peel and Seal, Recycled",Office Supplies,Envelopes
9970,OFF-LA-10003215,"Smead File Folder Labels, Laser Printer Compatible",Office Supplies,Labels
9971,OFF-AP-10001178,"KitchenAid Stove, Red",Office Supplies,Appliances
9972,OFF-AP-10000003,"KitchenAid Refrigerator, White",Office Supplies,Appliances
9973,OFF-AP-10003912,"Hoover Blender, Silver",Office Supplies,Appliances
9974,OFF-AP-10004825,"Cuisinart Toaster, Red",Office Supplies,Appliances
9975,OFF-BI-10004376,"Ibico Index Tab, Economy",Office Supplies,Binders
9976,OFF-EN-10003920,"Jiffy Business Envelopes, Set of 50",Office Supplies,Envelopes
9977,OFF-LA-10004166,"Avery Legal Exhibit Labels, 5000 Label Set",Office Supplies,Labels
9978,OFF-AP-10003442,"Hamilton Beach Coffee Grinder, Black",Office Supplies,Appliances
9979,OFF-FA-10001111,"Advantus Rubber Bands, 12 Pack",Office Supplies,Fasteners
9980,OFF-AR-10000401,"Binney & Smith Highlighters, Water Color",Office Supplies,Art
9981,OFF-BI-10000390,"Cardinal Index Tab, Clear",Office Supplies,Binders
9982,OFF-EN-10003685,"Jiffy Mailers, with clear poly window",Office Supplies,Envelopes
9983,OFF-SU-10002325,"Stiletto Trimmer, High Speed",Office Supplies,Supplies
9984,OFF-AR-10004049,"Stanley Sketch Pad, Fluorescent",Office Supplies,Art
9985,OFF-AR-10004362,"Sanford Canvas, Water Color",Office Supplies,Art
9986,OFF-BI-10001819,"Cardinal Binder, Clear",Office Supplies,Binders
9987,OFF-EN-10002959,"GlobeWeis Mailers, with clear poly window",Office Supplies,Envelopes
9988,OFF-BI-10003417,"Ibico Hole Reinforcements, Economy",Office Supplies,Binders
9989,OFF-EN-10004443,"Ames Mailers, Security-Tint",Office Supplies,Envelopes
9990,OFF-EN-10001647,"GlobeWeis Interoffice Envelope, Security-Tint",Office Supplies,Envelopes
9991,OFF-EN-10003272,"Jiffy Clasp Envelope, Recycled",Office Supplies,Envelopes
9992,OFF-FA-10000134,"Stockwell Push Pins, Assorted Sizes",Office Supplies,Fasteners
9993,OFF-PA-10001409,"Green Bar Memo Slips, Multicolor",Office Supplies,Paper
9994,OFF-FA-10003399,"Accos Paper Clips, Metal",Office Supplies,Fasteners
9995,OFF-FA-10003850,"Stockwell Push Pins, 12 Pack",Office Supplies,Fasteners
9996,OFF-BI-10001284,"Ibico Hole Reinforcements, Clear",Office Supplies,Binders
9997,OFF-AP-10004821,"Hamilton Beach Stove, Black",Office Supplies,Appliances
9998,OFF-AR-10002153,"Sanford Pens, Fluorescent",Office Supplies,Art
9999,OFF-BI-10002607,"Ibico Binder Covers, Clear",Office Supplies,Binders
10000,OFF-EN-10003544,"Ames Peel and Seal, Recycled",Office Supplies,Envelopes
10001,OFF-BI-10003009,"Ibico 3-Hole Punch, Clear",Office Supplies,Binders
10002,OFF-SME-10000258,"Smead Removable Labels, 5000 Label Set",Office Supplies,Labels
10003,OFF-AP-10001322,"Hamilton Beach Stove, Silver",Office Supplies,Appliances
10004,OFF-EN-10002849,"Kraft Interoffice Envelope, with clear poly window",Office Supplies,Envelopes
10005,OFF-AP-10000818,"Hoover Blender, Black",Office Supplies,Appliances
10006,OFF-EN-10002936,"GlobeWeis Business Envelopes, with clear poly window",Office Supplies,Envelopes
10007,OFF-AR-10001195,"Stanley Canvas, Water Color",Office Supplies,Art
10008,OFF-BI-10000636,"Ibico Hole Reinforcements, Recycled",Office Supplies,Binders
10009,OFF-PA-10004881,"Xerox Computer Printout Paper, Recycled",Office Supplies,Paper
10010,OFF-EN-10002061,"Cameo Mailers, Set of 50",Office Supplies,Envelopes
10011,OFF-SU-10004048,"Kleencut Shears, High Speed",Office Supplies,Supplies
10012,OFF-AR-10003532,"BIC Pencil Sharpener, Easy-Erase",Office Supplies,Art
10013,OFF-EN-10000898,"Ames Interoffice Envelope, Security-Tint",Office Supplies,Envelopes
10014,OFF-SU-10000697,"Kleencut Ruler, Serrated",Office Supplies,Supplies
10015,OFF-SU-10003046,"Elite Letter Opener, Steel",Office Supplies,Supplies
10016,OFF-EN-10001311,"GlobeWeis Business Envelopes, with clear poly window",Office Supplies,Envelopes
10017,OFF-FA-10003931,"Stockwell Clamps, Bulk Pack",Office Supplies,Fasteners
10018,OFF-AP-10004415,"Hoover Microwave, Red",Office Supplies,Appliances
10019,OFF-KLE-10001381,"Kleencut Scissors, Easy Grip",Office Supplies,Supplies
10020,OFF-AR-10002364,"BIC Pens, Easy-Erase",Office Supplies,Art
10021,OFF-EN-10001154,"Kraft Clasp Envelope, Set of 50",Office Supplies,Envelopes
10022,OFF-SU-10000885,"Elite Box Cutter, Steel",Office Supplies,Supplies
10023,OFF-EN-10001680,"Jiffy Clasp Envelope, with clear poly window",Office Supplies,Envelopes
10024,OFF-ST-10003808,"Eldon Box, Wire Frame",Office Supplies,Storage
10025,OFF-ST-10002424,"Smead Trays, Industrial",Office Supplies,Storage
10026,OFF-ST-10002774,"Rogers Lockers, Industrial",Office Supplies,Storage
10027,OFF-ST-10000711,"Fellowes Box, Single Width",Office Supplies,Storage
10028,OFF-ST-10003154,"Fellowes Shelving, Industrial",Office Supplies,Storage
10029,OFF-ST-10002119,"Rogers Shelving, Industrial",Office Supplies,Storage
10030,OFF-ST-10002619,"Rogers Lockers, Blue",Office Supplies,Storage
10031,OFF-ST-10001755,"Smead Lockers, Single Width",Office Supplies,Storage
10032,OFF-ST-10004159,"Eldon Lockers, Blue",Office Supplies,Storage
10033,OFF-EN-10004956,"Jiffy Interoffice Envelope, Set of 50",Office Supplies,Envelopes
10034,OFF-PA-10000644,"Green Bar Cards & Envelopes, Recycled",Office Supplies,Paper
10035,OFF-FA-10004112,"Stockwell Staples, 12 Pack",Office Supplies,Fasteners
10036,OFF-EN-10001669,"Ames Interoffice Envelope, with clear poly window",Office Supplies,Envelopes
10037,OFF-EN-10003887,"Cameo Interoffice Envelope, with clear poly window",Office Supplies,Envelopes
10038,OFF-SU-10000706,"Fiskars Ruler, Steel",Office Supplies,Supplies
10039,OFF-PA-10003395,"Eaton Computer Printout Paper, Recycled",Office Supplies,Paper
10040,OFF-PA-10002918,"Eaton Computer Printout Paper, Recycled",Office Supplies,Paper
10041,OFF-AP-10000344,"Hoover Toaster, Silver",Office Supplies,Appliances
10042,OFF-EN-10004030,"Kraft Mailers, Security-Tint",Office Supplies,Envelopes
10043,OFF-BI-10003253,"Ibico Index Tab, Economy",Office Supplies,Binders
10044,OFF-FA-10004377,"Stockwell Thumb Tacks, Metal",Office Supplies,Fasteners
10045,OFF-EN-10003615,"GlobeWeis Interoffice Envelope, with clear poly window",Office Supplies,Envelopes
10046,OFF-AR-10002847,"Stanley Pens, Water Color",Office Supplies,Art
10047,OFF-AP-10002499,"Cuisinart Microwave, White",Office Supplies,Appliances
10048,OFF-PA-10001653,"Green Bar Memo Slips, Multicolor",Office Supplies,Paper
10049,OFF-AP-10000136,"Hamilton Beach Refrigerator, White",Office Supplies,Appliances
10050,OFF-FA-10003054,"Stockwell Rubber Bands, Metal",Office Supplies,Fasteners
10051,OFF-SU-10003191,"Stiletto Scissors, Easy Grip",Office Supplies,Supplies
10052,OFF-AR-10002575,"Sanford Canvas, Blue",Office Supplies,Art
10053,OFF-LA-10002486,"Novimex File Folder Labels, 5000 Label Set",Office Supplies,Labels
10054,OFF-AR-10002517,"BIC Highlighters, Blue",Office Supplies,Art
10055,OFF-LA-10001246,"Avery Removable Labels, Alphabetical",Office Supplies,Labels
10056,OFF-PA-10004918,"SanDisk Message Books, Recycled",Office Supplies,Paper
10057,OFF-PA-10003232,"Green Bar Cards & Envelopes, Recycled",Office Supplies,Paper
10058,FUR-TA-10004050,"Lesro Coffee Table, Fully Assembled",Furniture,Tables
10059,TEC-MA-10000684,"Okidata Calculator, White",Technology,Machines
10060,TEC-APP-10000530,"Apple Audio Dock, VoIP",Technology,Phones
10061,TEC-MA-10002633,"StarTech Inkjet, Durable",Technology,Machines
10062,TEC-PAN-10001593,"Panasonic Calculator, Durable",Technology,Machines
10063,FUR-BO-10004806,"Sauder Classic Bookcase, Metal",Furniture,Bookcases
10064,TEC-PH-10002094,"Nokia Smart Phone, with Caller ID",Technology,Phones
10065,TEC-CO-10002538,"Brother Fax and Copier, Color",Technology,Copiers
10066,TEC-PH-10003601,"Apple Office Telephone, with Caller ID",Technology,Phones
10067,FUR-TA-10000038,"Chromcraft Conference Table, Adjustable Height",Furniture,Tables
10068,TEC-MA-10004584,"Epson Calculator, Wireless",Technology,Machines
10069,FUR-BO-10004633,"Safco Stackable Bookrack, Traditional",Furniture,Bookcases
10070,TEC-MA-10001360,"Okidata Receipt Printer, White",Technology,Machines
10071,TEC-CO-10004981,"Canon Copy Machine, High-Speed",Technology,Copiers
10072,TEC-PH-10004544,"Motorola Speaker Phone, with Caller ID",Technology,Phones
10073,FUR-CH-10003808,"Harbour Creations Steel Folding Chair, Adjustable",Furniture,Chairs
10074,TEC-AC-10002530,"Memorex Numeric Keypad, USB",Technology,Accessories
10075,TEC-CO-10004558,"HP Ink, High-Speed",Technology,Copiers
10076,FUR-CH-10000213,"Hon Swivel Stool, Red",Furniture,Chairs
10077,TEC-CO-10004138,"Sharp Wireless Fax, Digital",Technology,Copiers
10078,FUR-TA-10004722,"Barricks Computer Table, Adjustable Height",Furniture,Tables
10079,FUR-TA-10004748,"Bevis Coffee Table, Fully Assembled",Furniture,Tables
10080,FUR-TA-10003371,"Chromcraft Training Table, Adjustable Height",Furniture,Tables
10081,TEC-MA-10003361,"Konica Printer, Red",Technology,Machines
10082,FUR-TA-10000855,"Chromcraft Training Table, Rectangular",Furniture,Tables
10083,TEC-MA-10003422,"Panasonic Calculator, Red",Technology,Machines
10084,TEC-CO-10001589,"Hewlett Wireless Fax, Digital",Technology,Copiers
10085,FUR-BO-10004032,"Bush Corner Shelving, Pine",Furniture,Bookcases
10086,TEC-PH-10004577,"Samsung Office Telephone, with Caller ID",Technology,Phones
10087,FUR-CH-10000182,"Office Star Bag Chairs, Adjustable",Furniture,Chairs
10088,TEC-MA-10003998,"Epson Card Printer, Wireless",Technology,Machines
10089,FUR-TA-10000478,"Bevis Round Table, Fully Assembled",Furniture,Tables
10090,TEC-PH-10002867,"Apple Signal Booster, Cordless",Technology,Phones
10091,TEC-CO-10002065,"Hewlett Copy Machine, Laser",Technology,Copiers
10092,FUR-FU-10003725,"Advantus Light Bulb, Erganomic",Furniture,Furnishings
10093,FUR-TA-10004134,"Barricks Training Table, with Bottom Storage",Furniture,Tables
10094,TEC-MA-10004857,"Konica Calculator, White",Technology,Machines
10095,FUR-TA-10001089,"Hon Computer Table, with Bottom Storage",Furniture,Tables
10096,FUR-TA-10001306,"Hon Wood Table, Adjustable Height",Furniture,Tables
10097,FUR-FU-10000067,"Rubbermaid Photo Frame, Duo Pack",Furniture,Furnishings
10098,FUR-TA-10002041,"Lesro Computer Table, Fully Assembled",Furniture,Tables
10099,FUR-TA-10004757,"Barricks Training Table, with Bottom Storage",Furniture,Tables
10100,FUR-BO-10001233,"Ikea 3-Shelf Cabinet, Mobile",Furniture,Bookcases
10101,FUR-CH-10002273,"Harbour Creations Rocking Chair, Black",Furniture,Chairs
10102,FUR-BO-10002529,"Safco Library with Doors, Metal",Furniture,Bookcases
10103,TEC-CO-10004409,"Hewlett Fax and Copier, High-Speed",Technology,Copiers
10104,FUR-TA-10002611,"Barricks Computer Table, with Bottom Storage",Furniture,Tables
10105,FUR-TA-10001228,"Bevis Training Table, Rectangular",Furniture,Tables
10106,FUR-TA-10001090,"Chromcraft Round Table, Rectangular",Furniture,Tables
10107,FUR-FU-10001254,"Deflect-O Light Bulb, Black",Furniture,Furnishings
10108,TEC-AC-10004334,"Belkin Mouse, Programmable",Technology,Accessories
10109,FUR-TA-10000649,"Bevis Computer Table, Adjustable Height",Furniture,Tables
10110,FUR-CH-10002574,"Office Star Chairmat, Black",Furniture,Chairs
10111,FUR-TA-10004005,"Bevis Coffee Table, Rectangular",Furniture,Tables
10112,TEC-CO-10002681,"HP Personal Copier, Digital",Technology,Copiers
10113,FUR-TA-10002568,"Chromcraft Coffee Table, Rectangular",Furniture,Tables
10114,TEC-MA-10003315,"Panasonic Card Printer, Red",Technology,Machines
10115,FUR-TA-10001433,"Bevis Round Table, with Bottom Storage",Furniture,Tables
10116,TEC-MA-10003178,"Okidata Receipt Printer, Wireless",Technology,Machines
10117,FUR-BO-10000268,"Bush Library with Doors, Pine",Furniture,Bookcases
10118,TEC-SAN-10004999,"SanDisk Flash Drive, Programmable",Technology,Accessories
10119,FUR-ADV-10002329,"Advantus Light Bulb, Erganomic",Furniture,Furnishings
10120,TEC-BRO-10002579,"Brother Copy Machine, Laser",Technology,Copiers
10121,TEC-AC-10002601,"SanDisk Router, Bluetooth",Technology,Accessories
10122,FUR-TA-10002699,"Hon Round Table, Rectangular",Furniture,Tables
10123,FUR-FU-10004549,"Advantus Frame, Erganomic",Furniture,Furnishings
10124,FUR-TA-10003323,"Bevis Round Table, Adjustable Height",Furniture,Tables
10125,FUR-TA-10000861,"Barricks Conference Table, with Bottom Storage",Furniture,Tables
10126,TEC-MA-10002701,"Konica Inkjet, Durable",Technology,Machines
10127,FUR-CH-10001536,"Harbour Creations Swivel Stool, Red",Furniture,Chairs
10128,TEC-AC-10004715,"Memorex Mouse, Erganomic",Technology,Accessories
10129,TEC-AC-10001951,"Enermax Memory Card, Erganomic",Technology,Accessories
10130,FUR-TA-10000695,"Lesro Wood Table, Rectangular",Furniture,Tables
10131,TEC-CO-10003633,"Canon Ink, Laser",Technology,Copiers
10132,FUR-TA-10004353,"Chromcraft Wood Table, with Bottom Storage",Furniture,Tables
10133,FUR-FU-10000018,"Eldon Clock, Erganomic",Furniture,Furnishings
10134,FUR-CH-10004576,"Hon Bag Chairs, Adjustable",Furniture,Chairs
10135,FUR-TA-10001726,"Bevis Conference Table, with Bottom Storage",Furniture,Tables
10136,FUR-TA-10000637,"Bevis Conference Table, Rectangular",Furniture,Tables
10137,FUR-TA-10003291,"Bevis Computer Table, Fully Assembled",Furniture,Tables
10138,FUR-TA-10003497,"Bevis Training Table, Adjustable Height",Furniture,Tables
10139,FUR-TA-10001833,"Bevis Round Table, Fully Assembled",Furniture,Tables
10140,FUR-TA-10003568,"Chromcraft Conference Table, Rectangular",Furniture,Tables
10141,FUR-BO-10004312,"Bush Floating Shelf Set, Traditional",Furniture,Bookcases
10142,TEC-MA-10001991,"Konica Calculator, White",Technology,Machines
10143,TEC-CO-10004649,"Brother Copy Machine, High-Speed",Technology,Copiers
10144,TEC-HP -10004971,"HP Wireless Fax, Color",Technology,Copiers
10145,TEC-AC-10002581,"SanDisk Flash Drive, Erganomic",Technology,Accessories
10146,TEC-MA-10002459,"StarTech Printer, White",Technology,Machines
10147,TEC-PH-10004825,"Cisco Headset, VoIP",Technology,Phones
10148,TEC-CO-10003568,"HP Copy Machine, Color",Technology,Copiers
10149,TEC-PH-10000072,"Cisco Speaker Phone, VoIP",Technology,Phones
10150,OFF-SU-10001554,"Acme Trimmer, Serrated",Office Supplies,Supplies
10151,OFF-AP-10001503,"KitchenAid Microwave, Black",Office Supplies,Appliances
10152,OFF-PA-10000601,"Eaton Parchment Paper, Premium",Office Supplies,Paper
10153,OFF-FA-10002992,"Advantus Clamps, Assorted Sizes",Office Supplies,Fasteners
10154,OFF-AP-10003794,"Cuisinart Refrigerator, Red",Office Supplies,Appliances
10155,OFF-EN-10000872,"Ames Business Envelopes, Set of 50",Office Supplies,Envelopes
10156,OFF-LA-10001287,"Harbour Creations Removable Labels, Adjustable",Office Supplies,Labels
10157,OFF-EN-10002046,"Kraft Manila Envelope, Set of 50",Office Supplies,Envelopes
10158,OFF-LA-10001202,"Avery Legal Exhibit Labels, 5000 Label Set",Office Supplies,Labels
10159,OFF-AP-10003622,"Hamilton Beach Microwave, Silver",Office Supplies,Appliances
10160,OFF-AP-10000304,"Breville Stove, Red",Office Supplies,Appliances
10161,OFF-XER-10002848,"Xerox Message Books, Multicolor",Office Supplies,Paper
10162,OFF-PA-10003715,"Xerox Computer Printout Paper, Recycled",Office Supplies,Paper
10163,OFF-ADV-10003196,"Advantus Staples, Assorted Sizes",Office Supplies,Fasteners
10164,OFF-ENE-10002038,"Enermax Message Books, Premium",Office Supplies,Paper
10165,OFF-PA-10002193,"Xerox Memo Slips, 8.5 x 11",Office Supplies,Paper
10166,OFF-PA-10004024,"Enermax Memo Slips, Recycled",Office Supplies,Paper
10167,OFF-EN-10004479,"Ames Clasp Envelope, Security-Tint",Office Supplies,Envelopes
10168,OFF-PA-10002231,"Green Bar Computer Printout Paper, Premium",Office Supplies,Paper
10169,OFF-LA-10000495,"Hon Round Labels, Laser Printer Compatible",Office Supplies,Labels
10170,OFF-SU-10004932,"Stiletto Ruler, Easy Grip",Office Supplies,Supplies
10171,OFF-ACM-10004150,"Acme Ruler, Serrated",Office Supplies,Supplies
10172,OFF-AP-10001920,"KitchenAid Microwave, Silver",Office Supplies,Appliances
10173,OFF-AP-10002264,"KitchenAid Blender, White",Office Supplies,Appliances
10174,OFF-SU-10004848,"Kleencut Shears, High Speed",Office Supplies,Supplies
10175,OFF-PA-10003052,"Green Bar Message Books, Recycled",Office Supplies,Paper
10176,OFF-PA-10000522,"Xerox Computer Printout Paper, Recycled",Office Supplies,Paper
10177,OFF-FA-10002531,"Advantus Paper Clips, Bulk Pack",Office Supplies,Fasteners
10178,OFF-FA-10004494,"Stockwell Push Pins, Metal",Office Supplies,Fasteners
10179,OFF-AP-10001587,"Hamilton Beach Coffee Grinder, Silver",Office Supplies,Appliances
10180,OFF-EN-10003533,"Cameo Peel and Seal, Recycled",Office Supplies,Envelopes
10181,OFF-FA-10000136,"Accos Paper Clips, Assorted Sizes",Office Supplies,Fasteners
10182,OFF-FA-10000074,"Stockwell Push Pins, Bulk Pack",Office Supplies,Fasteners
10183,OFF-EN-10002911,"Ames Manila Envelope, with clear poly window",Office Supplies,Envelopes
10184,OFF-LA-10004462,"Smead Shipping Labels, Adjustable",Office Supplies,Labels
10185,OFF-FA-10001631,"Advantus Staples, Bulk Pack",Office Supplies,Fasteners
10186,OFF-PA-10000206,"Green Bar Message Books, Recycled",Office Supplies,Paper
10187,OFF-AP-10000200,"KitchenAid Refrigerator, Red",Office Supplies,Appliances
10188,OFF-AR-10001129,"Stanley Pens, Easy-Erase",Office Supplies,Art
10189,OFF-AR-10003249,"Sanford Canvas, Easy-Erase",Office Supplies,Art
10190,OFF-AR-10001244,"BIC Canvas, Easy-Erase",Office Supplies,Art
10191,OFF-BI-10003452,"Acco Binding Machine, Economy",Office Supplies,Binders
10192,OFF-BI-10004581,"Cardinal Binding Machine, Economy",Office Supplies,Binders
10193,OFF-BI-10001089,"Acco Binding Machine, Clear",Office Supplies,Binders
10194,OFF-BI-10000631,"Wilson Jones 3-Hole Punch, Economy",Office Supplies,Binders
10195,OFF-AP-10003568,"Hoover Stove, Black",Office Supplies,Appliances
10196,OFF-AP-10001664,"Cuisinart Stove, Black",Office Supplies,Appliances
10197,OFF-AP-10002351,"Hamilton Beach Refrigerator, Silver",Office Supplies,Appliances
10198,OFF-FA-10002597,"OIC Clamps, 12 Pack",Office Supplies,Fasteners
10199,OFF-SU-10004919,"Acme Letter Opener, High Speed",Office Supplies,Supplies
10200,OFF-PA-10000731,"Enermax Parchment Paper, 8.5 x 11",Office Supplies,Paper
10201,OFF-ST-10004326,"Rogers Box, Single Width",Office Supplies,Storage
10202,OFF-ST-10003293,"Smead File Cart, Single Width",Office Supplies,Storage
10203,OFF-ST-10001073,"Eldon File Cart, Single Width",Office Supplies,Storage
10204,TEC-CIS-10002814,"Cisco Headset, Cordless",Technology,Phones
10205,FUR-TA-10000207,"Chromcraft Round Table, Fully Assembled",Furniture,Tables
10206,FUR-TA-10001433,"Barricks Coffee Table, Adjustable Height",Furniture,Tables
10207,FUR-TA-10004730,"Barricks Training Table, Adjustable Height",Furniture,Tables
10208,FUR-TA-10000649,"Barricks Computer Table, with Bottom Storage",Furniture,Tables
10209,FUR-TA-10000283,"Hon Wood Table, with Bottom Storage",Furniture,Tables
10210,OFF-BI-10000787,"Acco Hole Reinforcements, Economy",Office Supplies,Binders
10211,OFF-LA-10001229,"Hon Removable Labels, Adjustable",Office Supplies,Labels
10212,OFF-EN-10000824,"GlobeWeis Manila Envelope, Security-Tint",Office Supplies,Envelopes
10213,FUR-BO-10004878,"Ikea 3-Shelf Cabinet, Traditional",Furniture,Bookcases
10214,OFF-SU-10004784,"Elite Trimmer, Steel",Office Supplies,Supplies
10215,OFF-PA-10001302,"Eaton Memo Slips, Recycled",Office Supplies,Paper
10216,FUR-BO-10000616,"Dania Corner Shelving, Pine",Furniture,Bookcases
10217,TEC-AC-10004604,"SanDisk Mouse, Bluetooth",Technology,Accessories
10218,OFF-ST-10003393,"Smead Box, Wire Frame",Office Supplies,Storage
10219,OFF-FA-10000805,"Accos Staples, 12 Pack",Office Supplies,Fasteners
10220,TEC-PH-10004272,"Nokia Headset, Cordless",Technology,Phones
10221,OFF-ST-10001832,"Eldon Box, Blue",Office Supplies,Storage
10222,OFF-BI-10004510,"Avery 3-Hole Punch, Durable",Office Supplies,Binders
10223,OFF-PA-10000476,"Eaton Computer Printout Paper, Premium",Office Supplies,Paper
10224,TEC-AC-10003951,"Belkin Mouse, Bluetooth",Technology,Accessories
10225,FUR-CH-10002362,"Hon Bag Chairs, Red",Furniture,Chairs
10226,OFF-EN-10000835,"GlobeWeis Clasp Envelope, with clear poly window",Office Supplies,Envelopes
10227,TEC-MA-10001330,"Konica Card Printer, Red",Technology,Machines
10228,FUR-BO-10000700,"Sauder Floating Shelf Set, Metal",Furniture,Bookcases
10229,FUR-FU-10004907,"Advantus Light Bulb, Durable",Furniture,Furnishings
10230,OFF-AR-10004116,"Sanford Sketch Pad, Water Color",Office Supplies,Art
10231,TEC-AC-10004696,"Logitech Mouse, Programmable",Technology,Accessories
10232,OFF-LA-10000114,"Novimex Removable Labels, 5000 Label Set",Office Supplies,Labels
10233,FUR-CH-10002417,"Hon Rocking Chair, Red",Furniture,Chairs
10234,OFF-AR-10000540,"Binney & Smith Markers, Water Color",Office Supplies,Art
10235,TEC-PH-10000038,"Nokia Speaker Phone, with Caller ID",Technology,Phones
10236,OFF-AR-10003253,"Boston Pencil Sharpener, Water Color",Office Supplies,Art
10237,FUR-BO-10003589,"Dania Floating Shelf Set, Traditional",Furniture,Bookcases
10238,TEC-AC-10000025,"SanDisk Memory Card, Bluetooth",Technology,Accessories
10239,FUR-CH-10002228,"Harbour Creations Steel Folding Chair, Set of Two",Furniture,Chairs
10240,FUR-FU-10002407,"Deflect-O Light Bulb, Duo Pack",Furniture,Furnishings
10241,OFF-AR-10000814,"Binney & Smith Canvas, Fluorescent",Office Supplies,Art
10242,OFF-EN-10001454,"Cameo Manila Envelope, with clear poly window",Office Supplies,Envelopes
10243,TEC-PH-10003153,"Samsung Signal Booster, with Caller ID",Technology,Phones
10244,FUR-TA-10004817,"Lesro Coffee Table, with Bottom Storage",Furniture,Tables
10245,OFF-AP-10004841,"Hamilton Beach Toaster, Silver",Office Supplies,Appliances
10246,TEC-PH-10000688,"Nokia Speaker Phone, VoIP",Technology,Phones
10247,OFF-AP-10000775,"Breville Blender, Silver",Office Supplies,Appliances
10248,TEC-AC-10003920,"Belkin Keyboard, Bluetooth",Technology,Accessories
10249,OFF-SU-10003866,"Acme Ruler, Easy Grip",Office Supplies,Supplies
10250,FUR-BAR-10002710,"Barricks Coffee Table, Adjustable Height",Furniture,Tables
10251,OFF-ENE-10004866,"Enermax Parchment Paper, 8.5 x 11",Office Supplies,Paper
10252,OFF-SME-10000950,"Smead Color Coded Labels, 5000 Label Set",Office Supplies,Labels
10253,FUR-BUS-10001876,"Bush 3-Shelf Cabinet, Pine",Furniture,Bookcases
10254,FUR-NOV-10002939,"Novimex Swivel Stool, Black",Furniture,Chairs
10255,OFF-BRE-10000448,"Breville Coffee Grinder, Silver",Office Supplies,Appliances
10256,FUR-HON-10004932,"Hon Conference Table, with Bottom Storage",Furniture,Tables
10257,FUR-BO-10004098,"Ikea Stackable Bookrack, Pine",Furniture,Bookcases
10258,FUR-TA-10003386,"Hon Round Table, with Bottom Storage",Furniture,Tables
10259,FUR-TA-10000593,"Chromcraft Training Table, Fully Assembled",Furniture,Tables
10260,FUR-TA-10004810,"Barricks Computer Table, Adjustable Height",Furniture,Tables
10261,FUR-TA-10000519,"Bevis Computer Table, Fully Assembled",Furniture,Tables
10262,FUR-TA-10004504,"Lesro Computer Table, with Bottom Storage",Furniture,Tables
10263,FUR-TA-10003926,"Lesro Conference Table, Adjustable Height",Furniture,Tables
10264,FUR-CH-10002481,"Hon Executive Leather Armchair, Adjustable",Furniture,Chairs
10265,TEC-MA-10001731,"Okidata Card Printer, White",Technology,Machines
10266,FUR-FU-10000944,"Advantus Light Bulb, Black",Furniture,Furnishings
10267,OFF-AR-10004652,"Sanford Highlighters, Water Color",Office Supplies,Art
10268,OFF-AP-10003236,"Hoover Blender, Black",Office Supplies,Appliances
10269,OFF-ST-10002459,"Eldon Trays, Wire Frame",Office Supplies,Storage
10270,OFF-LA-10001067,"Smead Legal Exhibit Labels, Laser Printer Compatible",Office Supplies,Labels
10271,TEC-MA-10003990,"Panasonic Card Printer, White",Technology,Machines
10272,FUR-CH-10003874,"Hon Chairmat, Red",Furniture,Chairs
10273,FUR-FU-10002834,"Deflect-O Light Bulb, Erganomic",Furniture,Furnishings
10274,OFF-PA-10000420,"Green Bar Cards & Envelopes, 8.5 x 11",Office Supplies,Paper
10275,OFF-AP-10000653,"Hamilton Beach Blender, Black",Office Supplies,Appliances
10276,OFF-BI-10002510,"Acco Index Tab, Clear",Office Supplies,Binders
10277,TEC-AC-10000598,"Belkin Flash Drive, USB",Technology,Accessories
10278,OFF-ST-10004017,"Eldon Lockers, Single Width",Office Supplies,Storage
10279,OFF-SU-10003973,"Elite Trimmer, Easy Grip",Office Supplies,Supplies
10280,FUR-BO-10001271,"Sauder Classic Bookcase, Pine",Furniture,Bookcases
10281,FUR-FU-10003717,"Deflect-O Light Bulb, Black",Furniture,Furnishings
10282,FUR-TA-10003539,"Bevis Wood Table, Fully Assembled",Furniture,Tables
10283,OFF-PA-10003939,"Enermax Note Cards, Multicolor",Office Supplies,Paper
10284,FUR-CH-10000136,"Harbour Creations Steel Folding Chair, Set of Two",Furniture,Chairs
10285,OFF-AR-10001696,"Binney & Smith Pens, Water Color",Office Supplies,Art
10286,OFF-ST-10004793,"Tenex File Cart, Industrial",Office Supplies,Storage
10287,OFF-BI-10000397,"Wilson Jones Hole Reinforcements, Durable",Office Supplies,Binders
10288,OFF-SU-10003801,"Elite Box Cutter, Easy Grip",Office Supplies,Supplies
10289,TEC-AC-10000271,"Enermax Router, Erganomic",Technology,Accessories
10290,TEC-MA-10002165,"Konica Card Printer, Red",Technology,Machines
10291,OFF-BI-10004442,"Wilson Jones Binder, Durable",Office Supplies,Binders
10292,TEC-MA-10002864,"Panasonic Card Printer, Durable",Technology,Machines
10293,FUR-CH-10001191,"Office Star Steel Folding Chair, Red",Furniture,Chairs
10294,FUR-BO-10000791,"Dania Library with Doors, Traditional",Furniture,Bookcases
10295,OFF-FA-10003542,"Stockwell Staples, Bulk Pack",Office Supplies,Fasteners
10296,FUR-FU-10000546,"Eldon Door Stop, Erganomic",Furniture,Furnishings
10297,OFF-FA-10000196,"OIC Paper Clips, Bulk Pack",Office Supplies,Fasteners
10298,OFF-ST-10003811,"Smead Lockers, Single Width",Office Supplies,Storage
10299,OFF-SU-10001412,"Fiskars Scissors, High Speed",Office Supplies,Supplies
10300,OFF-SU-10001595,"Kleencut Shears, Serrated",Office Supplies,Supplies
10301,OFF-AP-10000285,"Breville Microwave, Silver",Office Supplies,Appliances
10302,OFF-LA-10002688,"Hon File Folder Labels, Adjustable",Office Supplies,Labels
10303,OFF-AR-10000925,"Stanley Canvas, Easy-Erase",Office Supplies,Art
10304,OFF-FA-10004813,"Advantus Clamps, Metal",Office Supplies,Fasteners
10305,OFF-PA-10002671,"Enermax Memo Slips, 8.5 x 11",Office Supplies,Paper
10306,TEC-CO-10004191,"HP Ink, Laser",Technology,Copiers
10307,FUR-NOV-10004003,"Novimex Steel Folding Chair, Red",Furniture,Chairs
10308,FUR-ADV-10002632,"Advantus Door Stop, Duo Pack",Furniture,Furnishings
10309,TEC-BRO-10004184,"Brother Wireless Fax, Color",Technology,Copiers
10310,OFF-STO-10000041,"Stockwell Staples, 12 Pack",Office Supplies,Fasteners
10311,FUR-IKE-10003251,"Ikea Floating Shelf Set, Mobile",Furniture,Bookcases
10312,OFF-GLO-10000813,"GlobeWeis Mailers, Recycled",Office Supplies,Envelopes
10313,FUR-TEN-10002418,"Tenex Clock, Duo Pack",Furniture,Furnishings
10314,TEC-CAN-10001256,"Canon Wireless Fax, High-Speed",Technology,Copiers
10315,OFF-SU-10003259,"Elite Trimmer, Easy Grip",Office Supplies,Supplies
10316,OFF-PA-10002771,"SanDisk Parchment Paper, Premium",Office Supplies,Paper
10317,FUR-SAF-10000204,"Safco Library with Doors, Metal",Furniture,Bookcases
10318,OFF-BOS-10001753,"Boston Highlighters, Water Color",Office Supplies,Art
10319,TEC-MA-10000258,"Panasonic Inkjet, Wireless",Technology,Machines
10320,TEC-MA-10003146,"Okidata Inkjet, Durable",Technology,Machines
10321,FUR-BO-10002387,"Safco Library with Doors, Metal",Furniture,Bookcases
10322,OFF-LA-10004234,"Smead File Folder Labels, 5000 Label Set",Office Supplies,Labels
10323,OFF-AR-10000780,"BIC Highlighters, Easy-Erase",Office Supplies,Art
10324,OFF-AR-10003228,"Stanley Sketch Pad, Blue",Office Supplies,Art
10325,OFF-AP-10003860,"KitchenAid Blender, Black",Office Supplies,Appliances
10326,FUR-FU-10004579,"Rubbermaid Door Stop, Durable",Furniture,Furnishings
10327,FUR-FU-10003427,"Rubbermaid Frame, Erganomic",Furniture,Furnishings
10328,OFF-AP-10004274,"Hamilton Beach Blender, Black",Office Supplies,Appliances
10329,FUR-TA-10000360,"Chromcraft Wood Table, Fully Assembled",Furniture,Tables
10330,TEC-MA-10000345,"Konica Phone, Red",Technology,Machines
10331,FUR-BO-10000895,"Sauder Stackable Bookrack, Pine",Furniture,Bookcases
10332,TEC-MA-10002898,"StarTech Printer, Durable",Technology,Machines
10333,FUR-TA-10004584,"Hon Training Table, Rectangular",Furniture,Tables
10334,TEC-MA-10000711,"StarTech Receipt Printer, Durable",Technology,Machines
10335,FUR-TA-10001192,"Hon Training Table, Fully Assembled",Furniture,Tables
10336,TEC-MA-10001411,"Epson Calculator, Wireless",Technology,Machines
10337,TEC-MA-10000755,"Panasonic Phone, Durable",Technology,Machines
10338,FUR-TA-10003358,"Hon Round Table, Rectangular",Furniture,Tables
10339,FUR-TA-10002582,"Barricks Coffee Table, Rectangular",Furniture,Tables
10340,FUR-TA-10003254,"Bevis Round Table, Adjustable Height",Furniture,Tables
10341,FUR-TA-10000115,"Barricks Coffee Table, Fully Assembled",Furniture,Tables
10342,FUR-TA-10003273,"Lesro Training Table, Rectangular",Furniture,Tables
10343,FUR-TA-10000403,"Barricks Wood Table, Adjustable Height",Furniture,Tables
10344,FUR-FU-10002304,"Tenex Photo Frame, Duo Pack",Furniture,Furnishings
10345,TEC-CO-10001523,"HP Copy Machine, High-Speed",Technology,Copiers
10346,TEC-CO-10001629,"Sharp Copy Machine, Color",Technology,Copiers
10347,TEC-CO-10002323,"Brother Copy Machine, Color",Technology,Copiers
10348,OFF-AP-10003774,"Hoover Coffee Grinder, Black",Office Supplies,Appliances
10349,TEC-CO-10001952,"Hewlett Personal Copier, Digital",Technology,Copiers
10350,FUR-BO-10004926,"Safco 3-Shelf Cabinet, Traditional",Furniture,Bookcases
10351,FUR-FU-10003512,"Eldon Stacking Tray, Erganomic",Furniture,Furnishings
10352,OFF-AP-10000509,"Hoover Refrigerator, Black",Office Supplies,Appliances
10353,TEC-MA-10003630,"Epson Calculator, White",Technology,Machines
10354,OFF-AP-10003210,"Cuisinart Toaster, White",Office Supplies,Appliances
10355,TEC-MA-10003404,"Konica Card Printer, Durable",Technology,Machines
10356,FUR-TA-10002557,"Barricks Conference Table, Rectangular",Furniture,Tables
10357,FUR-CH-10003746,"Novimex Executive Leather Armchair, Black",Furniture,Chairs
10358,FUR-CH-10004309,"SAFCO Steel Folding Chair, Adjustable",Furniture,Chairs
10359,OFF-AP-10000806,"KitchenAid Coffee Grinder, Silver",Office Supplies,Appliances
10360,FUR-CH-10003750,"Harbour Creations Rocking Chair, Red",Furniture,Chairs
10361,FUR-TA-10000073,"Lesro Coffee Table, Adjustable Height",Furniture,Tables
10362,FUR-BO-10003668,"Sauder Floating Shelf Set, Pine",Furniture,Bookcases
10363,FUR-TA-10000075,"Bevis Coffee Table, Fully Assembled",Furniture,Tables
10364,FUR-TA-10003164,"Bevis Wood Table, Rectangular",Furniture,Tables
10365,FUR-TA-10003596,"Lesro Computer Table, Adjustable Height",Furniture,Tables
10366,FUR-TA-10002487,"Bevis Training Table, with Bottom Storage",Furniture,Tables
10367,FUR-TA-10004484,"Barricks Wood Table, Adjustable Height",Furniture,Tables
10368,FUR-TA-10003510,"Hon Computer Table, Fully Assembled",Furniture,Tables
10369,FUR-BO-10000321,"Dania Floating Shelf Set, Mobile",Furniture,Bookcases
10370,FUR-TA-10003637,"Lesro Coffee Table, with Bottom Storage",Furniture,Tables
10371,FUR-BO-10000623,"Safco Library with Doors, Metal",Furniture,Bookcases
10372,FUR-TA-10003228,"Hon Computer Table, Fully Assembled",Furniture,Tables
10373,OFF-ST-10004577,"Fellowes Lockers, Industrial",Office Supplies,Storage
10374,OFF-PA-10000824,"Enermax Computer Printout Paper, Multicolor",Office Supplies,Paper
10375,FUR-CH-10003702,"Office Star Rocking Chair, Adjustable",Furniture,Chairs
10376,FUR-FU-10002804,"Advantus Clock, Duo Pack",Furniture,Furnishings
10377,OFF-BI-10003181,"Ibico Binder Covers, Recycled",Office Supplies,Binders
10378,TEC-AC-10003704,"Memorex Flash Drive, Erganomic",Technology,Accessories
10379,OFF-SU-10001968,"Kleencut Letter Opener, Easy Grip",Office Supplies,Supplies
10380,OFF-ST-10001799,"Fellowes Box, Single Width",Office Supplies,Storage
10381,OFF-AP-10000975,"KitchenAid Stove, Black",Office Supplies,Appliances
10382,OFF-BI-10004795,"Avery Binding Machine, Clear",Office Supplies,Binders
10383,OFF-EN-10000096,"Jiffy Clasp Envelope, with clear poly window",Office Supplies,Envelopes
10384,TEC-AC-10001974,"Logitech Memory Card, Bluetooth",Technology,Accessories
10385,TEC-CO-10001831,"Sharp Wireless Fax, High-Speed",Technology,Copiers
10386,TEC-MA-10000172,"StarTech Inkjet, Wireless",Technology,Machines
10387,TEC-PH-10000298,"Nokia Speaker Phone, Cordless",Technology,Phones
10388,OFF-FA-10003266,"Stockwell Clamps, Assorted Sizes",Office Supplies,Fasteners
10389,OFF-AP-10004293,"KitchenAid Refrigerator, Silver",Office Supplies,Appliances
10390,OFF-AR-10000125,"Boston Pens, Fluorescent",Office Supplies,Art
10391,OFF-EN-10001715,"Ames Clasp Envelope, with clear poly window",Office Supplies,Envelopes
10392,OFF-SU-10004249,"Stiletto Shears, High Speed",Office Supplies,Supplies
10393,TEC-AC-10000317,"Logitech Memory Card, Programmable",Technology,Accessories
10394,FUR-CH-10000470,"Novimex Executive Leather Armchair, Red",Furniture,Chairs
10395,FUR-FU-10002930,"Eldon Door Stop, Duo Pack",Furniture,Furnishings
10396,OFF-EN-10004254,"Ames Interoffice Envelope, Recycled",Office Supplies,Envelopes
10397,TEC-PH-10003646,"Nokia Audio Dock, Full Size",Technology,Phones
10398,OFF-EN-10000561,"Ames Business Envelopes, Recycled",Office Supplies,Envelopes
10399,OFF-EN-10004305,"Jiffy Manila Envelope, Security-Tint",Office Supplies,Envelopes
10400,OFF-SU-10000272,"Stiletto Letter Opener, Easy Grip",Office Supplies,Supplies
10401,OFF-EN-10004309,"GlobeWeis Business Envelopes, Recycled",Office Supplies,Envelopes
10402,TEC-MA-10004063,"Okidata Printer, Durable",Technology,Machines
10403,OFF-EN-10000094,"Jiffy Interoffice Envelope, Security-Tint",Office Supplies,Envelopes
10404,OFF-FA-10003015,"Accos Staples, Metal",Office Supplies,Fasteners
10405,OFF-BI-10003090,"Avery Binder Covers, Clear",Office Supplies,Binders
10406,OFF-PA-10000527,"Enermax Note Cards, Premium",Office Supplies,Paper
10407,OFF-EN-10001712,"Kraft Interoffice Envelope, Set of 50",Office Supplies,Envelopes
10408,FUR-CH-10003558,"Hon Swivel Stool, Black",Furniture,Chairs
10409,OFF-FA-10003954,"Stockwell Rubber Bands, Assorted Sizes",Office Supplies,Fasteners
10410,OFF-PA-10001849,"SanDisk Cards & Envelopes, Recycled",Office Supplies,Paper
10411,TEC-CO-10003349,"Hewlett Copy Machine, Color",Technology,Copiers
10412,TEC-PH-10002353,"Samsung Signal Booster, Full Size",Technology,Phones
10413,OFF-LA-10002523,"Smead Removable Labels, Laser Printer Compatible",Office Supplies,Labels
10414,TEC-AC-10002842,"Belkin Memory Card, Bluetooth",Technology,Accessories
10415,OFF-LA-10002974,"Novimex Shipping Labels, Adjustable",Office Supplies,Labels
10416,OFF-AP-10000916,"KitchenAid Microwave, Black",Office Supplies,Appliances
10417,OFF-ST-10002250,"Smead Folders, Industrial",Office Supplies,Storage
10418,OFF-BI-10000960,"Wilson Jones Hole Reinforcements, Clear",Office Supplies,Binders
10419,OFF-ST-10002618,"Tenex Folders, Blue",Office Supplies,Storage
10420,FUR-FU-10001322,"Deflect-O Clock, Durable",Furniture,Furnishings
10421,OFF-BI-10001049,"Ibico Index Tab, Clear",Office Supplies,Binders
10422,OFF-ST-10001458,"Rogers Folders, Blue",Office Supplies,Storage
10423,TEC-AC-10001075,"Belkin Keyboard, USB",Technology,Accessories
10424,OFF-AP-10003304,"Cuisinart Microwave, White",Office Supplies,Appliances
10425,TEC-AC-10001592,"Enermax Flash Drive, Programmable",Technology,Accessories
10426,OFF-SU-10003897,"Stiletto Ruler, High Speed",Office Supplies,Supplies
10427,TEC-MA-10000199,"Okidata Inkjet, White",Technology,Machines
10428,OFF-AP-10000691,"Cuisinart Refrigerator, Red",Office Supplies,Appliances
10429,OFF-AR-10000751,"Binney & Smith Highlighters, Blue",Office Supplies,Art
10430,OFF-FA-10003816,"Stockwell Staples, Metal",Office Supplies,Fasteners
10431,OFF-BI-10000305,"Cardinal 3-Hole Punch, Durable",Office Supplies,Binders
10432,TEC-MA-10002538,"Okidata Phone, Wireless",Technology,Machines
10433,OFF-PA-10004640,"Eaton Message Books, Multicolor",Office Supplies,Paper
10434,OFF-ST-10000884,"Smead Folders, Blue",Office Supplies,Storage
10435,OFF-EN-10004840,"Jiffy Clasp Envelope, Security-Tint",Office Supplies,Envelopes
10436,OFF-FA-10000122,"Advantus Paper Clips, Assorted Sizes",Office Supplies,Fasteners
10437,OFF-PA-10002585,"Eaton Memo Slips, Multicolor",Office Supplies,Paper
10438,FUR-BO-10002866,"Safco Classic Bookcase, Pine",Furniture,Bookcases
10439,OFF-BI-10001097,"Ibico 3-Hole Punch, Durable",Office Supplies,Binders
10440,OFF-FA-10002717,"OIC Rubber Bands, Metal",Office Supplies,Fasteners
10441,FUR-FU-10004497,"Tenex Door Stop, Erganomic",Furniture,Furnishings
10442,OFF-AR-10002415,"Stanley Markers, Easy-Erase",Office Supplies,Art
10443,OFF-AP-10002629,"Cuisinart Stove, White",Office Supplies,Appliances
10444,FUR-BO-10003181,"Safco Corner Shelving, Metal",Furniture,Bookcases
10445,OFF-BI-10003519,"Acco 3-Hole Punch, Economy",Office Supplies,Binders
10446,TEC-PH-10002713,"Samsung Headset, Cordless",Technology,Phones
10447,OFF-FA-10002444,"Stockwell Clamps, 12 Pack",Office Supplies,Fasteners
10448,OFF-AP-10004785,"Cuisinart Microwave, Silver",Office Supplies,Appliances
10449,OFF-BI-10000172,"Ibico Index Tab, Clear",Office Supplies,Binders
10450,OFF-PA-10004174,"Enermax Computer Printout Paper, 8.5 x 11",Office Supplies,Paper
10451,FUR-FU-10000507,"Tenex Photo Frame, Duo Pack",Furniture,Furnishings
10452,OFF-SU-10002135,"Fiskars Shears, Easy Grip",Office Supplies,Supplies
10453,TEC-PH-10004570,"Apple Speaker Phone, Cordless",Technology,Phones
10454,FUR-CH-10001317,"Harbour Creations Rocking Chair, Red",Furniture,Chairs
10455,OFF-AR-10000205,"BIC Canvas, Easy-Erase",Office Supplies,Art
10456,TEC-CO-10003813,"Sharp Ink, Color",Technology,Copiers
10457,FUR-CH-10002938,"Novimex Chairmat, Red",Furniture,Chairs
10458,OFF-SU-10000452,"Fiskars Letter Opener, Steel",Office Supplies,Supplies
10459,FUR-CH-10004026,"SAFCO Rocking Chair, Adjustable",Furniture,Chairs
10460,OFF-PA-10001639,"Enermax Memo Slips, 8.5 x 11",Office Supplies,Paper
10461,OFF-AP-10004698,"Breville Microwave, Red",Office Supplies,Appliances
10462,TEC-CO-10002812,"Canon Ink, Color",Technology,Copiers
10463,FUR-FU-10001091,"Eldon Photo Frame, Erganomic",Furniture,Furnishings
10464,OFF-SU-10003780,"Elite Ruler, High Speed",Office Supplies,Supplies
10465,FUR-CH-10001220,"Harbour Creations Chairmat, Set of Two",Furniture,Chairs
10466,OFF-LA-10003376,"Hon Shipping Labels, Adjustable",Office Supplies,Labels
10467,OFF-AR-10001162,"BIC Pencil Sharpener, Blue",Office Supplies,Art
10468,TEC-CO-10002065,"HP Fax Machine, High-Speed",Technology,Copiers
10469,OFF-ST-10004972,"Eldon Shelving, Blue",Office Supplies,Storage
10470,OFF-PA-10001259,"Green Bar Note Cards, 8.5 x 11",Office Supplies,Paper
10471,OFF-SU-10001840,"Stiletto Box Cutter, High Speed",Office Supplies,Supplies
10472,OFF-PA-10003033,"Enermax Parchment Paper, Recycled",Office Supplies,Paper
10473,OFF-LA-10000483,"Harbour Creations Shipping Labels, Alphabetical",Office Supplies,Labels
10474,TEC-CO-10000243,"Canon Fax and Copier, Digital",Technology,Copiers
10475,TEC-AC-10004683,"Memorex Flash Drive, USB",Technology,Accessories
10476,OFF-AR-10001107,"BIC Highlighters, Water Color",Office Supplies,Art
10477,OFF-EN-10002491,"GlobeWeis Mailers, Recycled",Office Supplies,Envelopes
10478,OFF-AR-10003157,"Sanford Highlighters, Easy-Erase",Office Supplies,Art
10479,OFF-FA-10001419,"Stockwell Rubber Bands, 12 Pack",Office Supplies,Fasteners
10480,OFF-BI-10003240,"Ibico Binding Machine, Economy",Office Supplies,Binders
10481,FUR-BO-10000889,"Safco 3-Shelf Cabinet, Mobile",Furniture,Bookcases
10482,OFF-BI-10001135,"Avery Hole Reinforcements, Durable",Office Supplies,Binders
10483,OFF-AP-10001018,"Hoover Toaster, Silver",Office Supplies,Appliances
10484,FUR-TA-10003152,"Lesro Round Table, Adjustable Height",Furniture,Tables
10485,OFF-LA-10001417,"Hon File Folder Labels, Alphabetical",Office Supplies,Labels
10486,TEC-PH-10003303,"Cisco Office Telephone, Cordless",Technology,Phones
10487,FUR-CH-10001191,"Hon Bag Chairs, Adjustable",Furniture,Chairs
10488,FUR-TA-10001226,"Hon Conference Table, Rectangular",Furniture,Tables
10489,TEC-CO-10001317,"Sharp Fax Machine, Digital",Technology,Copiers
10490,FUR-BO-10001746,"Dania 3-Shelf Cabinet, Pine",Furniture,Bookcases
10491,OFF-SU-10002750,"Kleencut Box Cutter, Steel",Office Supplies,Supplies
10492,OFF-ST-10004479,"Eldon Shelving, Industrial",Office Supplies,Storage
10493,OFF-EN-10002034,"Ames Peel and Seal, with clear poly window",Office Supplies,Envelopes
10494,TEC-AC-10003422,"Enermax Keyboard, Programmable",Technology,Accessories
10495,OFF-ST-10000701,"Rogers Shelving, Single Width",Office Supplies,Storage
10496,FUR-BO-10000008,"Sauder Library with Doors, Traditional",Furniture,Bookcases
10497,OFF-EN-10001823,"Cameo Mailers, Recycled",Office Supplies,Envelopes
10498,TEC-PH-10002590,"Motorola Audio Dock, Cordless",Technology,Phones
10499,OFF-EN-10002066,"Kraft Interoffice Envelope, with clear poly window",Office Supplies,Envelopes
10500,TEC-MA-10000379,"Okidata Phone, Wireless",Technology,Machines
10501,TEC-MA-10002368,"Panasonic Receipt Printer, White",Technology,Machines
10502,TEC-CO-10003166,"Canon Fax Machine, Color",Technology,Copiers
10503,TEC-PH-10001289,"Motorola Smart Phone, Full Size",Technology,Phones
10504,OFF-LA-10000220,"Hon Removable Labels, Laser Printer Compatible",Office Supplies,Labels
10505,TEC-AC-10003987,"Logitech Numeric Keypad, Programmable",Technology,Accessories
10506,FUR-TA-10001558,"Barricks Training Table, Rectangular",Furniture,Tables
10507,TEC-CO-10002040,"Hewlett Fax and Copier, High-Speed",Technology,Copiers
10508,TEC-MA-10002464,"Panasonic Printer, Durable",Technology,Machines
10509,OFF-FA-10003716,"OIC Rubber Bands, Metal",Office Supplies,Fasteners
10510,FUR-FU-10002069,"Advantus Door Stop, Durable",Furniture,Furnishings
10511,OFF-EN-10004181,"GlobeWeis Business Envelopes, Recycled",Office Supplies,Envelopes
10512,OFF-EN-10003520,"Cameo Clasp Envelope, Set of 50",Office Supplies,Envelopes
10513,OFF-AP-10000534,"KitchenAid Toaster, Silver",Office Supplies,Appliances
10514,OFF-AP-10001815,"Hoover Refrigerator, Black",Office Supplies,Appliances
10515,OFF-AR-10002714,"Stanley Sketch Pad, Easy-Erase",Office Supplies,Art
10516,FUR-FU-10004241,"Deflect-O Light Bulb, Black",Furniture,Furnishings
10517,OFF-AP-10001191,"Hoover Blender, White",Office Supplies,Appliances
10518,OFF-EN-10001480,"Kraft Interoffice Envelope, Security-Tint",Office Supplies,Envelopes
10519,OFF-AP-10004466,"Cuisinart Toaster, Black",Office Supplies,Appliances
10520,OFF-AP-10000335,"Cuisinart Microwave, Red",Office Supplies,Appliances
10521,OFF-AP-10004882,"Hamilton Beach Microwave, Black",Office Supplies,Appliances
10522,OFF-AP-10004246,"Breville Stove, Red",Office Supplies,Appliances
10523,OFF-FA-10003050,"Stockwell Paper Clips, Metal",Office Supplies,Fasteners
10524,OFF-PA-10001275,"Xerox Note Cards, Multicolor",Office Supplies,Paper
10525,TEC-MA-10002242,"StarTech Calculator, Durable",Technology,Machines
10526,TEC-PH-10002299,"Nokia Headset, VoIP",Technology,Phones
10527,TEC-MA-10003101,"Panasonic Printer, Red",Technology,Machines
10528,TEC-MA-10002093,"StarTech Card Printer, Durable",Technology,Machines
10529,OFF-AP-10002960,"Hamilton Beach Toaster, Black",Office Supplies,Appliances
10530,FUR-BO-10000655,"Dania Classic Bookcase, Traditional",Furniture,Bookcases
10531,OFF-AP-10002497,"Hamilton Beach Coffee Grinder, White",Office Supplies,Appliances
10532,OFF-FA-10001963,"Advantus Thumb Tacks, Assorted Sizes",Office Supplies,Fasteners
10533,FUR-FU-10002838,"Advantus Frame, Black",Furniture,Furnishings
10534,FUR-CH-10000981,"Novimex Swivel Stool, Set of Two",Furniture,Chairs
10535,OFF-ST-10004180,"Tenex File Cart, Single Width",Office Supplies,Storage
10536,OFF-EN-10003398,"Jiffy Peel and Seal, Security-Tint",Office Supplies,Envelopes
10537,OFF-BI-10002982,Avery Self-Adhesive Photo Pockets for Polaroid Photos,Office Supplies,Binders
10538,OFF-BI-10004022,Acco Suede Grain Vinyl Round Ring Binder,Office Supplies,Binders
10539,OFF-BI-10003708,"Acco Four Pocket Poly Ring Binder with Label Holder, Smoke, 1""",Office Supplies,Binders
10540,OFF-BI-10004967,Round Ring Binders,Office Supplies,Binders
10541,OFF-BI-10002609,Avery Hidden Tab Dividers for Binding Systems,Office Supplies,Binders
10542,OFF-BI-10003196,Accohide Poly Flexible Ring Binders,Office Supplies,Binders
10543,OFF-BI-10003166,GBC Plasticlear Binding Covers,Office Supplies,Binders
10544,OFF-BI-10004140,Avery Non-Stick Binders,Office Supplies,Binders
10545,OFF-BI-10001922,Storex Dura Pro Binders,Office Supplies,Binders
10546,OFF-BI-10003429,"Cardinal HOLDit! Binder Insert Strips,Extra Strips",Office Supplies,Binders
10547,FUR-TA-10001866,Bevis Round Conference Room Tables and Bases,Furniture,Tables
10548,FUR-TA-10004442,Riverside Furniture Stanwyck Manor Table Series,Furniture,Tables
10549,FUR-CH-10003396,Global Deluxe Steno Chair,Furniture,Chairs
10550,TEC-MA-10002210,Epson TM-T88V Direct Thermal Printer - Monochrome - Desktop,Technology,Machines
10551,TEC-MA-10000822,Lexmark MX611dhe Monochrome Laser Printer,Technology,Machines
10552,TEC-MA-10003353,Xerox WorkCentre 6505DN Laser Multifunction Printer,Technology,Machines
10553,FUR-BO-10003272,O'Sullivan Living Dimensions 5-Shelf Bookcases,Furniture,Bookcases
10554,FUR-CH-10002758,"Hon Deluxe Fabric Upholstered Stacking Chairs, Squared Back",Furniture,Chairs
10555,TEC-MA-10004679,StarTech.com 10/100 VDSL2 Ethernet Extender Kit,Technology,Machines
10556,FUR-BO-10001811,"Atlantic Metals Mobile 5-Shelf Bookcases, Custom Colors",Furniture,Bookcases
10557,FUR-BO-10004218,"Bush Heritage Pine Collection 5-Shelf Bookcase, Albany Pine Finish, *Special Order",Furniture,Bookcases
10558,FUR-BO-10003965,O'Sullivan Manor Hill 2-Door Library in Brianna Oak,Furniture,Bookcases
10559,TEC-MA-10001016,Canon PC170 Desktop Personal Copier,Technology,Machines
10560,FUR-CH-10002044,"Office Star - Contemporary Task Swivel chair with 2-way adjustable arms, Plum",Furniture,Chairs
10561,FUR-CH-10004540,Global Chrome Stack Chair,Furniture,Chairs
10562,FUR-CH-10000229,Global Enterprise Series Seating High-Back Swivel/Tilt Chairs,Furniture,Chairs
10563,FUR-FU-10003919,Eldon Executive Woodline II Cherry Finish Desk Accessories,Furniture,Furnishings
10564,FUR-BO-10000780,O'Sullivan Plantations 2-Door Library in Landvery Oak,Furniture,Bookcases
10565,FUR-TA-10002774,Laminate Occasional Tables,Furniture,Tables
10566,FUR-BO-10003893,Sauder Camden County Collection Library,Furniture,Bookcases
10567,FUR-BO-10001601,"Sauder Mission Library with Doors, Fruitwood Finish",Furniture,Bookcases
10568,FUR-CH-10003981,Global Commerce Series Low-Back Swivel/Tilt Chairs,Furniture,Chairs
10569,TEC-MA-10003674,Hewlett-Packard Deskjet 5550 Printer,Technology,Machines
10570,FUR-CH-10002126,Hon Deluxe Fabric Upholstered Stacking Chairs,Furniture,Chairs
10571,TEC-MA-10001972,Okidata C331dn Printer,Technology,Machines
10572,TEC-MA-10002790,NeatDesk Desktop Scanner & Digital Filing System,Technology,Machines
10573,FUR-CH-10004983,Office Star - Mid Back Dual function Ergonomic High Back Chair with 2-Way Adjustable Arms,Furniture,Chairs
10574,FUR-FU-10002030,"Executive Impressions 14"" Contract Wall Clock with Quartz Movement",Furniture,Furnishings
10575,FUR-TA-10002228,"Bevis Traditional Conference Table Top, Plinth Base",Furniture,Tables
10576,FUR-BO-10002268,Sauder Barrister Bookcases,Furniture,Bookcases
10577,FUR-TA-10001676,Hon 61000 Series Interactive Training Tables,Furniture,Tables
10578,TEC-MA-10003066,Wasp CCD Handheld Bar Code Reader,Technology,Machines
10579,FUR-CH-10001802,Hon Every-Day Chair Series Swivel Task Chairs,Furniture,Chairs
10580,FUR-BO-10002202,"Atlantic Metals Mobile 2-Shelf Bookcases, Custom Colors",Furniture,Bookcases
10581,FUR-TA-10002622,"Bush Andora Conference Table, Maple/Graphite Gray Finish",Furniture,Tables
10582,OFF-AP-10000390,Euro Pro Shark Stick Mini Vacuum,Office Supplies,Appliances
10583,OFF-AP-10002203,Eureka Disposable Bags for Sanitaire Vibra Groomer I Upright Vac,Office Supplies,Appliances
10584,OFF-AP-10001634,Hoover Commercial Lightweight Upright Vacuum,Office Supplies,Appliances
10585,OFF-BI-10000494,Acco Economy Flexible Poly Round Ring Binder,Office Supplies,Binders
10586,OFF-BI-10001524,GBC Premium Transparent Covers with Diagonal Lined Pattern,Office Supplies,Binders
10587,OFF-BI-10004817,GBC Personal VeloBind Strips,Office Supplies,Binders
10588,OFF-BI-10002194,Cardinal Hold-It CD Pocket,Office Supplies,Binders
10589,OFF-BI-10003784,Computer Printout Index Tabs,Office Supplies,Binders
10590,OFF-BI-10001617,GBC Wire Binding Combs,Office Supplies,Binders
10591,OFF-BI-10001098,Acco D-Ring Binder w/DublLock,Office Supplies,Binders
10592,OFF-BI-10001575,GBC Linen Binding Covers,Office Supplies,Binders
10593,OFF-BI-10001982,Wilson Jones Custom Binder Spines & Labels,Office Supplies,Binders
10594,FUR-CH-10002965,"Global Leather Highback Executive Chair with Pneumatic Height Adjustment, Black",Furniture,Chairs
10595,OFF-BI-10004781,GBC Wire Binding Strips,Office Supplies,Binders
10596,TEC-PH-10001433,Cisco Small Business SPA 502G VoIP phone,Technology,Phones
10597,TEC-PH-10003437,Blue Parrot B250XT Professional Grade Wireless Bluetooth Headset with,Technology,Phones
10598,FUR-CH-10001394,Global Leather Executive Chair,Furniture,Chairs
10599,FUR-CH-10003312,Hon 2090 “Pillow Soft” Series Mid Back Swivel/Tilt Chairs,Furniture,Chairs
10600,FUR-CH-10001146,"Global Task Chair, Black",Furniture,Chairs
10601,FUR-CH-10004886,Bevis Steel Folding Chairs,Furniture,Chairs
10602,FUR-CH-10002774,"Global Deluxe Stacking Chair, Gray",Furniture,Chairs
10603,FUR-CH-10002961,"Leather Task Chair, Black",Furniture,Chairs
10604,TEC-PH-10003092,Motorola L804,Technology,Phones
10605,TEC-PH-10002070,Griffin GC36547 PowerJolt SE Lightning Charger,Technology,Phones
10606,FUR-TA-10001539,Chromcraft Rectangular Conference Tables,Furniture,Tables
10607,FUR-TA-10004175,"Hon 30"" x 60"" Table with Locking Drawer",Furniture,Tables
10608,TEC-PH-10002844,Speck Products Candyshell Flip Case,Technology,Phones
10609,TEC-PH-10003580,Cisco IP Phone 7961G-GE VoIP phone,Technology,Phones
10610,TEC-PH-10003357,Grandstream GXP2100 Mainstream Business Phone,Technology,Phones
10611,TEC-PH-10002789,LG Exalt,Technology,Phones
10612,TEC-PH-10000141,Clearsounds A400,Technology,Phones
10613,TEC-PH-10004080,Avaya 5410 Digital phone,Technology,Phones
10614,FUR-TA-10004152,"Barricks 18"" x 48"" Non-Folding Utility Table with Bottom Storage Shelf",Furniture,Tables
10615,TEC-CO-10004115,Sharp AL-1530CS Digital Copier,Technology,Copiers
10616,TEC-PH-10002645,LG G2,Technology,Phones
10617,TEC-PH-10002200,Samsung Galaxy Note 2,Technology,Phones
10618,FUR-TA-10000849,Bevis Rectangular Conference Tables,Furniture,Tables
10619,TEC-PH-10001924,iHome FM Clock Radio with Lightning Dock,Technology,Phones
10620,TEC-MA-10004521,Epson Perfection V600 Photo Scanner,Technology,Machines
10621,TEC-MA-10001681,Lexmark MarkNet N8150 Wireless Print Server,Technology,Machines
10622,TEC-MA-10001148,Okidata MB491 Multifunction Printer,Technology,Machines
10623,TEC-MA-10000904,"Brother MFC-9340CDW LED All-In-One Printer, Copier Scanner",Technology,Machines
10624,OFF-BI-10000848,Angle-D Ring Binders,Office Supplies,Binders
10625,OFF-BI-10004230,GBC Recycled Grain Textured Covers,Office Supplies,Binders
10626,OFF-BI-10003727,Avery Durable Slant Ring Binders With Label Holder,Office Supplies,Binders
10627,OFF-BI-10004330,"GBC Velobind Prepunched Cover Sets, Regency Series",Office Supplies,Binders
10628,OFF-BI-10004308,Avery Legal 4-Ring Binder,Office Supplies,Binders
10629,OFF-BI-10002794,"Avery Trapezoid Ring Binder, 3"" Capacity, Black, 1040 sheets",Office Supplies,Binders
10630,OFF-BI-10002498,Clear Mylar Reinforcing Strips,Office Supplies,Binders
10631,OFF-BI-10000216,"Mead 1st Gear 2"" Zipper Binder, Asst. Colors",Office Supplies,Binders
10632,OFF-BI-10001759,"Acco Pressboard Covers with Storage Hooks, 14 7/8"" x 11"", Dark Blue",Office Supplies,Binders
10633,TEC-MA-10003626,Hewlett-Packard Deskjet 6540 Color Inkjet Printer,Technology,Machines
10634,OFF-BI-10000279,"Acco Recycled 2"" Capacity Laser Printer Hanging Data Binders",Office Supplies,Binders
10635,TEC-MA-10002937,"Canon Color ImageCLASS MF8580Cdw Wireless Laser All-In-One Printer, Copier, Scanner",Technology,Machines
10636,TEC-MA-10002109,"HP Officejet Pro 8600 e-All-In-One Printer, Copier, Scanner, Fax",Technology,Machines
10637,FUR-BO-10003034,"O'Sullivan Elevations Bookcase, Cherry Finish",Furniture,Bookcases
10638,FUR-BO-10000112,"Bush Birmingham Collection Bookcase, Dark Cherry",Furniture,Bookcases
10639,FUR-TA-10004289,BoxOffice By Design Rectangular and Half-Moon Meeting Room Tables,Furniture,Tables
10640,FUR-CH-10003973,GuestStacker Chair with Chrome Finish Legs,Furniture,Chairs
10641,FUR-FU-10002553,"Electrix Incandescent Magnifying Lamp, Black",Furniture,Furnishings
10642,FUR-FU-10003930,Howard Miller 12-3/4 Diameter Accuwave DS  Wall Clock,Furniture,Furnishings
10643,OFF-BI-10002103,"Cardinal Slant-D Ring Binder, Heavy Gauge Vinyl",Office Supplies,Binders
10644,OFF-AP-10004233,Honeywell Enviracaire Portable Air Cleaner for up to 8 x 10 Room,Office Supplies,Appliances
10645,OFF-BI-10004465,Avery Durable Slant Ring Binders,Office Supplies,Binders
10646,TEC-MA-10003230,Okidata C610n Printer,Technology,Machines
10647,FUR-BO-10003894,"Safco Value Mate Steel Bookcase, Baked Enamel Finish on Steel, Black",Furniture,Bookcases
10648,FUR-FU-10004904,"Eldon ""L"" Workstation Diamond Chairmat",Furniture,Furnishings
10649,TEC-MA-10004241,Star Micronics TSP800 TSP847IIU Receipt Printer,Technology,Machines
10650,FUR-CH-10001215,Global Troy Executive Leather Low-Back Tilter,Furniture,Chairs
10651,FUR-TA-10003469,Balt Split Level Computer Training Table,Furniture,Tables
10652,OFF-BI-10000778,GBC VeloBinder Electric Binding Machine,Office Supplies,Binders
10653,FUR-BO-10001918,"Sauder Forest Hills Library with Doors, Woodland Oak Finish",Furniture,Bookcases
10654,TEC-PH-10004875,PNY Rapid USB Car Charger - Black,Technology,Phones
10655,TEC-PH-10001870,Lunatik TT5L-002 Taktik Strike Impact Protection System for iPhone 5,Technology,Phones
10656,TEC-PH-10000912,Anker 24W Portable Micro USB Car Charger,Technology,Phones
10657,TEC-PH-10001530,Cisco Unified IP Phone 7945G VoIP phone,Technology,Phones
10658,TEC-PH-10004908,Panasonic KX TS3282W Corded phone,Technology,Phones
10659,TEC-PH-10004348,OtterBox Defender Series Case - iPhone 5c,Technology,Phones
10660,TEC-PH-10002824,Jabra SPEAK 410 Multidevice Speakerphone,Technology,Phones
10661,TEC-PH-10004531,AT&T CL2909,Technology,Phones
10662,TEC-MA-10002694,Hewlett-Packard Deskjet F4180 All-in-One Color Ink-jet - Printer / copier / scanner,Technology,Machines
10663,TEC-MA-10000418,Cubify CubeX 3D Printer Double Head Print,Technology,Machines
10664,TEC-MA-10001148,Swingline SM12-08 MicroCut Jam Free Shredder,Technology,Machines
10665,TEC-MA-10003589,Cisco 8961 IP Phone Charcoal,Technology,Machines
10666,TEC-MA-10000752,Texas Instrument TI-15 Fraction Calculator,Technology,Machines
10667,OFF-BI-10004716,Wilson Jones Hanging Recycled Pressboard Data Binders,Office Supplies,Binders
10668,OFF-BI-10001553,SpineVue Locking Slant-D Ring Binders by Cardinal,Office Supplies,Binders
10669,OFF-BI-10003984,Lock-Up Easel 'Spel-Binder',Office Supplies,Binders
10670,FUR-TA-10003837,Anderson Hickey Conga Table Tops & Accessories,Furniture,Tables
10671,FUR-CH-10002780,Office Star - Task Chair with Contemporary Loop Arms,Furniture,Chairs
10672,TEC-MA-10002412,Cisco TelePresence System EX90 Videoconferencing Unit,Technology,Machines
10673,TEC-MA-10002073,"3D Systems Cube Printer, 2nd Generation, White",Technology,Machines
10674,FUR-BO-10002213,DMI Eclipse Executive Suite Bookcases,Furniture,Bookcases
10675,TEC-MA-10002178,Cisco CP-7937G Unified IP Conference Station Phone,Technology,Machines
10676,TEC-MA-10003493,Penpower WorldCard Pro Card Scanner,Technology,Machines
10677,TEC-MA-10004002,Zebra GX420t Direct Thermal/Thermal Transfer Printer,Technology,Machines
10678,FUR-BO-10002613,"Atlantic Metals Mobile 4-Shelf Bookcases, Custom Colors",Furniture,Bookcases
10679,TEC-MA-10002981,I.R.I.S IRISCard Anywhere 5 Card Scanner,Technology,Machines
10680,TEC-MA-10004125,Cubify CubeX 3D Printer Triple Head Print,Technology,Machines
10681,TEC-MA-10001856,Okidata C610n Printer,Technology,Machines
10682,FUR-BO-10002206,"Bush Saratoga Collection 5-Shelf Bookcase, Hanover Cherry, *Special Order",Furniture,Bookcases
10683,TEC-MA-10004086,Plantronics Single Ear Headset,Technology,Machines
10684,TEC-MA-10000597,Lexmark S315 Color Inkjet Printer,Technology,Machines
10685,TEC-MA-10001695,Zebra GK420t Direct Thermal/Thermal Transfer Printer,Technology,Machines
10686,FUR-BO-10001567,"Bush Westfield Collection Bookcases, Dark Cherry Finish, Fully Assembled",Furniture,Bookcases
10687,TEC-MA-10003337,Okidata B401 Printer,Technology,Machines
10688,OFF-BI-10002931,"Avery Trapezoid Extra Heavy Duty 4"" Binders",Office Supplies,Binders
10689,OFF-BI-10004506,Wilson Jones data.warehouse D-Ring Binders with DublLock,Office Supplies,Binders
10690,OFF-BI-10004390,GBC DocuBind 200 Manual Binding Machine,Office Supplies,Binders
10691,OFF-BI-10001031,Pressboard Data Binders by Wilson Jones,Office Supplies,Binders
10692,OFF-BI-10000042,"Pressboard Data Binder, Crimson, 12"" X 8 1/2""",Office Supplies,Binders
10693,OFF-AR-10003958,Newell 337,Office Supplies,Art
10694,OFF-PA-10001937,Xerox 21,Office Supplies,Paper
10695,OFF-ST-10003572,Portfile Personal File Boxes,Office Supplies,Storage
10696,FUR-FU-10003798,"Ultra Door Kickplate, 8""H x 34""W",Furniture,Furnishings
10697,TEC-PH-10004071,PayAnywhere Card Reader,Technology,Phones
10698,OFF-PA-10000312,Xerox 1955,Office Supplies,Paper
10699,TEC-PH-10001051,HTC One,Technology,Phones
10700,TEC-PH-10000127,iOttie XL Car Mount,Technology,Phones
10701,OFF-PA-10004733,Things To Do Today Spiral Book,Office Supplies,Paper
10702,OFF-PA-10003919,Xerox 1989,Office Supplies,Paper
10703,TEC-PH-10002483,Motorola Moto X,Technology,Phones
10704,OFF-AR-10004790,Staples,Office Supplies,Art
10705,TEC-AC-10002380,Sony 8GB Class 10 Micro SDHC R40 Memory Card,Technology,Accessories
10706,TEC-PH-10001198,Avaya 4621SW VoIP phone,Technology,Phones
10707,OFF-PA-10002558,Xerox 1938,Office Supplies,Paper
10708,OFF-BI-10002437,Recycled Premium Regency Composition Covers,Office Supplies,Binders
10709,OFF-BI-10001900,"DXL Angle-View Binders with Locking Rings, Black",Office Supplies,Binders
10710,OFF-BI-10004528,Cardinal Poly Pocket Divider Pockets for Ring Binders,Office Supplies,Binders
10711,OFF-BI-10003718,GBC Therma-A-Bind 250T Electric Binding System,Office Supplies,Binders
10712,FUR-CH-10001190,Global Deluxe High-Back Office Chair in Storm,Furniture,Chairs
10713,TEC-PH-10002275,Mitel 5320 IP Phone VoIP phone,Technology,Phones
10714,TEC-MA-10001570,Cisco Desktop Collaboration Experience DX650 IP Video Phone,Technology,Machines
10715,TEC-PH-10004830,Pyle PRT45 Retro Home Telephone,Technology,Phones
10716,TEC-PH-10003535,RCA ViSYS 25423RE1 Corded phone,Technology,Phones
10717,OFF-PA-10001837,Xerox 1976,Office Supplies,Paper
10718,OFF-PA-10001166,Xerox 1932,Office Supplies,Paper
10719,TEC-AC-10004396,Logitech Keyboard K120,Technology,Accessories
10720,TEC-PH-10001254,Jabra BIZ 2300 Duo QD Duo Corded Headset,Technology,Phones
10721,TEC-PH-10000213,Seidio BD2-HK3IPH5-BK DILEX Case and Holster Combo for Apple iPhone 5/5s - Black,Technology,Phones
10722,OFF-PA-10003036,"Black Print Carbonless 8 1/2"" x 8 1/4"" Rapid Memo Book",Office Supplies,Paper
10723,OFF-SU-10000432,Acco Side-Punched Conventional Columnar Pads,Office Supplies,Supplies
10724,TEC-MA-10000112,Panasonic KX MB2061 Multifunction Printer,Technology,Machines
10725,OFF-ST-10001034,Eldon File Chest Portable File,Office Supplies,Storage
10726,TEC-PH-10000486,Plantronics HL10 Handset Lifter,Technology,Phones
10727,OFF-AR-10002671,"Hunt BOSTON Model 1606 High-Volume Electric Pencil Sharpener, Beige",Office Supplies,Art
10728,OFF-PA-10001661,Xerox 1922,Office Supplies,Paper
10729,OFF-EN-10003068,#6 3/4 Gummed Flap White Envelopes,Office Supplies,Envelopes
10730,OFF-AP-10000326,Belkin 7 Outlet SurgeMaster Surge Protector with Phone Protection,Office Supplies,Appliances
10731,OFF-PA-10002333,"Universal Ultra Bright White Copier/Laser Paper, 8 1/2"" x 11"", Ream",Office Supplies,Paper
10732,OFF-AR-10001468,"Sanford Prismacolor Professional Thick Lead Art Pencils, 36-Color Set",Office Supplies,Art
10733,TEC-PH-10004241,Nokia Lumia 1020,Technology,Phones
10734,TEC-PH-10000004,Belkin iPhone and iPad Lightning Cable,Technology,Phones
10735,TEC-AC-10002857,"Verbatim 25 GB 6x Blu-ray Single Layer Recordable Disc, 1/Pack",Technology,Accessories
10736,TEC-PH-10002817,RCA ViSYS 25425RE1 Corded phone,Technology,Phones
10737,OFF-PA-10002109,Wirebound Voice Message Log Book,Office Supplies,Paper
10738,OFF-EN-10001535,Grip Seal Envelopes,Office Supplies,Envelopes
10739,OFF-PA-10004965,Xerox 1921,Office Supplies,Paper
10740,TEC-AC-10000487,SanDisk Cruzer 4 GB USB Flash Drive,Technology,Accessories
10741,FUR-FU-10002874,Ultra Commercial Grade Dual Valve Door Closer,Furniture,Furnishings
10742,TEC-AC-10000926,NETGEAR RangeMax WNR1000 Wireless Router,Technology,Accessories
10743,OFF-LA-10000973,Avery 502,Office Supplies,Labels
10744,OFF-EN-10001749,Jiffy Padded Mailers with Self-Seal Closure,Office Supplies,Envelopes
10745,OFF-AP-10003914,"Sanitaire Vibra Groomer IR Commercial Upright Vacuum, Replacement Belts",Office Supplies,Appliances
10746,OFF-ST-10004835,Plastic Stacking Crates & Casters,Office Supplies,Storage
10747,TEC-PH-10002398,AT&T 1070 Corded Phone,Technology,Phones
10748,OFF-EN-10003798,"Recycled Interoffice Envelopes with Re-Use-A-Seal Closure, 10 x 13",Office Supplies,Envelopes
10749,OFF-PA-10001001,"Snap-A-Way Black Print Carbonless Speed Message, No Reply Area, Duplicate",Office Supplies,Paper
10750,OFF-LA-10002473,Avery 484,Office Supplies,Labels
10751,OFF-PA-10003543,Xerox 1985,Office Supplies,Paper
10752,OFF-LA-10004677,Self-Adhesive Address Labels for Typewriters with Dispenser Box,Office Supplies,Labels
10753,OFF-ST-10001627,Eldon Jumbo ProFile Portable File Boxes Graphite/Black,Office Supplies,Storage
10754,TEC-PH-10000675,Panasonic KX TS3282B Corded phone,Technology,Phones
10755,TEC-AC-10004127,SanDisk Cruzer 8 GB USB Flash Drive,Technology,Accessories
10756,TEC-AC-10003133,Memorex Mini Travel Drive 4 GB USB 2.0 Flash Drive,Technology,Accessories
10757,OFF-PA-10003729,Xerox 1998,Office Supplies,Paper
10758,OFF-PA-10000308,Xerox 1901,Office Supplies,Paper
10759,TEC-PH-10003174,RCA ViSYS 25825 Wireless digital phone,Technology,Phones
10760,TEC-MA-10000984,Okidata MB760 Printer,Technology,Machines
10761,TEC-MA-10003176,Okidata B400 Printer,Technology,Machines
10762,FUR-CH-10002317,Global Enterprise Series Seating Low-Back Swivel/Tilt Chairs,Furniture,Chairs
10763,TEC-PH-10001918,Nortel Business Series Terminal T7208 Digital phone,Technology,Phones
10764,TEC-PH-10001949,Cisco SPA 501G IP Phone,Technology,Phones
10765,TEC-MA-10003246,Hewlett-Packard Deskjet D4360 Printer,Technology,Machines
10766,TEC-MA-10003329,"Vtech AT&T CL2940 Corded Speakerphone, Black",Technology,Machines
10767,FUR-TA-10001691,"Barricks Non-Folding Utility Table with Steel Legs, Laminate Tops",Furniture,Tables
10768,TEC-MA-10001031,Socket Bluetooth Cordless Hand Scanner (CHS),Technology,Machines
