date,sales,year,month,day,day_of_week,week_of_year,quarter,is_year_end,sales_lag_1,sales_lag_7,sales_lag_14,sales_lag_30,sales_rolling_7,sales_rolling_30
2011-01-31,7643,2011,1,31,0,5,1,0,455.0,3983.0,2310.0,808.0,2713.714285714286,3269.8
2011-02-01,2457,2011,2,1,1,5,1,0,7643.0,1192.0,932.0,314.0,2894.4285714285716,3341.233333333333
2011-02-02,7712,2011,2,2,2,5,1,0,2457.0,5422.0,2054.0,4502.0,3221.5714285714284,3448.233333333333
2011-02-03,366,2011,2,3,3,5,1,0,7712.0,2166.0,2288.0,2809.0,2964.4285714285716,3366.8
2011-02-04,1866,2011,2,4,4,5,1,0,366.0,1208.0,8486.0,3664.0,3058.4285714285716,3306.866666666667
2011-02-05,221,2011,2,5,5,5,1,0,1866.0,910.0,3563.0,623.0,2960.0,3293.4666666666667
2011-02-06,3,2011,2,6,6,5,1,0,221.0,455.0,2163.0,7122.0,2895.4285714285716,3056.1666666666665
2011-02-07,1799,2011,2,7,0,6,1,0,3.0,7643.0,3983.0,6295.0,2060.5714285714284,2906.3
2011-02-08,1008,2011,2,8,1,6,1,0,1799.0,2457.0,1192.0,815.0,1853.5714285714287,2912.733333333333
2011-02-09,4579,2011,2,9,2,6,1,0,1008.0,7712.0,5422.0,6793.0,1406.0,2838.9333333333334
2011-02-10,11863,2011,2,10,3,6,1,0,4579.0,366.0,2166.0,6454.0,3048.4285714285716,3019.233333333333
2011-02-11,1008,2011,2,11,4,6,1,0,11863.0,1866.0,1208.0,2631.0,2925.8571428571427,2965.133333333333
2011-02-12,2870,2011,2,12,5,6,1,0,1008.0,221.0,910.0,2585.0,3304.285714285714,2974.633333333333
2011-02-13,130,2011,2,13,6,6,1,0,2870.0,3.0,455.0,6281.0,3322.4285714285716,2769.6
2011-02-14,4604,2011,2,14,0,7,1,0,130.0,1799.0,7643.0,2281.0,3723.1428571428573,2847.0333333333333
2011-02-15,10347,2011,2,15,1,7,1,0,4604.0,1008.0,2457.0,150.0,5057.285714285715,3186.9333333333334
2011-02-16,9334,2011,2,16,2,7,1,0,10347.0,4579.0,7712.0,2310.0,5736.571428571428,3421.0666666666666
2011-02-17,631,2011,2,17,3,7,1,0,9334.0,11863.0,366.0,932.0,4132.0,3411.0333333333333
2011-02-18,2303,2011,2,18,4,7,1,0,631.0,1008.0,1866.0,2054.0,4317.0,3419.3333333333335
2011-02-19,156,2011,2,19,5,7,1,0,2303.0,2870.0,221.0,2288.0,3929.285714285714,3348.266666666667
2011-02-20,0,2011,2,20,6,7,1,0,156.0,130.0,3.0,8486.0,3910.714285714286,3065.4
2011-02-21,4484,2011,2,21,0,8,1,0,0.0,4604.0,1799.0,3563.0,3893.5714285714284,3096.1
2011-02-22,2648,2011,2,22,1,8,1,0,4484.0,10347.0,1008.0,2163.0,2793.714285714286,3112.266666666667
2011-02-23,4355,2011,2,23,2,8,1,0,2648.0,9334.0,4579.0,3983.0,2082.4285714285716,3124.6666666666665
2011-02-24,5867,2011,2,24,3,8,1,0,4355.0,631.0,11863.0,1192.0,2830.4285714285716,3280.5
2011-02-25,3394,2011,2,25,4,8,1,0,5867.0,2303.0,1008.0,5422.0,2986.285714285714,3212.9
2011-02-26,4104,2011,2,26,5,8,1,0,3394.0,156.0,2870.0,2166.0,3550.285714285714,3277.5
2011-02-27,625,2011,2,27,6,8,1,0,4104.0,0.0,130.0,1208.0,3639.5714285714284,3258.0666666666666
2011-02-28,2418,2011,2,28,0,9,1,0,625.0,4484.0,4604.0,910.0,3344.4285714285716,3308.3333333333335
2011-03-01,12567,2011,3,1,1,9,1,0,2418.0,2648.0,10347.0,455.0,4761.428571428572,3712.0666666666666
2011-03-02,4147,2011,3,2,2,9,1,0,12567.0,4355.0,9334.0,7643.0,4731.714285714285,3595.5333333333333
2011-03-03,9480,2011,3,3,3,9,1,0,4147.0,5867.0,631.0,2457.0,5247.857142857143,3829.633333333333
2011-03-04,1244,2011,3,4,4,9,1,0,9480.0,3394.0,2303.0,7712.0,4940.714285714285,3614.0333333333333
2011-03-05,835,2011,3,5,5,9,1,0,1244.0,4104.0,156.0,366.0,4473.714285714285,3629.6666666666665
2011-03-06,135,2011,3,6,6,9,1,0,835.0,625.0,0.0,1866.0,4403.714285714285,3571.9666666666667
2011-03-07,3866,2011,3,7,0,10,1,0,135.0,2418.0,4484.0,221.0,4610.571428571428,3693.4666666666667
2011-03-08,9873,2011,3,8,1,10,1,0,3866.0,12567.0,2648.0,3.0,4225.714285714285,4022.4666666666667
2011-03-09,723,2011,3,9,2,10,1,0,9873.0,4147.0,4355.0,1799.0,3736.5714285714284,3986.6
2011-03-10,4108,2011,3,10,3,10,1,0,723.0,9480.0,5867.0,1008.0,2969.1428571428573,4089.9333333333334
2011-03-11,2933,2011,3,11,4,10,1,0,4108.0,1244.0,3394.0,4579.0,3210.4285714285716,4035.0666666666666
2011-03-12,4637,2011,3,12,5,10,1,0,2933.0,835.0,4104.0,11863.0,3753.5714285714284,3794.2
2011-03-13,0,2011,3,13,6,10,1,0,4637.0,135.0,625.0,1008.0,3734.285714285714,3760.6
2011-03-14,6628,2011,3,14,0,11,1,0,0.0,3866.0,2418.0,2870.0,4128.857142857143,3885.866666666667
2011-03-15,1826,2011,3,15,1,11,1,0,6628.0,9873.0,12567.0,130.0,2979.285714285714,3942.4
2011-03-16,1161,2011,3,16,2,11,1,0,1826.0,723.0,4147.0,4604.0,3041.8571428571427,3827.633333333333
2011-03-17,4614,2011,3,17,3,11,1,0,1161.0,4108.0,9480.0,10347.0,3114.1428571428573,3636.5333333333333
2011-03-18,30115,2011,3,18,4,11,1,0,4614.0,2933.0,1244.0,9334.0,6997.285714285715,4329.233333333334
2011-03-19,972,2011,3,19,5,11,1,0,30115.0,4637.0,835.0,631.0,6473.714285714285,4340.6
2011-03-20,0,2011,3,20,6,11,1,0,972.0,0.0,135.0,2303.0,6473.714285714285,4263.833333333333
2011-03-21,10680,2011,3,21,0,12,1,0,0.0,6628.0,3866.0,156.0,7052.571428571428,4614.633333333333
2011-03-22,3879,2011,3,22,1,12,1,0,10680.0,1826.0,9873.0,0.0,7345.857142857143,4743.933333333333
2011-03-23,5068,2011,3,23,2,12,1,0,3879.0,1161.0,723.0,4484.0,7904.0,4763.4
2011-03-24,1362,2011,3,24,3,12,1,0,5068.0,4614.0,4108.0,2648.0,7439.428571428572,4720.533333333334
2011-03-25,3266,2011,3,25,4,12,1,0,1362.0,30115.0,2933.0,4355.0,3603.8571428571427,4684.233333333334
2011-03-26,856,2011,3,26,5,12,1,0,3266.0,972.0,4637.0,5867.0,3587.285714285714,4517.2
2011-03-27,30,2011,3,27,6,12,1,0,856.0,0.0,0.0,3394.0,3591.5714285714284,4405.066666666667
2011-03-28,4261,2011,3,28,0,13,1,0,30.0,10680.0,6628.0,4104.0,2674.5714285714284,4410.3
2011-03-29,2951,2011,3,29,1,13,1,0,4261.0,3879.0,1826.0,625.0,2542.0,4487.833333333333
2011-03-30,5762,2011,3,30,2,13,1,0,2951.0,5068.0,1161.0,2418.0,2641.1428571428573,4599.3
2011-03-31,7747,2011,3,31,3,13,1,0,5762.0,1362.0,4614.0,12567.0,3553.285714285714,4438.633333333333
2011-04-01,2586,2011,4,1,4,13,2,0,7747.0,3266.0,30115.0,4147.0,3456.1428571428573,4386.6
2011-04-02,8923,2011,4,2,5,13,2,0,2586.0,856.0,972.0,9480.0,4608.571428571428,4368.033333333334
2011-04-03,879,2011,4,3,6,13,2,0,8923.0,30.0,0.0,1244.0,4729.857142857143,4355.866666666667
2011-04-04,5725,2011,4,4,0,14,2,0,879.0,4261.0,10680.0,835.0,4939.0,4518.866666666667
2011-04-05,10265,2011,4,5,1,14,2,0,5725.0,2951.0,3879.0,135.0,5983.857142857143,4856.533333333334
2011-04-06,4674,2011,4,6,2,14,2,0,10265.0,5762.0,5068.0,3866.0,5828.428571428572,4883.466666666666
2011-04-07,3438,2011,4,7,3,14,2,0,4674.0,7747.0,1362.0,9873.0,5212.857142857143,4668.966666666666
2011-04-08,6802,2011,4,8,4,14,2,0,3438.0,2586.0,3266.0,723.0,5815.142857142857,4871.6
2011-04-09,367,2011,4,9,5,14,2,0,6802.0,8923.0,856.0,4108.0,4592.857142857143,4746.9
2011-04-10,0,2011,4,10,6,14,2,0,367.0,879.0,30.0,2933.0,4467.285714285715,4649.133333333333
2011-04-11,4548,2011,4,11,0,15,2,0,0.0,5725.0,4261.0,4637.0,4299.142857142857,4646.166666666667
2011-04-12,4012,2011,4,12,1,15,2,0,4548.0,10265.0,2951.0,0.0,3405.8571428571427,4779.9
2011-04-13,3052,2011,4,13,2,15,2,0,4012.0,4674.0,5762.0,6628.0,3174.1428571428573,4660.7
2011-04-14,6252,2011,4,14,3,15,2,0,3052.0,3438.0,7747.0,1826.0,3576.1428571428573,4808.233333333334
2011-04-15,1728,2011,4,15,4,15,2,0,6252.0,6802.0,2586.0,1161.0,2851.285714285714,4827.133333333333
2011-04-16,4041,2011,4,16,5,15,2,0,1728.0,367.0,8923.0,4614.0,3376.1428571428573,4808.033333333334
2011-04-17,0,2011,4,17,6,15,2,0,4041.0,0.0,879.0,30115.0,3376.1428571428573,3804.2
2011-04-18,5907,2011,4,18,0,16,2,0,0.0,4548.0,5725.0,972.0,3570.285714285714,3968.7
2011-04-19,2860,2011,4,19,1,16,2,0,5907.0,4012.0,10265.0,0.0,3405.714285714286,4064.0333333333333
2011-04-20,4138,2011,4,20,2,16,2,0,2860.0,3052.0,4674.0,10680.0,3560.8571428571427,3845.9666666666667
2011-04-21,4703,2011,4,21,3,16,2,0,4138.0,6252.0,3438.0,3879.0,3339.5714285714284,3873.4333333333334
2011-04-22,7064,2011,4,22,4,16,2,0,4703.0,1728.0,6802.0,5068.0,4101.857142857143,3939.9666666666667
2011-04-23,772,2011,4,23,5,16,2,0,7064.0,4041.0,367.0,1362.0,3634.8571428571427,3920.3
2011-04-24,166,2011,4,24,6,16,2,0,772.0,0.0,0.0,3266.0,3658.5714285714284,3816.9666666666667
2011-04-25,5026,2011,4,25,0,17,2,0,166.0,5907.0,4548.0,856.0,3532.714285714286,3955.9666666666667
2011-04-26,2087,2011,4,26,1,17,2,0,5026.0,2860.0,4012.0,30.0,3422.285714285714,4024.5333333333333
2011-04-27,8437,2011,4,27,2,17,2,0,2087.0,4138.0,3052.0,4261.0,4036.4285714285716,4163.733333333334
2011-04-28,3912,2011,4,28,3,17,2,0,8437.0,4703.0,6252.0,2951.0,3923.4285714285716,4195.766666666666
2011-04-29,3070,2011,4,29,4,17,2,0,3912.0,7064.0,1728.0,5762.0,3352.8571428571427,4106.033333333334
2011-04-30,1493,2011,4,30,5,17,2,0,3070.0,772.0,4041.0,7747.0,3455.8571428571427,3897.5666666666666
2011-05-01,0,2011,5,1,6,17,2,0,1493.0,166.0,0.0,2586.0,3432.1428571428573,3811.366666666667
2011-05-02,9275,2011,5,2,0,18,2,0,0.0,5026.0,5907.0,8923.0,4039.1428571428573,3823.1
2011-05-03,5259,2011,5,3,1,18,2,0,9275.0,2087.0,2860.0,879.0,4492.285714285715,3969.1
2011-05-04,7513,2011,5,4,2,18,2,0,5259.0,8437.0,4138.0,5725.0,4360.285714285715,4028.7
2011-05-05,2998,2011,5,5,3,18,2,0,7513.0,3912.0,4703.0,10265.0,4229.714285714285,3786.4666666666667
2011-05-06,5966,2011,5,6,4,18,2,0,2998.0,3070.0,7064.0,4674.0,4643.428571428572,3829.5333333333333
2011-05-07,1982,2011,5,7,5,18,2,0,5966.0,1493.0,772.0,3438.0,4713.285714285715,3781.0
2011-05-08,2502,2011,5,8,6,18,2,0,1982.0,0.0,166.0,6802.0,5070.714285714285,3637.6666666666665
2011-05-09,5018,2011,5,9,0,19,2,0,2502.0,9275.0,5026.0,367.0,4462.571428571428,3792.7
2011-05-10,5828,2011,5,10,1,19,2,0,5018.0,5259.0,2087.0,0.0,4543.857142857143,3986.9666666666667
2011-05-11,2821,2011,5,11,2,19,2,0,5828.0,7513.0,8437.0,4548.0,3873.5714285714284,3929.4
2011-05-12,5519,2011,5,12,3,19,2,0,2821.0,2998.0,3912.0,4012.0,4233.714285714285,3979.633333333333
2011-05-13,6774,2011,5,13,4,19,2,0,5519.0,5966.0,3070.0,3052.0,4349.142857142857,4103.7
2011-05-14,4543,2011,5,14,5,19,2,0,6774.0,1982.0,1493.0,6252.0,4715.0,4046.733333333333
2011-05-15,194,2011,5,15,6,19,2,0,4543.0,2502.0,0.0,1728.0,4385.285714285715,3995.6
2011-05-16,1569,2011,5,16,0,20,2,0,194.0,5018.0,9275.0,4041.0,3892.5714285714284,3913.2
2011-05-17,3524,2011,5,17,1,20,2,0,1569.0,5828.0,5259.0,0.0,3563.4285714285716,4030.6666666666665
2011-05-18,9238,2011,5,18,2,20,2,0,3524.0,2821.0,7513.0,5907.0,4480.142857142857,4141.7
2011-05-19,3039,2011,5,19,3,20,2,0,9238.0,5519.0,2998.0,2860.0,4125.857142857143,4147.666666666667
2011-05-20,1291,2011,5,20,4,20,2,0,3039.0,6774.0,5966.0,4138.0,3342.5714285714284,4052.766666666667
2011-05-21,10646,2011,5,21,5,20,2,0,1291.0,4543.0,1982.0,4703.0,4214.428571428572,4250.866666666667
2011-05-22,226,2011,5,22,6,20,2,0,10646.0,194.0,2502.0,7064.0,4219.0,4022.9333333333334
2011-05-23,6533,2011,5,23,0,21,2,0,226.0,1569.0,5018.0,772.0,4928.142857142857,4214.966666666666
2011-05-24,10474,2011,5,24,1,21,2,0,6533.0,3524.0,5828.0,166.0,5921.0,4558.566666666667
2011-05-25,3046,2011,5,25,2,21,2,0,10474.0,9238.0,2821.0,5026.0,5036.428571428572,4492.566666666667
2011-05-26,5965,2011,5,26,3,21,2,0,3046.0,3039.0,5519.0,2087.0,5454.428571428572,4621.833333333333
2011-05-27,5867,2011,5,27,4,21,2,0,5965.0,1291.0,6774.0,8437.0,6108.142857142857,4536.166666666667
2011-05-28,2104,2011,5,28,5,21,2,0,5867.0,10646.0,4543.0,3912.0,4887.857142857143,4475.9
2011-05-29,0,2011,5,29,6,21,2,0,2104.0,226.0,194.0,3070.0,4855.571428571428,4373.566666666667
2011-05-30,8638,2011,5,30,0,22,2,0,0.0,6533.0,1569.0,1493.0,5156.285714285715,4611.733333333334
2011-05-31,8410,2011,5,31,1,22,2,0,8638.0,10474.0,3524.0,0.0,4861.428571428572,4892.066666666667
2011-06-01,11481,2011,6,1,2,22,2,0,8410.0,3046.0,9238.0,9275.0,6066.428571428572,4965.6
2011-06-02,12518,2011,6,2,3,22,2,0,11481.0,5965.0,3039.0,5259.0,7002.571428571428,5207.566666666667
2011-06-03,11351,2011,6,3,4,22,2,0,12518.0,5867.0,1291.0,7513.0,7786.0,5335.5
2011-06-04,1926,2011,6,4,5,22,2,0,11351.0,2104.0,10646.0,2998.0,7760.571428571428,5299.766666666666
2011-06-05,1139,2011,6,5,6,22,2,0,1926.0,0.0,226.0,5966.0,7923.285714285715,5138.866666666667
2011-06-06,10266,2011,6,6,0,23,2,0,1139.0,8638.0,6533.0,1982.0,8155.857142857143,5415.0
2011-06-07,16748,2011,6,7,1,23,2,0,10266.0,8410.0,10474.0,2502.0,9347.0,5889.866666666667
2011-06-08,9530,2011,6,8,2,23,2,0,16748.0,11481.0,3046.0,5018.0,9068.285714285714,6040.266666666666
2011-06-09,10245,2011,6,9,3,23,2,0,9530.0,12518.0,5965.0,5828.0,8743.57142857143,6187.5
2011-06-10,5474,2011,6,10,4,23,2,0,10245.0,11351.0,5867.0,2821.0,7904.0,6275.933333333333
2011-06-11,3161,2011,6,11,5,23,2,0,5474.0,1926.0,2104.0,5519.0,8080.428571428572,6197.333333333333
2011-06-12,38,2011,6,12,6,23,2,0,3161.0,1139.0,0.0,6774.0,7923.142857142857,5972.8
2011-06-13,6576,2011,6,13,0,24,2,0,38.0,10266.0,8638.0,4543.0,7396.0,6040.566666666667
2011-06-14,4947,2011,6,14,1,24,2,0,6576.0,16748.0,8410.0,194.0,5710.142857142857,6199.0
2011-06-15,6110,2011,6,15,2,24,2,0,4947.0,9530.0,11481.0,1569.0,5221.571428571428,6350.366666666667
2011-06-16,4010,2011,6,16,3,24,2,0,6110.0,10245.0,12518.0,3524.0,4330.857142857143,6366.566666666667
2011-06-17,14496,2011,6,17,4,24,2,0,4010.0,5474.0,11351.0,9238.0,5619.714285714285,6541.833333333333
2011-06-18,5519,2011,6,18,5,24,2,0,14496.0,3161.0,1926.0,3039.0,5956.571428571428,6624.5
2011-06-19,58,2011,6,19,6,24,2,0,5519.0,38.0,1139.0,1291.0,5959.428571428572,6583.4
2011-06-20,8529,2011,6,20,0,25,2,0,58.0,6576.0,10266.0,10646.0,6238.428571428572,6512.833333333333
2011-06-21,8720,2011,6,21,1,25,2,0,8529.0,4947.0,16748.0,226.0,6777.428571428572,6795.966666666666
2011-06-22,19197,2011,6,22,2,25,2,0,8720.0,6110.0,9530.0,6533.0,8647.0,7218.1
2011-06-23,3134,2011,6,23,3,25,2,0,19197.0,4010.0,10245.0,10474.0,8521.857142857143,6973.433333333333
2011-06-24,5390,2011,6,24,4,25,2,0,3134.0,14496.0,5474.0,3046.0,7221.0,7051.566666666667
2011-06-25,5899,2011,6,25,5,25,2,0,5390.0,5519.0,3161.0,5965.0,7275.285714285715,7049.366666666667
2011-06-26,1269,2011,6,26,6,25,2,0,5899.0,58.0,38.0,5867.0,7448.285714285715,6896.1
2011-06-27,6653,2011,6,27,0,26,2,0,1269.0,8529.0,6576.0,2104.0,7180.285714285715,7047.733333333334
2011-06-28,7197,2011,6,28,1,26,2,0,6653.0,8720.0,4947.0,0.0,6962.714285714285,7287.633333333333
2011-06-29,8333,2011,6,29,2,26,2,0,7197.0,19197.0,6110.0,8638.0,5410.714285714285,7277.466666666666
2011-06-30,5300,2011,6,30,3,26,2,0,8333.0,3134.0,4010.0,8410.0,5720.142857142857,7173.8
2011-07-01,3844,2011,7,1,4,26,3,0,5300.0,5390.0,14496.0,11481.0,5499.285714285715,6919.233333333334
2011-07-02,389,2011,7,2,5,26,3,0,3844.0,5899.0,5519.0,12518.0,4712.142857142857,6514.933333333333
2011-07-03,0,2011,7,3,6,26,3,0,389.0,1269.0,58.0,11351.0,4530.857142857143,6136.566666666667
2011-07-04,1984,2011,7,4,0,27,3,0,0.0,6653.0,8529.0,1926.0,3863.8571428571427,6138.5
2011-07-05,3725,2011,7,5,1,27,3,0,1984.0,7197.0,8720.0,1139.0,3367.8571428571427,6224.7
2011-07-06,3772,2011,7,6,2,27,3,0,3725.0,8333.0,19197.0,10266.0,2716.285714285714,6008.233333333334
2011-07-07,4856,2011,7,7,3,27,3,0,3772.0,5300.0,3134.0,16748.0,2652.8571428571427,5611.833333333333
2011-07-08,3385,2011,7,8,4,27,3,0,4856.0,3844.0,5390.0,9530.0,2587.285714285714,5407.0
2011-07-09,2022,2011,7,9,5,27,3,0,3385.0,389.0,5899.0,10245.0,2820.5714285714284,5132.9
2011-07-10,0,2011,7,10,6,27,3,0,2022.0,0.0,1269.0,5474.0,2820.5714285714284,4950.433333333333
2011-07-11,5228,2011,7,11,0,28,3,0,0.0,1984.0,6653.0,3161.0,3284.0,5019.333333333333
2011-07-12,5228,2011,7,12,1,28,3,0,5228.0,3725.0,7197.0,38.0,3498.714285714286,5192.333333333333
2011-07-13,1939,2011,7,13,2,28,3,0,5228.0,3772.0,8333.0,6576.0,3236.8571428571427,5037.766666666666
2011-07-14,3034,2011,7,14,3,28,3,0,1939.0,4856.0,5300.0,4947.0,2976.5714285714284,4974.0
2011-07-15,934,2011,7,15,4,28,3,0,3034.0,3385.0,3844.0,6110.0,2626.4285714285716,4801.466666666666
2011-07-16,3626,2011,7,16,5,28,3,0,934.0,2022.0,389.0,4010.0,2855.5714285714284,4788.666666666667
2011-07-17,354,2011,7,17,6,28,3,0,3626.0,0.0,0.0,14496.0,2906.1428571428573,4317.266666666666
2011-07-18,5443,2011,7,18,0,29,3,0,354.0,5228.0,1984.0,5519.0,2936.8571428571427,4314.733333333334
2011-07-19,4767,2011,7,19,1,29,3,0,5443.0,5228.0,3725.0,58.0,2871.0,4471.7
2011-07-20,7977,2011,7,20,2,29,3,0,4767.0,1939.0,3772.0,8529.0,3733.5714285714284,4453.3
2011-07-21,6104,2011,7,21,3,29,3,0,7977.0,3034.0,4856.0,8720.0,4172.142857142857,4366.1
2011-07-22,3077,2011,7,22,4,29,3,0,6104.0,934.0,3385.0,19197.0,4478.285714285715,3828.766666666667
2011-07-23,3861,2011,7,23,5,29,3,0,3077.0,3626.0,2022.0,3134.0,4511.857142857143,3853.0
2011-07-24,102,2011,7,24,6,29,3,0,3861.0,354.0,0.0,5390.0,4475.857142857143,3676.733333333333
2011-07-25,12337,2011,7,25,0,30,3,0,102.0,5443.0,5228.0,5899.0,5460.714285714285,3891.3333333333335
2011-07-26,7918,2011,7,26,1,30,3,0,12337.0,4767.0,5228.0,1269.0,5910.857142857143,4112.966666666666
2011-07-27,9804,2011,7,27,2,30,3,0,7918.0,7977.0,1939.0,6653.0,6171.857142857143,4218.0
2011-07-28,3211,2011,7,28,3,30,3,0,9804.0,6104.0,3034.0,7197.0,5758.571428571428,4085.133333333333
2011-07-29,1916,2011,7,29,4,30,3,0,3211.0,3077.0,934.0,8333.0,5592.714285714285,3871.233333333333
2011-07-30,4205,2011,7,30,5,30,3,0,1916.0,3861.0,3626.0,5300.0,5641.857142857143,3834.733333333333
2011-07-31,476,2011,7,31,6,30,3,0,4205.0,102.0,354.0,3844.0,5695.285714285715,3722.4666666666667
2011-08-01,6767,2011,8,1,0,31,3,0,476.0,12337.0,5443.0,389.0,4899.571428571428,3935.0666666666666
2011-08-02,5344,2011,8,2,1,31,3,0,6767.0,7918.0,4767.0,0.0,4531.857142857143,4113.2
2011-08-03,10667,2011,8,3,2,31,3,0,5344.0,9804.0,7977.0,1984.0,4655.142857142857,4402.633333333333
2011-08-04,13621,2011,8,4,3,31,3,0,10667.0,3211.0,6104.0,3725.0,6142.285714285715,4732.5
2011-08-05,5709,2011,8,5,4,31,3,0,13621.0,1916.0,3077.0,3772.0,6684.142857142857,4797.066666666667
2011-08-06,1072,2011,8,6,5,31,3,0,5709.0,4205.0,3861.0,4856.0,6236.571428571428,4670.933333333333
2011-08-07,38,2011,8,7,6,31,3,0,1072.0,476.0,102.0,3385.0,6174.0,4559.366666666667
2011-08-08,8099,2011,8,8,0,32,3,0,38.0,6767.0,12337.0,2022.0,6364.285714285715,4761.933333333333
2011-08-09,13282,2011,8,9,1,32,3,0,8099.0,5344.0,7918.0,0.0,7498.285714285715,5204.666666666667
2011-08-10,13153,2011,8,10,2,32,3,0,13282.0,10667.0,9804.0,5228.0,7853.428571428572,5468.833333333333
2011-08-11,7410,2011,8,11,3,32,3,0,13153.0,13621.0,3211.0,5228.0,6966.142857142857,5541.566666666667
2011-08-12,8970,2011,8,12,4,32,3,0,7410.0,5709.0,1916.0,1939.0,7432.0,5775.933333333333
2011-08-13,2603,2011,8,13,5,32,3,0,8970.0,1072.0,4205.0,3034.0,7650.714285714285,5761.566666666667
2011-08-14,0,2011,8,14,6,32,3,0,2603.0,38.0,476.0,934.0,7645.285714285715,5730.433333333333
2011-08-15,6932,2011,8,15,0,33,3,0,0.0,8099.0,6767.0,3626.0,7478.571428571428,5840.633333333333
2011-08-16,13433,2011,8,16,1,33,3,0,6932.0,13282.0,5344.0,354.0,7500.142857142857,6276.6
2011-08-17,6625,2011,8,17,2,33,3,0,13433.0,13153.0,10667.0,5443.0,6567.571428571428,6316.0
2011-08-18,9053,2011,8,18,3,33,3,0,6625.0,7410.0,13621.0,4767.0,6802.285714285715,6458.866666666667
2011-08-19,10154,2011,8,19,4,33,3,0,9053.0,8970.0,5709.0,7977.0,6971.428571428572,6531.433333333333
2011-08-20,3032,2011,8,20,5,33,3,0,10154.0,2603.0,1072.0,6104.0,7032.714285714285,6429.033333333334
2011-08-21,2996,2011,8,21,6,33,3,0,3032.0,0.0,38.0,3077.0,7460.714285714285,6426.333333333333
2011-08-22,5181,2011,8,22,0,34,3,0,2996.0,6932.0,8099.0,3861.0,7210.571428571428,6470.333333333333
2011-08-23,3313,2011,8,23,1,34,3,0,5181.0,13433.0,13282.0,102.0,5764.857142857143,6577.366666666667
2011-08-24,5166,2011,8,24,2,34,3,0,3313.0,6625.0,13153.0,12337.0,5556.428571428572,6338.333333333333
2011-08-25,9631,2011,8,25,3,34,3,0,5166.0,9053.0,7410.0,7918.0,5639.0,6395.433333333333
2011-08-26,8122,2011,8,26,4,34,3,0,9631.0,10154.0,8970.0,9804.0,5348.714285714285,6339.366666666667
2011-08-27,5397,2011,8,27,5,34,3,0,8122.0,3032.0,2603.0,3211.0,5686.571428571428,6412.233333333334
2011-08-28,0,2011,8,28,6,34,3,0,5397.0,2996.0,0.0,1916.0,5258.571428571428,6348.366666666667
2011-08-29,7615,2011,8,29,0,35,3,0,0.0,5181.0,6932.0,4205.0,5606.285714285715,6462.033333333334
2011-08-30,8906,2011,8,30,1,35,3,0,7615.0,3313.0,13433.0,476.0,6405.285714285715,6743.033333333334
2011-08-31,5279,2011,8,31,2,35,3,0,8906.0,5166.0,6625.0,6767.0,6421.428571428572,6693.433333333333
2011-09-01,7252,2011,9,1,3,35,3,0,5279.0,9631.0,9053.0,5344.0,6081.571428571428,6757.033333333334
2011-09-02,14364,2011,9,2,4,35,3,0,7252.0,8122.0,10154.0,10667.0,6973.285714285715,6880.266666666666
2011-09-03,814,2011,9,3,5,35,3,0,14364.0,5397.0,3032.0,13621.0,6318.571428571428,6453.366666666667
2011-09-04,0,2011,9,4,6,35,3,0,814.0,0.0,2996.0,5709.0,6318.571428571428,6263.066666666667
2011-09-05,4149,2011,9,5,0,36,3,0,0.0,7615.0,5181.0,1072.0,5823.428571428572,6365.633333333333
2011-09-06,10297,2011,9,6,1,36,3,0,4149.0,8906.0,3313.0,38.0,6022.142857142857,6707.6
2011-09-07,6336,2011,9,7,2,36,3,0,10297.0,5279.0,5166.0,8099.0,6173.142857142857,6648.833333333333
2011-09-08,36833,2011,9,8,3,36,3,0,6336.0,7252.0,9631.0,13282.0,10399.0,7433.866666666667
2011-09-09,11579,2011,9,9,4,36,3,0,36833.0,14364.0,8122.0,13153.0,10001.142857142857,7381.4
2011-09-10,3269,2011,9,10,5,36,3,0,11579.0,814.0,5397.0,7410.0,10351.857142857143,7243.366666666667
2011-09-11,1368,2011,9,11,6,36,3,0,3269.0,0.0,0.0,8970.0,10547.285714285714,6989.966666666666
2011-09-12,14073,2011,9,12,0,37,3,0,1368.0,4149.0,7615.0,2603.0,11965.0,7372.3
2011-09-13,6395,2011,9,13,1,37,3,0,14073.0,10297.0,8906.0,0.0,11407.57142857143,7585.466666666666
2011-09-14,17719,2011,9,14,2,37,3,0,6395.0,6336.0,5279.0,6932.0,13033.714285714286,7945.033333333334
2011-09-15,10738,2011,9,15,3,37,3,0,17719.0,36833.0,7252.0,13433.0,9305.857142857143,7855.2
2011-09-16,5409,2011,9,16,4,37,3,0,10738.0,11579.0,14364.0,6625.0,8424.42857142857,7814.666666666667
2011-09-17,2467,2011,9,17,5,37,3,0,5409.0,3269.0,814.0,9053.0,8309.857142857143,7595.133333333333
2011-09-18,750,2011,9,18,6,37,3,0,2467.0,1368.0,0.0,10154.0,8221.57142857143,7281.666666666667
2011-09-19,16206,2011,9,19,0,38,3,0,750.0,14073.0,4149.0,3032.0,8526.285714285714,7720.8
2011-09-20,13651,2011,9,20,1,38,3,0,16206.0,6395.0,10297.0,2996.0,9562.857142857143,8075.966666666666
2011-09-21,9811,2011,9,21,2,38,3,0,13651.0,17719.0,6336.0,5181.0,8433.142857142857,8230.3
2011-09-22,9068,2011,9,22,3,38,3,0,9811.0,10738.0,36833.0,3313.0,8194.57142857143,8422.133333333333
2011-09-23,23864,2011,9,23,4,38,3,0,9068.0,5409.0,11579.0,5166.0,10831.0,9045.4
2011-09-24,4394,2011,9,24,5,38,3,0,23864.0,2467.0,3269.0,9631.0,11106.285714285714,8870.833333333334
2011-09-25,6373,2011,9,25,6,38,3,0,4394.0,750.0,1368.0,8122.0,11909.57142857143,8812.533333333333
2011-09-26,8480,2011,9,26,0,39,3,0,6373.0,16206.0,14073.0,5397.0,10805.857142857143,8915.3
2011-09-27,15353,2011,9,27,1,39,3,0,8480.0,13651.0,6395.0,0.0,11049.0,9427.066666666668
2011-09-28,11437,2011,9,28,2,39,3,0,15353.0,9811.0,17719.0,7615.0,11281.285714285714,9554.466666666667
2011-09-29,11747,2011,9,29,3,39,3,0,11437.0,9068.0,10738.0,8906.0,11664.0,9649.166666666666
2011-09-30,6034,2011,9,30,4,39,3,0,11747.0,23864.0,5409.0,5279.0,9116.857142857143,9674.333333333334
2011-10-01,1625,2011,10,1,5,39,4,0,6034.0,4394.0,2467.0,7252.0,8721.285714285714,9486.766666666666
2011-10-02,597,2011,10,2,6,39,4,0,1625.0,6373.0,750.0,14364.0,7896.142857142857,9027.866666666667
2011-10-03,8660,2011,10,3,0,40,4,0,597.0,8480.0,16206.0,814.0,7921.857142857143,9289.4
2011-10-04,8180,2011,10,4,1,40,4,0,8660.0,15353.0,13651.0,0.0,6897.142857142857,9562.066666666668
2011-10-05,2596,2011,10,5,2,40,4,0,8180.0,11437.0,9811.0,4149.0,5634.142857142857,9510.3
2011-10-06,17180,2011,10,6,3,40,4,0,2596.0,11747.0,9068.0,10297.0,6410.285714285715,9739.733333333334
2011-10-07,11287,2011,10,7,4,40,4,0,17180.0,6034.0,23864.0,6336.0,7160.714285714285,9904.766666666666
2011-10-08,3842,2011,10,8,5,40,4,0,11287.0,1625.0,4394.0,36833.0,7477.428571428572,8805.066666666668
2011-10-09,250,2011,10,9,6,40,4,0,3842.0,597.0,6373.0,11579.0,7427.857142857143,8427.433333333332
2011-10-10,7858,2011,10,10,0,41,4,0,250.0,8660.0,8480.0,3269.0,7313.285714285715,8580.4
2011-10-11,2025,2011,10,11,1,41,4,0,7858.0,8180.0,15353.0,1368.0,6434.0,8602.3
2011-10-12,4660,2011,10,12,2,41,4,0,2025.0,2596.0,11437.0,14073.0,6728.857142857143,8288.533333333333
2011-10-13,9799,2011,10,13,3,41,4,0,4660.0,17180.0,11747.0,6395.0,5674.428571428572,8402.0
2011-10-14,14453,2011,10,14,4,41,4,0,9799.0,11287.0,6034.0,17719.0,6126.714285714285,8293.133333333333
2011-10-15,8230,2011,10,15,5,41,4,0,14453.0,3842.0,1625.0,10738.0,6753.571428571428,8209.533333333333
2011-10-16,1364,2011,10,16,6,41,4,0,8230.0,250.0,597.0,5409.0,6912.714285714285,8074.7
2011-10-17,5984,2011,10,17,0,42,4,0,1364.0,7858.0,8660.0,2467.0,6645.0,8191.933333333333
2011-10-18,8291,2011,10,18,1,42,4,0,5984.0,2025.0,8180.0,750.0,7540.142857142857,8443.3
2011-10-19,8884,2011,10,19,2,42,4,0,8291.0,4660.0,2596.0,16206.0,8143.571428571428,8199.233333333334
2011-10-20,7524,2011,10,20,3,42,4,0,8884.0,9799.0,17180.0,13651.0,7818.571428571428,7995.0
2011-10-21,7272,2011,10,21,4,42,4,0,7524.0,14453.0,11287.0,9811.0,6792.714285714285,7910.366666666667
2011-10-22,4954,2011,10,22,5,42,4,0,7272.0,8230.0,3842.0,9068.0,6324.714285714285,7773.233333333334
2011-10-23,0,2011,10,23,6,42,4,0,4954.0,1364.0,250.0,23864.0,6129.857142857143,6977.766666666666
2011-10-24,4550,2011,10,24,0,43,4,0,0.0,5984.0,7858.0,4394.0,5925.0,6982.966666666666
2011-10-25,4803,2011,10,25,1,43,4,0,4550.0,8291.0,2025.0,6373.0,5426.714285714285,6930.633333333333
2011-10-26,8069,2011,10,26,2,43,4,0,4803.0,8884.0,4660.0,8480.0,5310.285714285715,6916.933333333333
2011-10-27,17293,2011,10,27,3,43,4,0,8069.0,7524.0,9799.0,15353.0,6705.857142857143,6981.6
2011-10-28,5778,2011,10,28,4,43,4,0,17293.0,7272.0,14453.0,11437.0,6492.428571428572,6792.966666666666
2011-10-29,5023,2011,10,29,5,43,4,0,5778.0,4954.0,8230.0,11747.0,6502.285714285715,6568.833333333333
2011-10-30,134,2011,10,30,6,43,4,0,5023.0,0.0,1364.0,6034.0,6521.428571428572,6372.166666666667
2011-10-31,7905,2011,10,31,0,44,4,0,134.0,4550.0,5984.0,1625.0,7000.714285714285,6581.5
2011-11-01,18668,2011,11,1,1,44,4,1,7905.0,4803.0,8291.0,597.0,8981.42857142857,7183.866666666667
2011-11-02,8691,2011,11,2,2,44,4,1,18668.0,8069.0,8884.0,8660.0,9070.285714285714,7184.9
2011-11-03,19275,2011,11,3,3,44,4,1,8691.0,17293.0,7524.0,8180.0,9353.42857142857,7554.733333333334
2011-11-04,18652,2011,11,4,4,44,4,1,19275.0,5778.0,7272.0,2596.0,11192.57142857143,8089.933333333333
2011-11-05,10387,2011,11,5,5,44,4,1,18652.0,5023.0,4954.0,17180.0,11958.857142857143,7863.5
2011-11-06,1556,2011,11,6,6,44,4,1,10387.0,134.0,0.0,11287.0,12162.0,7539.133333333333
2011-11-07,13235,2011,11,7,0,45,4,1,1556.0,7905.0,4550.0,3842.0,12923.42857142857,7852.233333333334
2011-11-08,4290,2011,11,8,1,45,4,1,13235.0,18668.0,4803.0,250.0,10869.42857142857,7986.9
2011-11-09,12158,2011,11,9,2,45,4,1,4290.0,8691.0,8069.0,7858.0,11364.714285714286,8130.233333333334
2011-11-10,10175,2011,11,10,3,45,4,1,12158.0,19275.0,17293.0,2025.0,10064.714285714286,8401.9
2011-11-11,24404,2011,11,11,4,45,4,1,10175.0,18652.0,5778.0,4660.0,10886.42857142857,9060.033333333333
2011-11-12,4234,2011,11,12,5,45,4,1,24404.0,10387.0,5023.0,9799.0,10007.42857142857,8874.533333333333
2011-11-13,346,2011,11,13,6,45,4,1,4234.0,1556.0,134.0,14453.0,9834.57142857143,8404.3
2011-11-14,12537,2011,11,14,0,46,4,1,346.0,13235.0,7905.0,8230.0,9734.857142857143,8547.866666666667
2011-11-15,10495,2011,11,15,1,46,4,1,12537.0,4290.0,18668.0,1364.0,10621.285714285714,8852.233333333334
2011-11-16,8007,2011,11,16,2,46,4,1,10495.0,12158.0,8691.0,5984.0,10028.285714285714,8919.666666666666
2011-11-17,14063,2011,11,17,3,46,4,1,8007.0,10175.0,19275.0,8291.0,10583.714285714286,9112.066666666668
2011-11-18,13519,2011,11,18,4,46,4,1,14063.0,24404.0,18652.0,8884.0,9028.714285714286,9266.566666666668
2011-11-19,9876,2011,11,19,5,46,4,1,13519.0,4234.0,10387.0,7524.0,9834.714285714286,9344.966666666667
2011-11-20,976,2011,11,20,6,46,4,1,9876.0,346.0,1556.0,7272.0,9924.714285714286,9135.1
2011-11-21,5409,2011,11,21,0,47,4,1,976.0,12537.0,13235.0,4954.0,8906.42857142857,9150.266666666666
2011-11-22,9526,2011,11,22,1,47,4,1,5409.0,10495.0,4290.0,0.0,8768.0,9467.8
2011-11-23,8507,2011,11,23,2,47,4,1,9526.0,8007.0,12158.0,4550.0,8839.42857142857,9599.7
2011-11-24,10786,2011,11,24,3,47,4,1,8507.0,14063.0,10175.0,4803.0,8371.285714285714,9799.133333333333
2011-11-25,18120,2011,11,25,4,47,4,1,10786.0,13519.0,24404.0,8069.0,9028.57142857143,10134.166666666666
2011-11-26,6403,2011,11,26,5,47,4,1,18120.0,9876.0,4234.0,17293.0,8532.42857142857,9771.166666666666
2011-11-27,303,2011,11,27,6,47,4,1,6403.0,976.0,346.0,5778.0,8436.285714285714,9588.666666666666
2011-11-28,9289,2011,11,28,0,48,4,1,303.0,5409.0,12537.0,5023.0,8990.57142857143,9730.866666666667
2011-11-29,8444,2011,11,29,1,48,4,1,9289.0,9526.0,10495.0,134.0,8836.0,10007.866666666667
2011-11-30,6168,2011,11,30,2,48,4,1,8444.0,8507.0,8007.0,7905.0,8501.857142857143,9949.966666666667
2011-12-01,14118,2011,12,1,3,48,4,1,6168.0,10786.0,14063.0,18668.0,8977.857142857143,9798.3
2011-12-02,7295,2011,12,2,4,48,4,1,14118.0,18120.0,13519.0,8691.0,7431.428571428572,9751.766666666666
2011-12-03,9014,2011,12,3,5,48,4,1,7295.0,6403.0,9876.0,19275.0,7804.428571428572,9409.733333333334
2011-12-04,615,2011,12,4,6,48,4,1,9014.0,303.0,976.0,18652.0,7849.0,8808.5
2011-12-05,10389,2011,12,5,0,49,4,1,615.0,9289.0,5409.0,10387.0,8006.142857142857,8808.566666666668
2011-12-06,12458,2011,12,6,1,49,4,1,10389.0,8444.0,9526.0,1556.0,8579.57142857143,9171.966666666667
2011-12-07,10247,2011,12,7,2,49,4,1,12458.0,6168.0,8507.0,13235.0,9162.285714285714,9072.366666666667
2011-12-08,13339,2011,12,8,3,49,4,1,10247.0,14118.0,10786.0,4290.0,9051.0,9374.0
2011-12-09,14316,2011,12,9,4,49,4,1,13339.0,7295.0,18120.0,12158.0,10054.0,9445.933333333332
2011-12-10,5848,2011,12,10,5,49,4,1,14316.0,9014.0,6403.0,10175.0,9601.714285714286,9301.7
2011-12-11,797,2011,12,11,6,49,4,1,5848.0,615.0,303.0,24404.0,9627.714285714286,8514.8
2011-12-12,10225,2011,12,12,0,50,4,1,797.0,10389.0,9289.0,4234.0,9604.285714285714,8714.5
2011-12-13,14356,2011,12,13,1,50,4,1,10225.0,12458.0,8444.0,346.0,9875.42857142857,9181.5
2011-12-14,14350,2011,12,14,2,50,4,1,14356.0,10247.0,6168.0,12537.0,10461.57142857143,9241.933333333332
2011-12-15,15082,2011,12,15,3,50,4,1,14350.0,13339.0,14118.0,10495.0,10710.57142857143,9394.833333333334
2011-12-16,14193,2011,12,16,4,50,4,1,15082.0,14316.0,7295.0,8007.0,10693.0,9601.033333333333
2011-12-17,13733,2011,12,17,5,50,4,1,14193.0,5848.0,9014.0,14063.0,11819.42857142857,9590.033333333333
2011-12-18,0,2011,12,18,6,50,4,1,13733.0,797.0,615.0,13519.0,11705.57142857143,9139.4
2011-12-19,10806,2011,12,19,0,51,4,1,0.0,10225.0,10389.0,9876.0,11788.57142857143,9170.4
2011-12-20,21879,2011,12,20,1,51,4,1,10806.0,14356.0,12458.0,976.0,12863.285714285714,9867.166666666666
2011-12-21,13003,2011,12,21,2,51,4,1,21879.0,14350.0,10247.0,5409.0,12670.857142857143,10120.3
2011-12-22,12809,2011,12,22,3,51,4,1,13003.0,15082.0,13339.0,9526.0,12346.142857142857,10229.733333333334
2011-12-23,10613,2011,12,23,4,51,4,1,12809.0,14193.0,14316.0,8507.0,11834.714285714286,10299.933333333332
2011-12-24,9786,2011,12,24,5,51,4,1,10613.0,13733.0,5848.0,10786.0,11270.857142857143,10266.6
2011-12-25,539,2011,12,25,6,51,4,1,9786.0,0.0,797.0,18120.0,11347.857142857143,9680.566666666668
2011-12-26,14836,2011,12,26,0,52,4,1,539.0,10806.0,10225.0,6403.0,11923.57142857143,9961.666666666666
2011-12-27,15141,2011,12,27,1,52,4,1,14836.0,21879.0,14356.0,303.0,10961.0,10456.266666666666
2011-12-28,18803,2011,12,28,2,52,4,1,15141.0,13003.0,14350.0,9289.0,11789.57142857143,10773.4
2011-12-29,10908,2011,12,29,3,52,4,1,18803.0,12809.0,15082.0,8444.0,11518.0,10855.533333333333
2011-12-30,6702,2011,12,30,4,52,4,1,10908.0,10613.0,14193.0,6168.0,10959.285714285714,10873.333333333334
2011-12-31,7741,2011,12,31,5,52,4,1,6702.0,9786.0,13733.0,14118.0,10667.142857142857,10660.766666666666
2012-01-01,0,2012,1,1,6,52,1,0,7741.0,539.0,0.0,7295.0,10590.142857142857,10417.6
2012-01-02,10008,2012,1,2,0,1,1,0,0.0,14836.0,10806.0,9014.0,9900.42857142857,10450.733333333334
2012-01-03,3450,2012,1,3,1,1,1,0,10008.0,15141.0,21879.0,615.0,8230.285714285714,10545.233333333334
2012-01-04,2618,2012,1,4,2,1,1,0,3450.0,18803.0,13003.0,10389.0,5918.142857142857,10286.2
2012-01-05,5662,2012,1,5,3,1,1,0,2618.0,10908.0,12809.0,12458.0,5168.714285714285,10059.666666666666
2012-01-06,545,2012,1,6,4,1,1,0,5662.0,6702.0,10613.0,10247.0,4289.142857142857,9736.266666666666
2012-01-07,3699,2012,1,7,5,1,1,0,545.0,7741.0,9786.0,13339.0,3711.714285714286,9414.933333333332
2012-01-08,2177,2012,1,8,6,1,1,0,3699.0,0.0,539.0,14316.0,4022.714285714286,9010.3
2012-01-09,3599,2012,1,9,0,2,1,0,2177.0,10008.0,14836.0,5848.0,3107.1428571428573,8935.333333333334
2012-01-10,6297,2012,1,10,1,2,1,0,3599.0,3450.0,15141.0,797.0,3513.8571428571427,9118.666666666666
2012-01-11,8259,2012,1,11,2,2,1,0,6297.0,2618.0,18803.0,10225.0,4319.714285714285,9053.133333333333
2012-01-12,8383,2012,1,12,3,2,1,0,8259.0,5662.0,10908.0,14356.0,4708.428571428572,8854.033333333333
2012-01-13,7107,2012,1,13,4,2,1,0,8383.0,545.0,6702.0,14350.0,5645.857142857143,8612.6
2012-01-14,2040,2012,1,14,5,2,1,0,7107.0,3699.0,7741.0,15082.0,5408.857142857143,8177.866666666667
2012-01-15,0,2012,1,15,6,2,1,0,2040.0,2177.0,0.0,14193.0,5097.857142857143,7704.766666666666
2012-01-16,8371,2012,1,16,0,3,1,0,0.0,3599.0,10008.0,13733.0,5779.571428571428,7526.033333333334
2012-01-17,6565,2012,1,17,1,3,1,0,8371.0,6297.0,3450.0,0.0,5817.857142857143,7744.866666666667
2012-01-18,4540,2012,1,18,2,3,1,0,6565.0,8259.0,2618.0,10806.0,5286.571428571428,7536.0
2012-01-19,3370,2012,1,19,3,3,1,0,4540.0,8383.0,5662.0,21879.0,4570.428571428572,6919.033333333334
2012-01-20,3578,2012,1,20,4,3,1,0,3370.0,7107.0,545.0,13003.0,4066.285714285714,6604.866666666667
2012-01-21,1383,2012,1,21,5,3,1,0,3578.0,2040.0,3699.0,12809.0,3972.4285714285716,6224.0
2012-01-22,1494,2012,1,22,6,3,1,0,1383.0,0.0,2177.0,10613.0,4185.857142857143,5920.033333333334
2012-01-23,9670,2012,1,23,0,4,1,0,1494.0,8371.0,3599.0,9786.0,4371.428571428572,5916.166666666667
2012-01-24,3226,2012,1,24,1,4,1,0,9670.0,6565.0,6297.0,539.0,3894.4285714285716,6005.733333333334
2012-01-25,3514,2012,1,25,2,4,1,0,3226.0,4540.0,8259.0,14836.0,3747.8571428571427,5628.333333333333
2012-01-26,3415,2012,1,26,3,4,1,0,3514.0,3370.0,8383.0,15141.0,3754.285714285714,5237.466666666666
2012-01-27,9423,2012,1,27,4,4,1,0,3415.0,3578.0,7107.0,18803.0,4589.285714285715,4924.8
2012-01-28,7629,2012,1,28,5,4,1,0,9423.0,1383.0,2040.0,10908.0,5481.571428571428,4815.5
2012-01-29,876,2012,1,29,6,4,1,0,7629.0,1494.0,0.0,6702.0,5393.285714285715,4621.3
2012-01-30,3631,2012,1,30,0,5,1,0,876.0,9670.0,8371.0,7741.0,4530.571428571428,4484.3
2012-01-31,1246,2012,1,31,1,5,1,0,3631.0,3226.0,6565.0,0.0,4247.714285714285,4525.833333333333
2012-02-01,1657,2012,2,1,2,5,1,0,1246.0,3514.0,4540.0,10008.0,3982.4285714285716,4247.466666666666
2012-02-02,11631,2012,2,2,3,5,1,0,1657.0,3415.0,3370.0,3450.0,5156.142857142857,4520.166666666667
2012-02-03,959,2012,2,3,4,5,1,0,11631.0,9423.0,3578.0,2618.0,3947.0,4464.866666666667
2012-02-04,4977,2012,2,4,5,5,1,0,959.0,7629.0,1383.0,5662.0,3568.1428571428573,4442.033333333334
2012-02-05,397,2012,2,5,6,5,1,0,4977.0,876.0,1494.0,545.0,3499.714285714286,4437.1
2012-02-06,8731,2012,2,6,0,6,1,0,397.0,3631.0,9670.0,3699.0,4228.285714285715,4604.833333333333
2012-02-07,4020,2012,2,7,1,6,1,0,8731.0,1246.0,3226.0,2177.0,4624.571428571428,4666.266666666666
2012-02-08,2321,2012,2,8,2,6,1,0,4020.0,1657.0,3514.0,3599.0,4719.428571428572,4623.666666666667
2012-02-09,4529,2012,2,9,3,6,1,0,2321.0,11631.0,3415.0,6297.0,3704.8571428571427,4564.733333333334
2012-02-10,3683,2012,2,10,4,6,1,0,4529.0,959.0,9423.0,8259.0,4094.0,4412.2
2012-02-11,204,2012,2,11,5,6,1,0,3683.0,4977.0,7629.0,8383.0,3412.1428571428573,4139.566666666667
2012-02-12,157,2012,2,12,6,6,1,0,204.0,397.0,876.0,7107.0,3377.8571428571427,3907.9
2012-02-13,4972,2012,2,13,0,7,1,0,157.0,8731.0,3631.0,2040.0,2840.8571428571427,4005.633333333333
2012-02-14,4814,2012,2,14,1,7,1,0,4972.0,4020.0,1246.0,0.0,2954.285714285714,4166.1
2012-02-15,5439,2012,2,15,2,7,1,0,4814.0,2321.0,1657.0,8371.0,3399.714285714286,4068.366666666667
2012-02-16,1260,2012,2,16,3,7,1,0,5439.0,4529.0,11631.0,6565.0,2932.714285714286,3891.5333333333333
2012-02-17,1518,2012,2,17,4,7,1,0,1260.0,3683.0,959.0,4540.0,2623.4285714285716,3790.8
2012-02-18,5538,2012,2,18,5,7,1,0,1518.0,204.0,4977.0,3370.0,3385.4285714285716,3863.0666666666666
2012-02-19,176,2012,2,19,6,7,1,0,5538.0,157.0,397.0,3578.0,3388.1428571428573,3749.6666666666665
2012-02-20,2678,2012,2,20,0,8,1,0,176.0,4972.0,8731.0,1383.0,3060.4285714285716,3792.8333333333335
2012-02-21,4678,2012,2,21,1,8,1,0,2678.0,4814.0,4020.0,1494.0,3041.0,3898.9666666666667
2012-02-22,2872,2012,2,22,2,8,1,0,4678.0,5439.0,2321.0,9670.0,2674.285714285714,3672.366666666667
2012-02-23,4380,2012,2,23,3,8,1,0,2872.0,1260.0,4529.0,3226.0,3120.0,3710.8333333333335
2012-02-24,3960,2012,2,24,4,8,1,0,4380.0,1518.0,3683.0,3514.0,3468.8571428571427,3725.7
2012-02-25,3308,2012,2,25,5,8,1,0,3960.0,5538.0,204.0,3415.0,3150.285714285714,3722.133333333333
2012-02-26,0,2012,2,26,6,8,1,0,3308.0,176.0,157.0,9423.0,3125.1428571428573,3408.0333333333333
2012-02-27,7572,2012,2,27,0,9,1,0,0.0,2678.0,4972.0,7629.0,3824.285714285714,3406.133333333333
2012-02-28,3049,2012,2,28,1,9,1,0,7572.0,4678.0,4814.0,876.0,3591.5714285714284,3478.5666666666666
2012-02-29,1041,2012,2,29,2,9,1,0,3049.0,2872.0,5439.0,3631.0,3330.0,3392.233333333333
2012-03-01,3913,2012,3,1,3,9,1,0,1041.0,4380.0,1260.0,1246.0,3263.285714285714,3481.133333333333
2012-03-02,10723,2012,3,2,4,9,1,0,3913.0,3960.0,1518.0,1657.0,4229.428571428572,3783.3333333333335
2012-03-03,626,2012,3,3,5,9,1,0,10723.0,3308.0,5538.0,11631.0,3846.285714285714,3416.5
2012-03-04,0,2012,3,4,6,9,1,0,626.0,0.0,176.0,959.0,3846.285714285714,3384.5333333333333
2012-03-05,8252,2012,3,5,0,10,1,0,0.0,7572.0,2678.0,4977.0,3943.4285714285716,3493.7
2012-03-06,5918,2012,3,6,1,10,1,0,8252.0,3049.0,4678.0,397.0,4353.285714285715,3677.733333333333
2012-03-07,8466,2012,3,7,2,10,1,0,5918.0,1041.0,2872.0,8731.0,5414.0,3668.9
2012-03-08,4857,2012,3,8,3,10,1,0,8466.0,3913.0,4380.0,4020.0,5548.857142857143,3696.8
2012-03-09,3457,2012,3,9,4,10,1,0,4857.0,10723.0,3960.0,2321.0,4510.857142857143,3734.6666666666665
2012-03-10,1170,2012,3,10,5,10,1,0,3457.0,626.0,3308.0,4529.0,4588.571428571428,3622.7
2012-03-11,382,2012,3,11,6,10,1,0,1170.0,0.0,0.0,3683.0,4643.142857142857,3512.6666666666665
2012-03-12,4086,2012,3,12,0,11,1,0,382.0,8252.0,7572.0,204.0,4048.0,3642.0666666666666
2012-03-13,4670,2012,3,13,1,11,1,0,4086.0,5918.0,3049.0,157.0,3869.714285714286,3792.5
2012-03-14,5569,2012,3,14,2,11,1,0,4670.0,8466.0,1041.0,4972.0,3455.8571428571427,3812.4
2012-03-15,7148,2012,3,15,3,11,1,0,5569.0,4857.0,3913.0,4814.0,3783.1428571428573,3890.2
2012-03-16,13262,2012,3,16,4,11,1,0,7148.0,3457.0,10723.0,5439.0,5183.857142857143,4150.966666666666
2012-03-17,540,2012,3,17,5,11,1,0,13262.0,1170.0,626.0,1260.0,5093.857142857143,4126.966666666666
2012-03-18,0,2012,3,18,6,11,1,0,540.0,382.0,0.0,1518.0,5039.285714285715,4076.366666666667
2012-03-19,11463,2012,3,19,0,12,1,0,0.0,4086.0,8252.0,5538.0,6093.142857142857,4273.866666666667
2012-03-20,17841,2012,3,20,1,12,1,0,11463.0,4670.0,5918.0,176.0,7974.714285714285,4862.7
2012-03-21,4298,2012,3,21,2,12,1,0,17841.0,5569.0,8466.0,2678.0,7793.142857142857,4916.7
2012-03-22,5869,2012,3,22,3,12,1,0,4298.0,7148.0,4857.0,4678.0,7610.428571428572,4956.4
2012-03-23,3938,2012,3,23,4,12,1,0,5869.0,13262.0,3457.0,2872.0,6278.428571428572,4991.933333333333
2012-03-24,1816,2012,3,24,5,12,1,0,3938.0,540.0,1170.0,4380.0,6460.714285714285,4906.466666666666
2012-03-25,0,2012,3,25,6,12,1,0,1816.0,0.0,382.0,3960.0,6460.714285714285,4774.466666666666
2012-03-26,8996,2012,3,26,0,13,1,0,0.0,11463.0,4086.0,3308.0,6108.285714285715,4964.066666666667
2012-03-27,7167,2012,3,27,1,13,1,0,8996.0,17841.0,4670.0,0.0,4583.428571428572,5202.966666666666
2012-03-28,4451,2012,3,28,2,13,1,0,7167.0,4298.0,5569.0,7572.0,4605.285714285715,5098.933333333333
2012-03-29,7351,2012,3,29,3,13,1,0,4451.0,5869.0,7148.0,3049.0,4817.0,5242.333333333333
2012-03-30,3310,2012,3,30,4,13,1,0,7351.0,3938.0,13262.0,1041.0,4727.285714285715,5317.966666666666
2012-03-31,3553,2012,3,31,5,13,1,0,3310.0,1816.0,540.0,3913.0,4975.428571428572,5305.966666666666
2012-04-01,511,2012,4,1,6,13,2,0,3553.0,0.0,0.0,10723.0,5048.428571428572,4965.566666666667
2012-04-02,4606,2012,4,2,0,14,2,0,511.0,8996.0,11463.0,626.0,4421.285714285715,5098.233333333334
2012-04-03,2208,2012,4,3,1,14,2,0,4606.0,7167.0,17841.0,0.0,3712.8571428571427,5171.833333333333
2012-04-04,2904,2012,4,4,2,14,2,0,2208.0,4451.0,4298.0,8252.0,3491.8571428571427,4993.566666666667
2012-04-05,9765,2012,4,5,3,14,2,0,2904.0,7351.0,5869.0,5918.0,3836.714285714286,5121.8
2012-04-06,7147,2012,4,6,4,14,2,0,9765.0,3310.0,3938.0,8466.0,4384.857142857143,5077.833333333333
2012-04-07,6396,2012,4,7,5,14,2,0,7147.0,3553.0,1816.0,4857.0,4791.0,5129.133333333333
2012-04-08,0,2012,4,8,6,14,2,0,6396.0,511.0,0.0,3457.0,4718.0,5013.9
2012-04-09,3254,2012,4,9,0,15,2,0,0.0,4606.0,8996.0,1170.0,4524.857142857143,5083.366666666667
2012-04-10,3484,2012,4,10,1,15,2,0,3254.0,2208.0,7167.0,382.0,4707.142857142857,5186.766666666666
2012-04-11,5854,2012,4,11,2,15,2,0,3484.0,2904.0,4451.0,4086.0,5128.571428571428,5245.7
2012-04-12,3762,2012,4,12,3,15,2,0,5854.0,9765.0,7351.0,4670.0,4271.0,5215.433333333333
2012-04-13,10058,2012,4,13,4,15,2,0,3762.0,7147.0,3310.0,5569.0,4686.857142857143,5365.066666666667
2012-04-14,9263,2012,4,14,5,15,2,0,10058.0,6396.0,3553.0,7148.0,5096.428571428572,5435.566666666667
2012-04-15,493,2012,4,15,6,15,2,0,9263.0,0.0,511.0,13262.0,5166.857142857143,5009.933333333333
2012-04-16,14554,2012,4,16,0,16,2,0,493.0,3254.0,4606.0,540.0,6781.142857142857,5477.066666666667
2012-04-17,5029,2012,4,17,1,16,2,0,14554.0,3484.0,2208.0,0.0,7001.857142857143,5644.7
2012-04-18,8079,2012,4,18,2,16,2,0,5029.0,5854.0,2904.0,11463.0,7319.714285714285,5531.9
2012-04-19,7688,2012,4,19,3,16,2,0,8079.0,3762.0,9765.0,17841.0,7880.571428571428,5193.466666666666
2012-04-20,6559,2012,4,20,4,16,2,0,7688.0,10058.0,7147.0,4298.0,7380.714285714285,5268.833333333333
2012-04-21,1608,2012,4,21,5,16,2,0,6559.0,9263.0,6396.0,5869.0,6287.142857142857,5126.8
2012-04-22,6674,2012,4,22,6,16,2,0,1608.0,493.0,0.0,3938.0,7170.142857142857,5218.0
2012-04-23,2670,2012,4,23,0,17,2,0,6674.0,14554.0,3254.0,1816.0,5472.428571428572,5246.466666666666
2012-04-24,3334,2012,4,24,1,17,2,0,2670.0,5029.0,3484.0,0.0,5230.285714285715,5357.6
2012-04-25,9520,2012,4,25,2,17,2,0,3334.0,8079.0,5854.0,8996.0,5436.142857142857,5375.066666666667
2012-04-26,5789,2012,4,26,3,17,2,0,9520.0,7688.0,3762.0,7167.0,5164.857142857143,5329.133333333333
2012-04-27,6085,2012,4,27,4,17,2,0,5789.0,6559.0,10058.0,4451.0,5097.142857142857,5383.6
2012-04-28,7615,2012,4,28,5,17,2,0,6085.0,1608.0,9263.0,7351.0,5955.285714285715,5392.4
2012-04-29,428,2012,4,29,6,17,2,0,7615.0,6674.0,493.0,3310.0,5063.0,5296.333333333333
2012-04-30,5723,2012,4,30,0,18,2,0,428.0,2670.0,14554.0,3553.0,5499.142857142857,5368.666666666667
2012-05-01,3650,2012,5,1,1,18,2,0,5723.0,3334.0,5029.0,511.0,5544.285714285715,5473.3
2012-05-02,2317,2012,5,2,2,18,2,0,3650.0,9520.0,8079.0,4606.0,4515.285714285715,5397.0
2012-05-03,5684,2012,5,3,3,18,2,0,2317.0,5789.0,7688.0,2208.0,4500.285714285715,5512.866666666667
2012-05-04,10825,2012,5,4,4,18,2,0,5684.0,6085.0,6559.0,2904.0,5177.428571428572,5776.9
2012-05-05,1395,2012,5,5,5,18,2,0,10825.0,7615.0,1608.0,9765.0,4288.857142857143,5497.9
2012-05-06,1148,2012,5,6,6,18,2,0,1395.0,428.0,6674.0,7147.0,4391.714285714285,5297.933333333333
2012-05-07,11202,2012,5,7,0,19,2,0,1148.0,5723.0,2670.0,6396.0,5174.428571428572,5458.133333333333
2012-05-08,10823,2012,5,8,1,19,2,0,11202.0,3650.0,3334.0,0.0,6199.142857142857,5818.9
2012-05-09,6782,2012,5,9,2,19,2,0,10823.0,2317.0,9520.0,3254.0,6837.0,5936.5
2012-05-10,8661,2012,5,10,3,19,2,0,6782.0,5684.0,5789.0,3484.0,7262.285714285715,6109.066666666667
2012-05-11,10523,2012,5,11,4,19,2,0,8661.0,10825.0,6085.0,5854.0,7219.142857142857,6264.7
2012-05-12,3612,2012,5,12,5,19,2,0,10523.0,1395.0,7615.0,3762.0,7535.857142857143,6259.7
2012-05-13,312,2012,5,13,6,19,2,0,3612.0,1148.0,428.0,10058.0,7416.428571428572,5934.833333333333
2012-05-14,6950,2012,5,14,0,20,2,0,312.0,11202.0,5723.0,9263.0,6809.0,5857.733333333334
2012-05-15,10568,2012,5,15,1,20,2,0,6950.0,10823.0,3650.0,493.0,6772.571428571428,6193.566666666667
2012-05-16,8160,2012,5,16,2,20,2,0,10568.0,6782.0,2317.0,14554.0,6969.428571428572,5980.433333333333
2012-05-17,8386,2012,5,17,3,20,2,0,8160.0,8661.0,5684.0,5029.0,6930.142857142857,6092.333333333333
2012-05-18,5272,2012,5,18,4,20,2,0,8386.0,10523.0,10825.0,8079.0,6180.0,5998.766666666666
2012-05-19,856,2012,5,19,5,20,2,0,5272.0,3612.0,1395.0,7688.0,5786.285714285715,5771.033333333334
2012-05-20,169,2012,5,20,6,20,2,0,856.0,312.0,1148.0,6559.0,5765.857142857143,5558.033333333334
2012-05-21,6140,2012,5,21,0,21,2,0,169.0,6950.0,11202.0,1608.0,5650.142857142857,5709.1
2012-05-22,9832,2012,5,22,1,21,2,0,6140.0,10568.0,10823.0,6674.0,5545.0,5814.366666666667
2012-05-23,8570,2012,5,23,2,21,2,0,9832.0,8160.0,6782.0,2670.0,5603.571428571428,6011.033333333334
2012-05-24,9346,2012,5,24,3,21,2,0,8570.0,8386.0,8661.0,3334.0,5740.714285714285,6211.433333333333
2012-05-25,12592,2012,5,25,4,21,2,0,9346.0,5272.0,10523.0,9520.0,6786.428571428572,6313.833333333333
2012-05-26,2946,2012,5,26,5,21,2,0,12592.0,856.0,3612.0,5789.0,7085.0,6219.066666666667
2012-05-27,11,2012,5,27,6,21,2,0,2946.0,169.0,312.0,6085.0,7062.428571428572,6016.6
2012-05-28,9207,2012,5,28,0,22,2,0,11.0,6140.0,6950.0,7615.0,7500.571428571428,6069.666666666667
2012-05-29,9659,2012,5,29,1,22,2,0,9207.0,9832.0,10568.0,428.0,7475.857142857143,6377.366666666667
2012-05-30,5712,2012,5,30,2,22,2,0,9659.0,8570.0,8160.0,5723.0,7067.571428571428,6377.0
2012-05-31,17060,2012,5,31,3,22,2,0,5712.0,9346.0,8386.0,3650.0,8169.571428571428,6824.0
2012-06-01,9045,2012,6,1,4,22,2,0,17060.0,12592.0,5272.0,2317.0,7662.857142857143,7048.266666666666
2012-06-02,6167,2012,6,2,5,22,2,0,9045.0,2946.0,856.0,5684.0,8123.0,7064.366666666667
2012-06-03,178,2012,6,3,6,22,2,0,6167.0,11.0,169.0,10825.0,8146.857142857143,6709.466666666666
2012-06-04,7133,2012,6,4,0,23,2,0,178.0,9207.0,6140.0,1395.0,7850.571428571428,6900.733333333334
2012-06-05,11515,2012,6,5,1,23,2,0,7133.0,9659.0,9832.0,1148.0,8115.714285714285,7246.3
2012-06-06,8815,2012,6,6,2,23,2,0,11515.0,5712.0,8570.0,11202.0,8559.0,7166.733333333334
2012-06-07,7109,2012,6,7,3,23,2,0,8815.0,17060.0,9346.0,10823.0,7137.428571428572,7042.933333333333
2012-06-08,9395,2012,6,8,4,23,2,0,7109.0,9045.0,12592.0,6782.0,7187.428571428572,7130.033333333334
2012-06-09,3935,2012,6,9,5,23,2,0,9395.0,6167.0,2946.0,8661.0,6868.571428571428,6972.5
2012-06-10,3240,2012,6,10,6,23,2,0,3935.0,178.0,11.0,10523.0,7306.0,6729.733333333334
2012-06-11,13403,2012,6,11,0,24,2,0,3240.0,7133.0,9207.0,3612.0,8201.714285714286,7056.1
2012-06-12,11957,2012,6,12,1,24,2,0,13403.0,11515.0,9659.0,312.0,8264.857142857143,7444.266666666666
2012-06-13,9580,2012,6,13,2,24,2,0,11957.0,8815.0,5712.0,6950.0,8374.142857142857,7531.933333333333
2012-06-14,6869,2012,6,14,3,24,2,0,9580.0,7109.0,17060.0,10568.0,8339.857142857143,7408.633333333333
2012-06-15,6560,2012,6,15,4,24,2,0,6869.0,9395.0,9045.0,8160.0,7934.857142857143,7355.3
2012-06-16,13217,2012,6,16,5,24,2,0,6560.0,3935.0,6167.0,8386.0,9260.857142857143,7516.333333333333
2012-06-17,1087,2012,6,17,6,24,2,0,13217.0,3240.0,178.0,5272.0,8953.285714285714,7376.833333333333
2012-06-18,14120,2012,6,18,0,25,2,0,1087.0,13403.0,7133.0,856.0,9055.714285714286,7818.966666666666
2012-06-19,15132,2012,6,19,1,25,2,0,14120.0,11957.0,11515.0,169.0,9509.285714285714,8317.733333333334
2012-06-20,13716,2012,6,20,2,25,2,0,15132.0,9580.0,8815.0,6140.0,10100.142857142857,8570.266666666666
2012-06-21,11011,2012,6,21,3,25,2,0,13716.0,6869.0,7109.0,9832.0,10691.857142857143,8609.566666666668
2012-06-22,11805,2012,6,22,4,25,2,0,11011.0,6560.0,9395.0,8570.0,11441.142857142857,8717.4
2012-06-23,5457,2012,6,23,5,25,2,0,11805.0,13217.0,3935.0,9346.0,10332.57142857143,8587.766666666666
2012-06-24,331,2012,6,24,6,25,2,0,5457.0,1087.0,3240.0,12592.0,10224.57142857143,8179.066666666667
2012-06-25,15916,2012,6,25,0,26,2,0,331.0,14120.0,13403.0,2946.0,10481.142857142857,8611.4
2012-06-26,9252,2012,6,26,1,26,2,0,15916.0,15132.0,11957.0,11.0,9641.142857142857,8919.433333333332
2012-06-27,9845,2012,6,27,2,26,2,0,9252.0,13716.0,9580.0,9207.0,9088.142857142857,8940.7
2012-06-28,4775,2012,6,28,3,26,2,0,9845.0,11011.0,6869.0,9659.0,8197.285714285714,8777.9
2012-06-29,12080,2012,6,29,4,26,2,0,4775.0,11805.0,6560.0,5712.0,8236.57142857143,8990.166666666666
2012-06-30,3536,2012,6,30,5,26,2,0,12080.0,5457.0,13217.0,17060.0,7962.142857142857,8539.366666666667
2012-07-01,2542,2012,7,1,6,26,3,0,3536.0,331.0,1087.0,9045.0,8278.0,8322.6
2012-07-02,4706,2012,7,2,0,27,3,0,2542.0,15916.0,14120.0,6167.0,6676.571428571428,8273.9
2012-07-03,6683,2012,7,3,1,27,3,0,4706.0,9252.0,15132.0,178.0,6309.571428571428,8490.733333333334
2012-07-04,9368,2012,7,4,2,27,3,0,6683.0,9845.0,13716.0,7133.0,6241.428571428572,8565.233333333334
2012-07-05,3104,2012,7,5,3,27,3,0,9368.0,4775.0,11011.0,11515.0,6002.714285714285,8284.866666666667
2012-07-06,8492,2012,7,6,4,27,3,0,3104.0,12080.0,11805.0,8815.0,5490.142857142857,8274.1
2012-07-07,4382,2012,7,7,5,27,3,0,8492.0,3536.0,5457.0,7109.0,5611.0,8183.2
2012-07-08,34,2012,7,8,6,27,3,0,4382.0,2542.0,331.0,9395.0,5252.714285714285,7871.166666666667
2012-07-09,5110,2012,7,9,0,28,3,0,34.0,4706.0,15916.0,3935.0,5310.428571428572,7910.333333333333
2012-07-10,2586,2012,7,10,1,28,3,0,5110.0,6683.0,9252.0,3240.0,4725.142857142857,7888.533333333334
2012-07-11,9035,2012,7,11,2,28,3,0,2586.0,9368.0,9845.0,13403.0,4677.571428571428,7742.933333333333
2012-07-12,5472,2012,7,12,3,28,3,0,9035.0,3104.0,4775.0,11957.0,5015.857142857143,7526.766666666666
2012-07-13,8230,2012,7,13,4,28,3,0,5472.0,8492.0,12080.0,9580.0,4978.428571428572,7481.766666666666
2012-07-14,3906,2012,7,14,5,28,3,0,8230.0,4382.0,3536.0,6869.0,4910.428571428572,7383.0
2012-07-15,27,2012,7,15,6,28,3,0,3906.0,34.0,2542.0,6560.0,4909.428571428572,7165.233333333334
2012-07-16,7017,2012,7,16,0,29,3,0,27.0,5110.0,4706.0,13217.0,5181.857142857143,6958.566666666667
2012-07-17,4969,2012,7,17,1,29,3,0,7017.0,2586.0,6683.0,1087.0,5522.285714285715,7087.966666666666
2012-07-18,6273,2012,7,18,2,29,3,0,4969.0,9035.0,9368.0,14120.0,5127.714285714285,6826.4
2012-07-19,1636,2012,7,19,3,29,3,0,6273.0,5472.0,3104.0,15132.0,4579.714285714285,6376.533333333334
2012-07-20,7689,2012,7,20,4,29,3,0,1636.0,8230.0,8492.0,13716.0,4502.428571428572,6175.633333333333
2012-07-21,1753,2012,7,21,5,29,3,0,7689.0,3906.0,4382.0,11011.0,4194.857142857143,5867.033333333334
2012-07-22,0,2012,7,22,6,29,3,0,1753.0,27.0,34.0,11805.0,4191.0,5473.533333333334
2012-07-23,8516,2012,7,23,0,30,3,0,0.0,7017.0,5110.0,5457.0,4405.142857142857,5575.5
2012-07-24,5629,2012,7,24,1,30,3,0,8516.0,4969.0,2586.0,331.0,4499.428571428572,5752.1
2012-07-25,6363,2012,7,25,2,30,3,0,5629.0,6273.0,9035.0,15916.0,4512.285714285715,5433.666666666667
2012-07-26,4226,2012,7,26,3,30,3,0,6363.0,1636.0,5472.0,9252.0,4882.285714285715,5266.133333333333
2012-07-27,4140,2012,7,27,4,30,3,0,4226.0,7689.0,8230.0,9845.0,4375.285714285715,5075.966666666666
2012-07-28,1349,2012,7,28,5,30,3,0,4140.0,1753.0,3906.0,4775.0,4317.571428571428,4961.766666666666
2012-07-29,43,2012,7,29,6,30,3,0,1349.0,0.0,27.0,12080.0,4323.714285714285,4560.533333333334
2012-07-30,5248,2012,7,30,0,31,3,0,43.0,8516.0,7017.0,3536.0,3856.8571428571427,4617.6
2012-07-31,6719,2012,7,31,1,31,3,0,5248.0,5629.0,4969.0,2542.0,4012.5714285714284,4756.833333333333
2012-08-01,12389,2012,8,1,2,31,3,0,6719.0,6363.0,6273.0,4706.0,4873.428571428572,5012.933333333333
2012-08-02,17672,2012,8,2,3,31,3,0,12389.0,4226.0,1636.0,6683.0,6794.285714285715,5379.233333333334
2012-08-03,20851,2012,8,3,4,31,3,0,17672.0,4140.0,7689.0,9368.0,9181.57142857143,5762.0
2012-08-04,1388,2012,8,4,5,31,3,0,20851.0,1349.0,1753.0,3104.0,9187.142857142857,5704.8
2012-08-05,2078,2012,8,5,6,31,3,0,1388.0,43.0,0.0,8492.0,9477.857142857143,5491.0
2012-08-06,7338,2012,8,6,0,32,3,0,2078.0,5248.0,8516.0,4382.0,9776.42857142857,5589.533333333334
2012-08-07,9292,2012,8,7,1,32,3,0,7338.0,6719.0,5629.0,34.0,10144.0,5898.133333333333
2012-08-08,8978,2012,8,8,2,32,3,0,9292.0,12389.0,6363.0,5110.0,9656.714285714286,6027.066666666667
2012-08-09,12670,2012,8,9,3,32,3,0,8978.0,17672.0,4226.0,2586.0,8942.142857142857,6363.2
2012-08-10,15656,2012,8,10,4,32,3,0,12670.0,20851.0,4140.0,9035.0,8200.0,6583.9
2012-08-11,1507,2012,8,11,5,32,3,0,15656.0,1388.0,1349.0,5472.0,8217.0,6451.733333333334
2012-08-12,693,2012,8,12,6,32,3,0,1507.0,2078.0,43.0,8230.0,8019.142857142857,6200.5
2012-08-13,5724,2012,8,13,0,33,3,0,693.0,7338.0,5248.0,3906.0,7788.571428571428,6261.1
2012-08-14,14006,2012,8,14,1,33,3,0,5724.0,9292.0,6719.0,27.0,8462.0,6727.066666666667
2012-08-15,6844,2012,8,15,2,33,3,0,14006.0,8978.0,12389.0,7017.0,8157.142857142857,6721.3
2012-08-16,16140,2012,8,16,3,33,3,0,6844.0,12670.0,17672.0,4969.0,8652.857142857143,7093.666666666667
2012-08-17,9296,2012,8,17,4,33,3,0,16140.0,15656.0,20851.0,6273.0,7744.285714285715,7194.433333333333
2012-08-18,6422,2012,8,18,5,33,3,0,9296.0,1507.0,1388.0,1636.0,8446.42857142857,7353.966666666666
2012-08-19,34,2012,8,19,6,33,3,0,6422.0,693.0,2078.0,7689.0,8352.285714285714,7098.8
2012-08-20,17934,2012,8,20,0,34,3,0,34.0,5724.0,7338.0,1753.0,10096.57142857143,7638.166666666667
2012-08-21,6852,2012,8,21,1,34,3,0,17934.0,14006.0,9292.0,0.0,9074.57142857143,7866.566666666667
2012-08-22,9685,2012,8,22,2,34,3,0,6852.0,6844.0,8978.0,8516.0,9480.42857142857,7905.533333333334
2012-08-23,10803,2012,8,23,3,34,3,0,9685.0,16140.0,12670.0,5629.0,8718.0,8078.0
2012-08-24,19845,2012,8,24,4,34,3,0,10803.0,9296.0,15656.0,6363.0,10225.0,8527.4
2012-08-25,2598,2012,8,25,5,34,3,0,19845.0,6422.0,1507.0,4226.0,9678.714285714286,8473.133333333333
2012-08-26,2259,2012,8,26,6,34,3,0,2598.0,34.0,693.0,4140.0,9996.57142857143,8410.433333333332
2012-08-27,10459,2012,8,27,0,35,3,0,2259.0,17934.0,5724.0,1349.0,8928.714285714286,8714.1
2012-08-28,16824,2012,8,28,1,35,3,0,10459.0,6852.0,14006.0,43.0,10353.285714285714,9273.466666666667
2012-08-29,15276,2012,8,29,2,35,3,0,16824.0,9685.0,6844.0,5248.0,11152.0,9607.733333333334
2012-08-30,7039,2012,8,30,3,35,3,0,15276.0,10803.0,16140.0,6719.0,10614.285714285714,9618.4
2012-08-31,14606,2012,8,31,4,35,3,0,7039.0,19845.0,9296.0,12389.0,9865.857142857143,9692.3
2012-09-01,5592,2012,9,1,5,35,3,0,14606.0,2598.0,6422.0,17672.0,10293.57142857143,9289.633333333333
2012-09-02,2086,2012,9,2,6,35,3,0,5592.0,2259.0,34.0,20851.0,10268.857142857143,8664.133333333333
2012-09-03,11087,2012,9,3,0,36,3,0,2086.0,10459.0,17934.0,1388.0,10358.57142857143,8987.433333333332
2012-09-04,10732,2012,9,4,1,36,3,0,11087.0,16824.0,6852.0,2078.0,9488.285714285714,9275.9
2012-09-05,9362,2012,9,5,2,36,3,0,10732.0,15276.0,9685.0,7338.0,8643.42857142857,9343.366666666667
2012-09-06,15368,2012,9,6,3,36,3,0,9362.0,7039.0,10803.0,9292.0,9833.285714285714,9545.9
2012-09-07,13642,2012,9,7,4,36,3,0,15368.0,14606.0,19845.0,8978.0,9695.57142857143,9701.366666666667
2012-09-08,2770,2012,9,8,5,36,3,0,13642.0,5592.0,2598.0,12670.0,9292.42857142857,9371.366666666667
2012-09-09,3305,2012,9,9,6,36,3,0,2770.0,2086.0,2259.0,15656.0,9466.57142857143,8959.666666666666
2012-09-10,15475,2012,9,10,0,37,3,0,3305.0,11087.0,10459.0,1507.0,10093.42857142857,9425.266666666666
2012-09-11,7064,2012,9,11,1,37,3,0,15475.0,10732.0,16824.0,693.0,9569.42857142857,9637.633333333333
2012-09-12,6632,2012,9,12,2,37,3,0,7064.0,9362.0,15276.0,5724.0,9179.42857142857,9667.9
2012-09-13,13355,2012,9,13,3,37,3,0,6632.0,15368.0,7039.0,14006.0,8891.857142857143,9646.2
2012-09-14,15245,2012,9,14,4,37,3,0,13355.0,13642.0,14606.0,6844.0,9120.857142857143,9926.233333333334
2012-09-15,9841,2012,9,15,5,37,3,0,15245.0,2770.0,5592.0,16140.0,10131.0,9716.266666666666
2012-09-16,1262,2012,9,16,6,37,3,0,9841.0,3305.0,2086.0,9296.0,9839.142857142857,9448.466666666667
2012-09-17,16870,2012,9,17,0,38,3,0,1262.0,15475.0,11087.0,6422.0,10038.42857142857,9796.733333333334
2012-09-18,17580,2012,9,18,1,38,3,0,16870.0,7064.0,10732.0,34.0,11540.714285714286,10381.6
2012-09-19,5123,2012,9,19,2,38,3,0,17580.0,6632.0,9362.0,17934.0,11325.142857142857,9954.566666666668
2012-09-20,17703,2012,9,20,3,38,3,0,5123.0,13355.0,15368.0,6852.0,11946.285714285714,10316.266666666666
2012-09-21,14296,2012,9,21,4,38,3,0,17703.0,15245.0,13642.0,9685.0,11810.714285714286,10469.966666666667
2012-09-22,5307,2012,9,22,5,38,3,0,14296.0,9841.0,2770.0,10803.0,11163.0,10286.766666666666
2012-09-23,414,2012,9,23,6,38,3,0,5307.0,1262.0,3305.0,19845.0,11041.857142857143,9639.066666666668
2012-09-24,15319,2012,9,24,0,39,3,0,414.0,16870.0,15475.0,2598.0,10820.285714285714,10063.1
2012-09-25,9277,2012,9,25,1,39,3,0,15319.0,17580.0,7064.0,2259.0,9634.142857142857,10297.033333333333
2012-09-26,10444,2012,9,26,2,39,3,0,9277.0,5123.0,6632.0,10459.0,10394.285714285714,10296.533333333333
2012-09-27,11330,2012,9,27,3,39,3,0,10444.0,17703.0,13355.0,16824.0,9483.857142857143,10113.4
2012-09-28,14806,2012,9,28,4,39,3,0,11330.0,14296.0,15245.0,15276.0,9556.714285714286,10097.733333333334
2012-09-29,7434,2012,9,29,5,39,3,0,14806.0,5307.0,9841.0,7039.0,9860.57142857143,10110.9
2012-09-30,669,2012,9,30,6,39,3,0,7434.0,414.0,1262.0,14606.0,9897.0,9646.333333333334
2012-10-01,14903,2012,10,1,0,40,4,0,669.0,15319.0,16870.0,5592.0,9837.57142857143,9956.7
2012-10-02,6723,2012,10,2,1,40,4,0,14903.0,9277.0,17580.0,2086.0,9472.714285714286,10111.266666666666
2012-10-03,9911,2012,10,3,2,40,4,0,6723.0,10444.0,5123.0,11087.0,9396.57142857143,10072.066666666668
2012-10-04,8739,2012,10,4,3,40,4,0,9911.0,11330.0,17703.0,10732.0,9026.42857142857,10005.633333333333
2012-10-05,16412,2012,10,5,4,40,4,0,8739.0,14806.0,14296.0,9362.0,9255.857142857143,10240.633333333333
2012-10-06,4669,2012,10,6,5,40,4,0,16412.0,7434.0,5307.0,15368.0,8860.857142857143,9884.0
2012-10-07,96,2012,10,7,6,40,4,0,4669.0,669.0,414.0,13642.0,8779.0,9432.466666666667
2012-10-08,5036,2012,10,8,0,41,4,0,96.0,14903.0,15319.0,2770.0,7369.428571428572,9508.0
2012-10-09,8867,2012,10,9,1,41,4,0,5036.0,6723.0,9277.0,3305.0,7675.714285714285,9693.4
2012-10-10,9466,2012,10,10,2,41,4,0,8867.0,9911.0,10444.0,15475.0,7612.142857142857,9493.1
2012-10-11,11845,2012,10,11,3,41,4,0,9466.0,8739.0,11330.0,7064.0,8055.857142857143,9652.466666666667
2012-10-12,10978,2012,10,12,4,41,4,0,11845.0,16412.0,14806.0,6632.0,7279.571428571428,9797.333333333334
2012-10-13,6027,2012,10,13,5,41,4,0,10978.0,4669.0,7434.0,13355.0,7473.571428571428,9553.066666666668
2012-10-14,99,2012,10,14,6,41,4,0,6027.0,96.0,669.0,15245.0,7474.0,9048.2
2012-10-15,15016,2012,10,15,0,42,4,0,99.0,5036.0,14903.0,9841.0,8899.714285714286,9220.7
2012-10-16,4260,2012,10,16,1,42,4,0,15016.0,8867.0,6723.0,1262.0,8241.57142857143,9320.633333333333
2012-10-17,14585,2012,10,17,2,42,4,0,4260.0,9466.0,9911.0,16870.0,8972.857142857143,9244.466666666667
2012-10-18,5184,2012,10,18,3,42,4,0,14585.0,11845.0,8739.0,17580.0,8021.285714285715,8831.266666666666
2012-10-19,11177,2012,10,19,4,42,4,0,5184.0,10978.0,16412.0,5123.0,8049.714285714285,9033.066666666668
2012-10-20,4863,2012,10,20,5,42,4,0,11177.0,6027.0,4669.0,17703.0,7883.428571428572,8605.066666666668
2012-10-21,155,2012,10,21,6,42,4,0,4863.0,99.0,96.0,14296.0,7891.428571428572,8133.7
2012-10-22,6704,2012,10,22,0,43,4,0,155.0,15016.0,5036.0,5307.0,6704.0,8180.266666666666
2012-10-23,8751,2012,10,23,1,43,4,0,6704.0,4260.0,8867.0,414.0,7345.571428571428,8458.166666666666
2012-10-24,11083,2012,10,24,2,43,4,0,8751.0,14585.0,9466.0,15319.0,6845.285714285715,8316.966666666667
2012-10-25,17692,2012,10,25,3,43,4,0,11083.0,5184.0,11845.0,9277.0,8632.142857142857,8597.466666666667
2012-10-26,5814,2012,10,26,4,43,4,0,17692.0,11177.0,10978.0,10444.0,7866.0,8443.133333333333
2012-10-27,7346,2012,10,27,5,43,4,0,5814.0,4863.0,6027.0,11330.0,8220.714285714286,8310.333333333334
2012-10-28,273,2012,10,28,6,43,4,0,7346.0,155.0,99.0,14806.0,8237.57142857143,7825.9
2012-10-29,6812,2012,10,29,0,44,4,0,273.0,6704.0,15016.0,7434.0,8253.0,7805.166666666667
2012-10-30,12018,2012,10,30,1,44,4,0,6812.0,8751.0,4260.0,669.0,8719.714285714286,8183.466666666666
2012-10-31,7438,2012,10,31,2,44,4,0,12018.0,11083.0,14585.0,14903.0,8199.0,7934.633333333333
2012-11-01,11953,2012,11,1,3,44,4,1,7438.0,17692.0,5184.0,6723.0,7379.142857142857,8108.966666666666
2012-11-02,18487,2012,11,2,4,44,4,1,11953.0,5814.0,11177.0,9911.0,9189.57142857143,8394.833333333334
2012-11-03,5843,2012,11,3,5,44,4,1,18487.0,7346.0,4863.0,8739.0,8974.857142857143,8298.3
2012-11-04,820,2012,11,4,6,44,4,1,5843.0,273.0,155.0,16412.0,9053.0,7778.566666666667
2012-11-05,12278,2012,11,5,0,45,4,1,820.0,6812.0,6704.0,4669.0,9833.857142857143,8032.2
2012-11-06,5125,2012,11,6,1,45,4,1,12278.0,12018.0,8751.0,96.0,8849.142857142857,8199.833333333334
2012-11-07,10643,2012,11,7,2,45,4,1,5125.0,7438.0,11083.0,5036.0,9307.0,8386.733333333334
2012-11-08,28560,2012,11,8,3,45,4,1,10643.0,11953.0,17692.0,8867.0,11679.42857142857,9043.166666666666
2012-11-09,12353,2012,11,9,4,45,4,1,28560.0,18487.0,5814.0,9466.0,10803.142857142857,9139.4
2012-11-10,15566,2012,11,10,5,45,4,1,12353.0,5843.0,7346.0,11845.0,12192.142857142857,9263.433333333332
2012-11-11,1546,2012,11,11,6,45,4,1,15566.0,820.0,273.0,10978.0,12295.857142857143,8949.033333333333
2012-11-12,11422,2012,11,12,0,46,4,1,1546.0,12278.0,6812.0,6027.0,12173.57142857143,9128.866666666667
2012-11-13,25619,2012,11,13,1,46,4,1,11422.0,5125.0,12018.0,99.0,15101.285714285714,9979.533333333333
2012-11-14,10204,2012,11,14,2,46,4,1,25619.0,10643.0,7438.0,15016.0,15038.57142857143,9819.133333333333
2012-11-15,15133,2012,11,15,3,46,4,1,10204.0,28560.0,11953.0,4260.0,13120.42857142857,10181.566666666668
2012-11-16,16250,2012,11,16,4,46,4,1,15133.0,12353.0,18487.0,14585.0,13677.142857142857,10237.066666666668
2012-11-17,6544,2012,11,17,5,46,4,1,16250.0,15566.0,5843.0,5184.0,12388.285714285714,10282.4
2012-11-18,178,2012,11,18,6,46,4,1,6544.0,1546.0,820.0,11177.0,12192.857142857143,9915.766666666666
2012-11-19,7552,2012,11,19,0,47,4,1,178.0,11422.0,12278.0,4863.0,11640.0,10005.4
2012-11-20,16071,2012,11,20,1,47,4,1,7552.0,25619.0,5125.0,155.0,10276.0,10535.933333333332
2012-11-21,12839,2012,11,21,2,47,4,1,16071.0,10204.0,10643.0,6704.0,10652.42857142857,10740.433333333332
2012-11-22,7021,2012,11,22,3,47,4,1,12839.0,15133.0,28560.0,8751.0,9493.57142857143,10682.766666666666
2012-11-23,13102,2012,11,23,4,47,4,1,7021.0,16250.0,12353.0,11083.0,9043.857142857143,10750.066666666668
2012-11-24,7938,2012,11,24,5,47,4,1,13102.0,6544.0,15566.0,17692.0,9243.0,10424.933333333332
2012-11-25,385,2012,11,25,6,47,4,1,7938.0,178.0,1546.0,5814.0,9272.57142857143,10243.966666666667
2012-11-26,6164,2012,11,26,0,48,4,1,385.0,7552.0,11422.0,7346.0,9074.285714285714,10204.566666666668
2012-11-27,10680,2012,11,27,1,48,4,1,6164.0,16071.0,25619.0,273.0,8304.142857142857,10551.466666666667
2012-11-28,13773,2012,11,28,2,48,4,1,10680.0,12839.0,10204.0,6812.0,8437.57142857143,10783.5
2012-11-29,10124,2012,11,29,3,48,4,1,13773.0,7021.0,15133.0,12018.0,8880.857142857143,10720.366666666667
2012-11-30,9339,2012,11,30,4,48,4,1,10124.0,13102.0,16250.0,7438.0,8343.285714285714,10783.733333333334
2012-12-01,15574,2012,12,1,5,48,4,1,9339.0,7938.0,6544.0,11953.0,9434.142857142857,10904.433333333332
2012-12-02,282,2012,12,2,6,48,4,1,15574.0,385.0,178.0,18487.0,9419.42857142857,10297.6
2012-12-03,22904,2012,12,3,0,49,4,1,282.0,6164.0,7552.0,5843.0,11810.857142857143,10866.3
2012-12-04,16797,2012,12,4,1,49,4,1,22904.0,10680.0,16071.0,820.0,12684.714285714286,11398.866666666667
2012-12-05,6985,2012,12,5,2,49,4,1,16797.0,13773.0,12839.0,12278.0,11715.0,11222.433333333332
2012-12-06,11699,2012,12,6,3,49,4,1,6985.0,10124.0,7021.0,5125.0,11940.0,11441.566666666668
2012-12-07,11723,2012,12,7,4,49,4,1,11699.0,9339.0,13102.0,10643.0,12280.57142857143,11477.566666666668
2012-12-08,4078,2012,12,8,5,49,4,1,11723.0,15574.0,7938.0,28560.0,10638.285714285714,10661.5
2012-12-09,2456,2012,12,9,6,49,4,1,4078.0,282.0,385.0,12353.0,10948.857142857143,10331.6
2012-12-10,8743,2012,12,10,0,50,4,1,2456.0,22904.0,6164.0,15566.0,8925.857142857143,10104.166666666666
2012-12-11,12187,2012,12,11,1,50,4,1,8743.0,16797.0,10680.0,1546.0,8267.285714285714,10458.866666666667
2012-12-12,7408,2012,12,12,2,50,4,1,12187.0,6985.0,13773.0,11422.0,8327.714285714286,10325.066666666668
2012-12-13,16507,2012,12,13,3,50,4,1,7408.0,11699.0,10124.0,25619.0,9014.57142857143,10021.333333333334
2012-12-14,5519,2012,12,14,4,50,4,1,16507.0,11723.0,9339.0,10204.0,8128.285714285715,9865.166666666666
2012-12-15,11396,2012,12,15,5,50,4,1,5519.0,4078.0,15574.0,15133.0,9173.714285714286,9740.6
2012-12-16,2137,2012,12,16,6,50,4,1,11396.0,2456.0,282.0,16250.0,9128.142857142857,9270.166666666666
2012-12-17,13439,2012,12,17,0,51,4,1,2137.0,8743.0,22904.0,6544.0,9799.0,9500.0
2012-12-18,7511,2012,12,18,1,51,4,1,13439.0,12187.0,16797.0,178.0,9131.0,9744.433333333332
2012-12-19,22427,2012,12,19,2,51,4,1,7511.0,7408.0,6985.0,7552.0,11276.57142857143,10240.266666666666
2012-12-20,20079,2012,12,20,3,51,4,1,22427.0,16507.0,11699.0,16071.0,11786.857142857143,10373.866666666667
2012-12-21,10488,2012,12,21,4,51,4,1,20079.0,5519.0,11723.0,12839.0,12496.714285714286,10295.5
2012-12-22,5546,2012,12,22,5,51,4,1,10488.0,11396.0,4078.0,7021.0,11661.0,10246.333333333334
2012-12-23,606,2012,12,23,6,51,4,1,5546.0,2137.0,2456.0,13102.0,11442.285714285714,9829.8
2012-12-24,15732,2012,12,24,0,52,4,1,606.0,13439.0,8743.0,7938.0,11769.857142857143,10089.6
2012-12-25,21570,2012,12,25,1,52,4,1,15732.0,7511.0,12187.0,385.0,13778.285714285714,10795.766666666666
2012-12-26,16946,2012,12,26,2,52,4,1,21570.0,22427.0,7408.0,6164.0,12995.285714285714,11155.166666666666
2012-12-27,15328,2012,12,27,3,52,4,1,16946.0,20079.0,16507.0,10680.0,12316.57142857143,11310.1
2012-12-28,14817,2012,12,28,4,52,4,1,15328.0,10488.0,5519.0,13773.0,12935.0,11344.9
2012-12-29,1869,2012,12,29,5,52,4,1,14817.0,5546.0,11396.0,10124.0,12409.714285714286,11069.733333333334
2012-12-30,4825,2012,12,30,6,52,4,1,1869.0,606.0,2137.0,9339.0,13012.42857142857,10919.266666666666
2012-12-31,10667,2012,12,31,0,1,4,1,4825.0,15732.0,13439.0,15574.0,12288.857142857143,10755.7
2013-01-01,9368,2013,1,1,1,1,1,0,10667.0,21570.0,7511.0,282.0,10545.714285714286,11058.566666666668
2013-01-02,11612,2013,1,2,2,1,1,0,9368.0,16946.0,22427.0,22904.0,9783.714285714286,10682.166666666666
2013-01-03,5791,2013,1,3,3,1,1,0,11612.0,15328.0,20079.0,16797.0,8421.285714285714,10315.3
2013-01-04,16270,2013,1,4,4,1,1,0,5791.0,14817.0,10488.0,6985.0,8628.857142857143,10624.8
2013-01-05,5795,2013,1,5,5,1,1,0,16270.0,1869.0,5546.0,11699.0,9189.714285714286,10428.0
2013-01-06,99,2013,1,6,6,1,1,0,5795.0,4825.0,606.0,11723.0,8514.57142857143,10040.533333333333
2013-01-07,12467,2013,1,7,0,2,1,0,99.0,10667.0,15732.0,4078.0,8771.714285714286,10320.166666666666
2013-01-08,6649,2013,1,8,1,2,1,0,12467.0,9368.0,21570.0,2456.0,8383.285714285714,10459.933333333332
2013-01-09,4551,2013,1,9,2,2,1,0,6649.0,11612.0,16946.0,8743.0,7374.571428571428,10320.2
2013-01-10,7619,2013,1,10,3,2,1,0,4551.0,5791.0,15328.0,12187.0,7635.714285714285,10167.933333333332
2013-01-11,4944,2013,1,11,4,2,1,0,7619.0,16270.0,14817.0,7408.0,6017.714285714285,10085.8
2013-01-12,7544,2013,1,12,5,2,1,0,4944.0,5795.0,1869.0,16507.0,6267.571428571428,9787.033333333333
2013-01-13,46,2013,1,13,6,2,1,0,7544.0,99.0,4825.0,5519.0,6260.0,9604.6
2013-01-14,2585,2013,1,14,0,3,1,0,46.0,12467.0,10667.0,11396.0,4848.285714285715,9310.9
2013-01-15,7603,2013,1,15,1,3,1,0,2585.0,6649.0,9368.0,2137.0,4984.571428571428,9493.1
2013-01-16,4987,2013,1,16,2,3,1,0,7603.0,4551.0,11612.0,13439.0,5046.857142857143,9211.366666666667
2013-01-17,3971,2013,1,17,3,3,1,0,4987.0,7619.0,5791.0,7511.0,4525.714285714285,9093.366666666667
2013-01-18,7588,2013,1,18,4,3,1,0,3971.0,4944.0,16270.0,22427.0,4903.428571428572,8598.733333333334
2013-01-19,5774,2013,1,19,5,3,1,0,7588.0,7544.0,5795.0,20079.0,4650.571428571428,8121.9
2013-01-20,2253,2013,1,20,6,3,1,0,5774.0,46.0,99.0,10488.0,4965.857142857143,7847.4
2013-01-21,11124,2013,1,21,0,4,1,0,2253.0,2585.0,12467.0,5546.0,6185.714285714285,8033.333333333333
2013-01-22,6087,2013,1,22,1,4,1,0,11124.0,7603.0,6649.0,606.0,5969.142857142857,8216.033333333333
2013-01-23,5145,2013,1,23,2,4,1,0,6087.0,4987.0,4551.0,15732.0,5991.714285714285,7863.133333333333
2013-01-24,2210,2013,1,24,3,4,1,0,5145.0,3971.0,7619.0,21570.0,5740.142857142857,7217.8
2013-01-25,8422,2013,1,25,4,4,1,0,2210.0,7588.0,4944.0,16946.0,5859.285714285715,6933.666666666667
2013-01-26,1177,2013,1,26,5,4,1,0,8422.0,5774.0,7544.0,15328.0,5202.571428571428,6461.966666666666
2013-01-27,1291,2013,1,27,6,4,1,0,1177.0,2253.0,46.0,14817.0,5065.142857142857,6011.1
2013-01-28,12538,2013,1,28,0,5,1,0,1291.0,11124.0,2585.0,1869.0,5267.142857142857,6366.733333333334
2013-01-29,9020,2013,1,29,1,5,1,0,12538.0,6087.0,7603.0,4825.0,5686.142857142857,6506.566666666667
2013-01-30,6867,2013,1,30,2,5,1,0,9020.0,5145.0,4987.0,10667.0,5932.142857142857,6379.9
2013-01-31,7800,2013,1,31,3,5,1,0,6867.0,2210.0,3971.0,9368.0,6730.714285714285,6327.633333333333
2013-02-01,3303,2013,2,1,4,5,1,0,7800.0,8422.0,7588.0,11612.0,5999.428571428572,6050.666666666667
2013-02-02,11259,2013,2,2,5,5,1,0,3303.0,1177.0,5774.0,5791.0,7439.714285714285,6232.933333333333
2013-02-03,1204,2013,2,3,6,5,1,0,11259.0,1291.0,2253.0,16270.0,7427.285714285715,5730.733333333334
2013-02-04,1414,2013,2,4,0,6,1,0,1204.0,12538.0,11124.0,5795.0,5838.142857142857,5584.7
2013-02-05,18218,2013,2,5,1,6,1,0,1414.0,9020.0,6087.0,99.0,7152.142857142857,6188.666666666667
2013-02-06,8926,2013,2,6,2,6,1,0,18218.0,6867.0,5145.0,12467.0,7446.285714285715,6070.633333333333
2013-02-07,8287,2013,2,7,3,6,1,0,8926.0,7800.0,2210.0,6649.0,7515.857142857143,6125.233333333334
2013-02-08,9334,2013,2,8,4,6,1,0,8287.0,3303.0,8422.0,4551.0,8377.42857142857,6284.666666666667
2013-02-09,5124,2013,2,9,5,6,1,0,9334.0,11259.0,1177.0,7619.0,7501.0,6201.5
2013-02-10,997,2013,2,10,6,6,1,0,5124.0,1204.0,1291.0,4944.0,7471.428571428572,6069.933333333333
2013-02-11,8822,2013,2,11,0,7,1,0,997.0,1414.0,12538.0,7544.0,8529.714285714286,6112.533333333334
2013-02-12,6534,2013,2,12,1,7,1,0,8822.0,18218.0,9020.0,46.0,6860.571428571428,6328.8
2013-02-13,3512,2013,2,13,2,7,1,0,6534.0,8926.0,6867.0,2585.0,6087.142857142857,6359.7
2013-02-14,5786,2013,2,14,3,7,1,0,3512.0,8287.0,7800.0,7603.0,5729.857142857143,6299.133333333333
2013-02-15,3597,2013,2,15,4,7,1,0,5786.0,9334.0,3303.0,4987.0,4910.285714285715,6252.8
2013-02-16,3845,2013,2,16,5,7,1,0,3597.0,5124.0,11259.0,3971.0,4727.571428571428,6248.6
2013-02-17,0,2013,2,17,6,7,1,0,3845.0,997.0,1204.0,7588.0,4585.142857142857,5995.666666666667
2013-02-18,12447,2013,2,18,0,8,1,0,0.0,8822.0,1414.0,5774.0,5103.0,6218.1
2013-02-19,7331,2013,2,19,1,8,1,0,12447.0,6534.0,18218.0,2253.0,5216.857142857143,6387.366666666667
2013-02-20,4249,2013,2,20,2,8,1,0,7331.0,3512.0,8926.0,11124.0,5322.142857142857,6158.2
2013-02-21,4172,2013,2,21,3,8,1,0,4249.0,5786.0,8287.0,6087.0,5091.571428571428,6094.366666666667
2013-02-22,8366,2013,2,22,4,8,1,0,4172.0,3597.0,9334.0,5145.0,5772.857142857143,6201.733333333334
2013-02-23,1928,2013,2,23,5,8,1,0,8366.0,3845.0,5124.0,2210.0,5499.0,6192.333333333333
2013-02-24,0,2013,2,24,6,8,1,0,1928.0,0.0,997.0,8422.0,5499.0,5911.6
2013-02-25,5847,2013,2,25,0,9,1,0,0.0,12447.0,8822.0,1177.0,4556.142857142857,6067.266666666666
2013-02-26,5316,2013,2,26,1,9,1,0,5847.0,7331.0,6534.0,1291.0,4268.285714285715,6201.433333333333
2013-02-27,15506,2013,2,27,2,9,1,0,5316.0,4249.0,3512.0,12538.0,5876.428571428572,6300.366666666667
2013-02-28,1923,2013,2,28,3,9,1,0,15506.0,4172.0,5786.0,9020.0,5555.142857142857,6063.8
2013-03-01,6597,2013,3,1,4,9,1,0,1923.0,8366.0,3597.0,6867.0,5302.428571428572,6054.8
2013-03-02,7286,2013,3,2,5,9,1,0,6597.0,1928.0,3845.0,7800.0,6067.857142857143,6037.666666666667
2013-03-03,445,2013,3,3,6,9,1,0,7286.0,0.0,0.0,3303.0,6131.428571428572,5942.4
2013-03-04,15415,2013,3,4,0,10,1,0,445.0,5847.0,12447.0,11259.0,7498.285714285715,6080.933333333333
2013-03-05,8916,2013,3,5,1,10,1,0,15415.0,5316.0,7331.0,1204.0,8012.571428571428,6338.0
2013-03-06,6952,2013,3,6,2,10,1,0,8916.0,15506.0,4249.0,1414.0,6790.571428571428,6522.6
2013-03-07,3655,2013,3,7,3,10,1,0,6952.0,1923.0,4172.0,18218.0,7038.0,6037.166666666667
2013-03-08,9789,2013,3,8,4,10,1,0,3655.0,6597.0,8366.0,8926.0,7494.0,6065.933333333333
2013-03-09,2424,2013,3,9,5,10,1,0,9789.0,7286.0,1928.0,8287.0,6799.428571428572,5870.5
2013-03-10,636,2013,3,10,6,10,1,0,2424.0,445.0,0.0,9334.0,6826.714285714285,5580.566666666667
2013-03-11,18504,2013,3,11,0,11,1,0,636.0,15415.0,5847.0,5124.0,7268.0,6026.566666666667
2013-03-12,5184,2013,3,12,1,11,1,0,18504.0,8916.0,5316.0,997.0,6734.857142857143,6166.133333333333
2013-03-13,11327,2013,3,13,2,11,1,0,5184.0,6952.0,15506.0,8822.0,7359.857142857143,6249.633333333333
2013-03-14,11488,2013,3,14,3,11,1,0,11327.0,3655.0,1923.0,6534.0,8478.857142857143,6414.766666666666
2013-03-15,6027,2013,3,15,4,11,1,0,11488.0,9789.0,6597.0,3512.0,7941.428571428572,6498.6
2013-03-16,3828,2013,3,16,5,11,1,0,6027.0,2424.0,7286.0,5786.0,8142.0,6433.333333333333
2013-03-17,35,2013,3,17,6,11,1,0,3828.0,636.0,445.0,3597.0,8056.142857142857,6314.6
2013-03-18,7050,2013,3,18,0,12,1,0,35.0,18504.0,15415.0,3845.0,6419.857142857143,6421.433333333333
2013-03-19,8509,2013,3,19,1,12,1,0,7050.0,5184.0,8916.0,0.0,6894.857142857143,6705.066666666667
2013-03-20,8829,2013,3,20,2,12,1,0,8509.0,11327.0,6952.0,12447.0,6538.0,6584.466666666666
2013-03-21,4665,2013,3,21,3,12,1,0,8829.0,11488.0,3655.0,7331.0,5563.285714285715,6495.6
2013-03-22,2699,2013,3,22,4,12,1,0,4665.0,6027.0,9789.0,4249.0,5087.857142857143,6443.933333333333
2013-03-23,9345,2013,3,23,5,12,1,0,2699.0,3828.0,2424.0,4172.0,5876.0,6616.366666666667
2013-03-24,193,2013,3,24,6,12,1,0,9345.0,35.0,636.0,8366.0,5898.571428571428,6343.933333333333
2013-03-25,6930,2013,3,25,0,13,1,0,193.0,7050.0,18504.0,1928.0,5881.428571428572,6510.666666666667
2013-03-26,3762,2013,3,26,1,13,1,0,6930.0,8509.0,5184.0,0.0,5203.285714285715,6636.066666666667
2013-03-27,8678,2013,3,27,2,13,1,0,3762.0,8829.0,11327.0,5847.0,5181.714285714285,6730.433333333333
2013-03-28,3556,2013,3,28,3,13,1,0,8678.0,4665.0,11488.0,5316.0,5023.285714285715,6671.766666666666
2013-03-29,10830,2013,3,29,4,13,1,0,3556.0,2699.0,6027.0,15506.0,6184.857142857143,6515.9
2013-03-30,4670,2013,3,30,5,13,1,0,10830.0,9345.0,3828.0,1923.0,5517.0,6607.466666666666
2013-03-31,367,2013,3,31,6,13,1,0,4670.0,193.0,35.0,6597.0,5541.857142857143,6399.8
2013-04-01,5680,2013,4,1,0,14,2,0,367.0,6930.0,7050.0,7286.0,5363.285714285715,6346.266666666666
2013-04-02,10219,2013,4,2,1,14,2,0,5680.0,3762.0,8509.0,445.0,6285.714285714285,6672.066666666667
2013-04-03,5293,2013,4,3,2,14,2,0,10219.0,8678.0,8829.0,15415.0,5802.142857142857,6334.666666666667
2013-04-04,3972,2013,4,4,3,14,2,0,5293.0,3556.0,4665.0,8916.0,5861.571428571428,6169.866666666667
2013-04-05,8886,2013,4,5,4,14,2,0,3972.0,10830.0,2699.0,6952.0,5583.857142857143,6234.333333333333
2013-04-06,3029,2013,4,6,5,14,2,0,8886.0,4670.0,9345.0,3655.0,5349.428571428572,6213.466666666666
2013-04-07,2498,2013,4,7,6,14,2,0,3029.0,367.0,193.0,9789.0,5653.857142857143,5970.433333333333
2013-04-08,7429,2013,4,8,0,15,2,0,2498.0,5680.0,6930.0,2424.0,5903.714285714285,6137.266666666666
2013-04-09,10100,2013,4,9,1,15,2,0,7429.0,10219.0,3762.0,636.0,5886.714285714285,6452.733333333334
2013-04-10,6464,2013,4,10,2,15,2,0,10100.0,5293.0,8678.0,18504.0,6054.0,6051.4
2013-04-11,3486,2013,4,11,3,15,2,0,6464.0,3972.0,3556.0,5184.0,5984.571428571428,5994.8
2013-04-12,8453,2013,4,12,4,15,2,0,3486.0,8886.0,10830.0,11327.0,5922.714285714285,5899.0
2013-04-13,3540,2013,4,13,5,15,2,0,8453.0,3029.0,4670.0,11488.0,5995.714285714285,5634.066666666667
2013-04-14,1176,2013,4,14,6,15,2,0,3540.0,2498.0,367.0,6027.0,5806.857142857143,5472.366666666667
2013-04-15,6554,2013,4,15,0,16,2,0,1176.0,7429.0,5680.0,3828.0,5681.857142857143,5563.233333333334
2013-04-16,7756,2013,4,16,1,16,2,0,6554.0,10100.0,10219.0,35.0,5347.0,5820.6
2013-04-17,13407,2013,4,17,2,16,2,0,7756.0,6464.0,5293.0,7050.0,6338.857142857143,6032.5
2013-04-18,7220,2013,4,18,3,16,2,0,13407.0,3486.0,3972.0,8509.0,6872.285714285715,5989.533333333334
2013-04-19,5935,2013,4,19,4,16,2,0,7220.0,8453.0,8886.0,8829.0,6512.571428571428,5893.066666666667
2013-04-20,5388,2013,4,20,5,16,2,0,5935.0,3540.0,3029.0,4665.0,6776.571428571428,5917.166666666667
2013-04-21,0,2013,4,21,6,16,2,0,5388.0,1176.0,2498.0,2699.0,6608.571428571428,5827.2
2013-04-22,2691,2013,4,22,0,17,2,0,0.0,6554.0,7429.0,9345.0,6056.714285714285,5605.4
2013-04-23,8134,2013,4,23,1,17,2,0,2691.0,7756.0,10100.0,193.0,6110.714285714285,5870.1
2013-04-24,3658,2013,4,24,2,17,2,0,8134.0,13407.0,6464.0,6930.0,4718.0,5761.033333333334
2013-04-25,9209,2013,4,25,3,17,2,0,3658.0,7220.0,3486.0,3762.0,5002.142857142857,5942.6
2013-04-26,10915,2013,4,26,4,17,2,0,9209.0,5935.0,8453.0,8678.0,5713.571428571428,6017.166666666667
2013-04-27,2222,2013,4,27,5,17,2,0,10915.0,5388.0,3540.0,3556.0,5261.285714285715,5972.7
2013-04-28,0,2013,4,28,6,17,2,0,2222.0,0.0,1176.0,10830.0,5261.285714285715,5611.7
2013-04-29,3899,2013,4,29,0,18,2,0,0.0,2691.0,6554.0,4670.0,5433.857142857143,5586.0
2013-04-30,10622,2013,4,30,1,18,2,0,3899.0,8134.0,7756.0,367.0,5789.285714285715,5927.833333333333
2013-05-01,11490,2013,5,1,2,18,2,0,10622.0,3658.0,13407.0,5680.0,6908.142857142857,6121.5
2013-05-02,1995,2013,5,2,3,18,2,0,11490.0,9209.0,7220.0,10219.0,5877.571428571428,5847.366666666667
2013-05-03,10908,2013,5,3,4,18,2,0,1995.0,10915.0,5935.0,5293.0,5876.571428571428,6034.533333333334
2013-05-04,7506,2013,5,4,5,18,2,0,10908.0,2222.0,5388.0,3972.0,6631.428571428572,6152.333333333333
2013-05-05,1606,2013,5,5,6,18,2,0,7506.0,0.0,0.0,8886.0,6860.857142857143,5909.666666666667
2013-05-06,6347,2013,5,6,0,19,2,0,1606.0,3899.0,2691.0,3029.0,7210.571428571428,6020.266666666666
2013-05-07,9007,2013,5,7,1,19,2,0,6347.0,10622.0,8134.0,2498.0,6979.857142857143,6237.233333333334
2013-05-08,11565,2013,5,8,2,19,2,0,9007.0,11490.0,3658.0,7429.0,6990.571428571428,6375.1
2013-05-09,6237,2013,5,9,3,19,2,0,11565.0,1995.0,9209.0,10100.0,7596.571428571428,6246.333333333333
2013-05-10,8156,2013,5,10,4,19,2,0,6237.0,10908.0,10915.0,6464.0,7203.428571428572,6302.733333333334
2013-05-11,6438,2013,5,11,5,19,2,0,8156.0,7506.0,2222.0,3486.0,7050.857142857143,6401.133333333333
2013-05-12,437,2013,5,12,6,19,2,0,6438.0,1606.0,0.0,8453.0,6883.857142857143,6133.933333333333
2013-05-13,3522,2013,5,13,0,20,2,0,437.0,6347.0,3899.0,3540.0,6480.285714285715,6133.333333333333
2013-05-14,10355,2013,5,14,1,20,2,0,3522.0,9007.0,10622.0,1176.0,6672.857142857143,6439.3
2013-05-15,8747,2013,5,15,2,20,2,0,10355.0,11565.0,11490.0,6554.0,6270.285714285715,6512.4
2013-05-16,14930,2013,5,16,3,20,2,0,8747.0,6237.0,1995.0,7756.0,7512.142857142857,6751.533333333334
2013-05-17,8984,2013,5,17,4,20,2,0,14930.0,8156.0,10908.0,13407.0,7630.428571428572,6604.1
2013-05-18,2136,2013,5,18,5,20,2,0,8984.0,6438.0,7506.0,7220.0,7015.857142857143,6434.633333333333
2013-05-19,833,2013,5,19,6,20,2,0,2136.0,437.0,1606.0,5935.0,7072.428571428572,6264.566666666667
2013-05-20,4217,2013,5,20,0,21,2,0,833.0,3522.0,6347.0,5388.0,7171.714285714285,6225.533333333334
2013-05-21,10405,2013,5,21,1,21,2,0,4217.0,10355.0,9007.0,0.0,7178.857142857143,6572.366666666667
2013-05-22,9610,2013,5,22,2,21,2,0,10405.0,8747.0,11565.0,2691.0,7302.142857142857,6803.0
2013-05-23,4887,2013,5,23,3,21,2,0,9610.0,14930.0,6237.0,8134.0,5867.428571428572,6694.766666666666
2013-05-24,22701,2013,5,24,4,21,2,0,4887.0,8984.0,8156.0,3658.0,7827.0,7329.533333333334
2013-05-25,3840,2013,5,25,5,21,2,0,22701.0,2136.0,6438.0,9209.0,8070.428571428572,7150.566666666667
2013-05-26,1365,2013,5,26,6,21,2,0,3840.0,833.0,437.0,10915.0,8146.428571428572,6832.233333333334
2013-05-27,11795,2013,5,27,0,22,2,0,1365.0,4217.0,3522.0,2222.0,9229.0,7151.333333333333
2013-05-28,17001,2013,5,28,1,22,2,0,11795.0,10405.0,10355.0,0.0,10171.285714285714,7718.033333333334
2013-05-29,14582,2013,5,29,2,22,2,0,17001.0,9610.0,8747.0,3899.0,10881.57142857143,8074.133333333333
2013-05-30,12985,2013,5,30,3,22,2,0,14582.0,4887.0,14930.0,10622.0,12038.42857142857,8152.9
2013-05-31,15938,2013,5,31,4,22,2,0,12985.0,22701.0,8984.0,11490.0,11072.285714285714,8301.166666666666
2013-06-01,8286,2013,6,1,5,22,2,0,15938.0,3840.0,2136.0,1995.0,11707.42857142857,8510.866666666667
2013-06-02,1712,2013,6,2,6,22,2,0,8286.0,1365.0,833.0,10908.0,11757.0,8204.333333333334
2013-06-03,11975,2013,6,3,0,23,2,0,1712.0,11795.0,4217.0,7506.0,11782.714285714286,8353.3
2013-06-04,18446,2013,6,4,1,23,2,0,11975.0,17001.0,10405.0,1606.0,11989.142857142857,8914.633333333333
2013-06-05,19052,2013,6,5,2,23,2,0,18446.0,14582.0,9610.0,6347.0,12627.714285714286,9338.133333333333
2013-06-06,10820,2013,6,6,3,23,2,0,19052.0,12985.0,4887.0,9007.0,12318.42857142857,9398.566666666668
2013-06-07,20570,2013,6,7,4,23,2,0,10820.0,15938.0,22701.0,11565.0,12980.142857142857,9698.733333333334
2013-06-08,8767,2013,6,8,5,23,2,0,20570.0,8286.0,3840.0,6237.0,13048.857142857143,9783.066666666668
2013-06-09,450,2013,6,9,6,23,2,0,8767.0,1712.0,1365.0,8156.0,12868.57142857143,9526.2
2013-06-10,21924,2013,6,10,0,24,2,0,450.0,11975.0,11795.0,6438.0,14289.857142857143,10042.4
2013-06-11,23932,2013,6,11,1,24,2,0,21924.0,18446.0,17001.0,437.0,15073.57142857143,10825.566666666668
2013-06-12,15276,2013,6,12,2,24,2,0,23932.0,19052.0,14582.0,3522.0,14534.142857142857,11217.366666666667
2013-06-13,18579,2013,6,13,3,24,2,0,15276.0,10820.0,12985.0,10355.0,15642.57142857143,11491.5
2013-06-14,17452,2013,6,14,4,24,2,0,18579.0,20570.0,15938.0,8747.0,15197.142857142857,11781.666666666666
2013-06-15,13957,2013,6,15,5,24,2,0,17452.0,8767.0,8286.0,14930.0,15938.57142857143,11749.233333333334
2013-06-16,1241,2013,6,16,6,24,2,0,13957.0,450.0,1712.0,8984.0,16051.57142857143,11491.133333333333
2013-06-17,20471,2013,6,17,0,25,2,0,1241.0,21924.0,11975.0,2136.0,15844.0,12102.3
2013-06-18,20793,2013,6,18,1,25,2,0,20471.0,23932.0,18446.0,833.0,15395.57142857143,12767.633333333333
2013-06-19,10298,2013,6,19,2,25,2,0,20793.0,15276.0,19052.0,4217.0,14684.42857142857,12970.333333333334
2013-06-20,10391,2013,6,20,3,25,2,0,10298.0,18579.0,10820.0,10405.0,13514.714285714286,12969.866666666667
2013-06-21,11389,2013,6,21,4,25,2,0,10391.0,17452.0,20570.0,9610.0,12648.57142857143,13029.166666666666
2013-06-22,3666,2013,6,22,5,25,2,0,11389.0,13957.0,8767.0,4887.0,11178.42857142857,12988.466666666667
2013-06-23,2962,2013,6,23,6,25,2,0,3666.0,1241.0,450.0,22701.0,11424.285714285714,12330.5
2013-06-24,24121,2013,6,24,0,26,2,0,2962.0,20471.0,21924.0,3840.0,11945.714285714286,13006.533333333333
2013-06-25,22754,2013,6,25,1,26,2,0,24121.0,20793.0,23932.0,1365.0,12225.857142857143,13719.5
2013-06-26,12470,2013,6,26,2,26,2,0,22754.0,10298.0,15276.0,11795.0,12536.142857142857,13742.0
2013-06-27,17976,2013,6,27,3,26,2,0,12470.0,10391.0,18579.0,17001.0,13619.714285714286,13774.5
2013-06-28,16550,2013,6,28,4,26,2,0,17976.0,11389.0,17452.0,14582.0,14357.0,13840.1
2013-06-29,5628,2013,6,29,5,26,2,0,16550.0,3666.0,13957.0,12985.0,14637.285714285714,13594.866666666667
2013-06-30,4605,2013,6,30,6,26,2,0,5628.0,2962.0,1241.0,15938.0,14872.0,13217.1
2013-07-01,9507,2013,7,1,0,27,3,0,4605.0,24121.0,20471.0,8286.0,12784.285714285714,13257.8
2013-07-02,10954,2013,7,2,1,27,3,0,9507.0,22754.0,20793.0,1712.0,11098.57142857143,13565.866666666667
2013-07-03,9432,2013,7,3,2,27,3,0,10954.0,12470.0,10298.0,11975.0,10664.57142857143,13481.1
2013-07-04,6050,2013,7,4,3,27,3,0,9432.0,17976.0,10391.0,18446.0,8960.857142857143,13067.9
2013-07-05,5128,2013,7,5,4,27,3,0,6050.0,16550.0,11389.0,19052.0,7329.142857142857,12603.766666666666
2013-07-06,5713,2013,7,6,5,27,3,0,5128.0,5628.0,3666.0,10820.0,7341.285714285715,12433.533333333333
2013-07-07,52,2013,7,7,6,27,3,0,5713.0,4605.0,2962.0,20570.0,6690.857142857143,11749.6
2013-07-08,16837,2013,7,8,0,28,3,0,52.0,9507.0,24121.0,8767.0,7738.0,12018.6
2013-07-09,5903,2013,7,9,1,28,3,0,16837.0,10954.0,22754.0,450.0,7016.428571428572,12200.366666666667
2013-07-10,10177,2013,7,10,2,28,3,0,5903.0,9432.0,12470.0,21924.0,7122.857142857143,11808.8
2013-07-11,11004,2013,7,11,3,28,3,0,10177.0,6050.0,17976.0,23932.0,7830.571428571428,11377.866666666667
2013-07-12,10503,2013,7,12,4,28,3,0,11004.0,5128.0,16550.0,15276.0,8598.42857142857,11218.766666666666
2013-07-13,2028,2013,7,13,5,28,3,0,10503.0,5713.0,5628.0,18579.0,8072.0,10667.066666666668
2013-07-14,2440,2013,7,14,6,28,3,0,2028.0,52.0,4605.0,17452.0,8413.142857142857,10166.666666666666
2013-07-15,10981,2013,7,15,0,29,3,0,2440.0,16837.0,9507.0,13957.0,7576.571428571428,10067.466666666667
2013-07-16,10727,2013,7,16,1,29,3,0,10981.0,5903.0,10954.0,1241.0,8265.714285714286,10383.666666666666
2013-07-17,5670,2013,7,17,2,29,3,0,10727.0,10177.0,9432.0,20471.0,7621.857142857143,9890.3
2013-07-18,4891,2013,7,18,3,29,3,0,5670.0,11004.0,6050.0,20793.0,6748.571428571428,9360.233333333334
2013-07-19,7929,2013,7,19,4,29,3,0,4891.0,10503.0,5128.0,10298.0,6380.857142857143,9281.266666666666
2013-07-20,7854,2013,7,20,5,29,3,0,7929.0,2028.0,5713.0,10391.0,7213.142857142857,9196.7
2013-07-21,90,2013,7,21,6,29,3,0,7854.0,2440.0,52.0,11389.0,6877.428571428572,8820.066666666668
2013-07-22,14719,2013,7,22,0,30,3,0,90.0,10981.0,16837.0,3666.0,7411.428571428572,9188.5
2013-07-23,8699,2013,7,23,1,30,3,0,14719.0,10727.0,5903.0,2962.0,7121.714285714285,9379.733333333334
2013-07-24,4492,2013,7,24,2,30,3,0,8699.0,5670.0,10177.0,24121.0,6953.428571428572,8725.433333333332
2013-07-25,15506,2013,7,25,3,30,3,0,4492.0,4891.0,11004.0,22754.0,8469.857142857143,8483.833333333334
2013-07-26,11300,2013,7,26,4,30,3,0,15506.0,7929.0,10503.0,12470.0,8951.42857142857,8444.833333333334
2013-07-27,979,2013,7,27,5,30,3,0,11300.0,7854.0,2028.0,17976.0,7969.285714285715,7878.266666666666
2013-07-28,717,2013,7,28,6,30,3,0,979.0,90.0,2440.0,16550.0,8058.857142857143,7350.5
2013-07-29,7272,2013,7,29,0,31,3,0,717.0,14719.0,10981.0,5628.0,6995.0,7405.3
2013-07-30,5762,2013,7,30,1,31,3,0,7272.0,8699.0,10727.0,4605.0,6575.428571428572,7443.866666666667
2013-07-31,6624,2013,7,31,2,31,3,0,5762.0,4492.0,5670.0,9507.0,6880.0,7347.766666666666
2013-08-01,15741,2013,8,1,3,31,3,0,6624.0,15506.0,4891.0,10954.0,6913.571428571428,7507.333333333333
2013-08-02,9885,2013,8,2,4,31,3,0,15741.0,11300.0,7929.0,9432.0,6711.428571428572,7522.433333333333
2013-08-03,4221,2013,8,3,5,31,3,0,9885.0,979.0,7854.0,6050.0,7174.571428571428,7461.466666666666
2013-08-04,3409,2013,8,4,6,31,3,0,4221.0,717.0,90.0,5128.0,7559.142857142857,7404.166666666667
2013-08-05,6756,2013,8,5,0,32,3,0,3409.0,7272.0,14719.0,5713.0,7485.428571428572,7438.933333333333
2013-08-06,12374,2013,8,6,1,32,3,0,6756.0,5762.0,8699.0,52.0,8430.0,7849.666666666667
2013-08-07,12674,2013,8,7,2,32,3,0,12374.0,6624.0,4492.0,16837.0,9294.285714285714,7710.9
2013-08-08,6511,2013,8,8,3,32,3,0,12674.0,15741.0,15506.0,5903.0,7975.714285714285,7731.166666666667
2013-08-09,9095,2013,8,9,4,32,3,0,6511.0,9885.0,11300.0,10177.0,7862.857142857143,7695.1
2013-08-10,4810,2013,8,10,5,32,3,0,9095.0,4221.0,979.0,11004.0,7947.0,7488.633333333333
2013-08-11,944,2013,8,11,6,32,3,0,4810.0,3409.0,717.0,10503.0,7594.857142857143,7170.0
2013-08-12,18111,2013,8,12,0,33,3,0,944.0,6756.0,7272.0,2028.0,9217.0,7706.1
2013-08-13,15314,2013,8,13,1,33,3,0,18111.0,12374.0,5762.0,2440.0,9637.0,8135.233333333334
2013-08-14,9337,2013,8,14,2,33,3,0,15314.0,12674.0,6624.0,10981.0,9160.285714285714,8080.433333333333
2013-08-15,18850,2013,8,15,3,33,3,0,9337.0,6511.0,15741.0,10727.0,10923.0,8351.2
2013-08-16,19201,2013,8,16,4,33,3,0,18850.0,9095.0,9885.0,5670.0,12366.714285714286,8802.233333333334
2013-08-17,3206,2013,8,17,5,33,3,0,19201.0,4810.0,4221.0,4891.0,12137.57142857143,8746.066666666668
2013-08-18,24,2013,8,18,6,33,3,0,3206.0,944.0,3409.0,7929.0,12006.142857142857,8482.566666666668
2013-08-19,13952,2013,8,19,0,34,3,0,24.0,18111.0,6756.0,7854.0,11412.0,8685.833333333334
2013-08-20,11056,2013,8,20,1,34,3,0,13952.0,15314.0,12374.0,90.0,10803.714285714286,9051.366666666667
2013-08-21,14647,2013,8,21,2,34,3,0,11056.0,9337.0,12674.0,14719.0,11562.285714285714,9048.966666666667
2013-08-22,20914,2013,8,22,3,34,3,0,14647.0,18850.0,6511.0,8699.0,11857.142857142857,9456.133333333333
2013-08-23,10335,2013,8,23,4,34,3,0,20914.0,19201.0,9095.0,4492.0,10590.57142857143,9650.9
2013-08-24,15629,2013,8,24,5,34,3,0,10335.0,3206.0,4810.0,15506.0,12365.285714285714,9655.0
2013-08-25,375,2013,8,25,6,34,3,0,15629.0,24.0,944.0,11300.0,12415.42857142857,9290.833333333334
2013-08-26,9248,2013,8,26,0,35,3,0,375.0,13952.0,18111.0,979.0,11743.42857142857,9566.466666666667
2013-08-27,21352,2013,8,27,1,35,3,0,9248.0,11056.0,15314.0,717.0,13214.285714285714,10254.3
2013-08-28,11950,2013,8,28,2,35,3,0,21352.0,14647.0,9337.0,7272.0,12829.0,10410.233333333334
2013-08-29,9015,2013,8,29,3,35,3,0,11950.0,20914.0,18850.0,5762.0,11129.142857142857,10518.666666666666
2013-08-30,8131,2013,8,30,4,35,3,0,9015.0,10335.0,19201.0,6624.0,10814.285714285714,10568.9
2013-08-31,9424,2013,8,31,5,35,3,0,8131.0,15629.0,3206.0,15741.0,9927.857142857143,10358.333333333334
2013-09-01,365,2013,9,1,6,35,3,0,9424.0,375.0,24.0,9885.0,9926.42857142857,10041.0
2013-09-02,12376,2013,9,2,0,36,3,0,365.0,9248.0,13952.0,4221.0,10373.285714285714,10312.833333333334
2013-09-03,22434,2013,9,3,1,36,3,0,12376.0,21352.0,11056.0,3409.0,10527.857142857143,10947.0
2013-09-04,14181,2013,9,4,2,36,3,0,22434.0,11950.0,14647.0,6756.0,10846.57142857143,11194.5
2013-09-05,17986,2013,9,5,3,36,3,0,14181.0,9015.0,20914.0,12374.0,12128.142857142857,11381.566666666668
2013-09-06,14408,2013,9,6,4,36,3,0,17986.0,8131.0,10335.0,12674.0,13024.857142857143,11439.366666666667
2013-09-07,2432,2013,9,7,5,36,3,0,14408.0,9424.0,15629.0,6511.0,12026.0,11303.4
2013-09-08,1058,2013,9,8,6,36,3,0,2432.0,365.0,375.0,9095.0,12125.0,11035.5
2013-09-09,15471,2013,9,9,0,37,3,0,1058.0,12376.0,9248.0,4810.0,12567.142857142857,11390.866666666667
2013-09-10,16155,2013,9,10,1,37,3,0,15471.0,22434.0,21352.0,944.0,11670.142857142857,11897.9
2013-09-11,12805,2013,9,11,2,37,3,0,16155.0,14181.0,11950.0,18111.0,11473.57142857143,11721.033333333333
2013-09-12,17036,2013,9,12,3,37,3,0,12805.0,17986.0,9015.0,15314.0,11337.857142857143,11778.433333333332
2013-09-13,12952,2013,9,13,4,37,3,0,17036.0,14408.0,8131.0,9337.0,11129.857142857143,11898.933333333332
2013-09-14,20744,2013,9,14,5,37,3,0,12952.0,2432.0,9424.0,18850.0,13745.857142857143,11962.066666666668
2013-09-15,1842,2013,9,15,6,37,3,0,20744.0,1058.0,365.0,19201.0,13857.857142857143,11383.433333333332
2013-09-16,20816,2013,9,16,0,38,3,0,1842.0,15471.0,12376.0,3206.0,14621.42857142857,11970.433333333332
2013-09-17,16185,2013,9,17,1,38,3,0,20816.0,16155.0,22434.0,24.0,14625.714285714286,12509.133333333333
2013-09-18,6126,2013,9,18,2,38,3,0,16185.0,12805.0,14181.0,13952.0,13671.57142857143,12248.266666666666
2013-09-19,21464,2013,9,19,3,38,3,0,6126.0,17036.0,17986.0,11056.0,14304.142857142857,12595.2
2013-09-20,23851,2013,9,20,4,38,3,0,21464.0,12952.0,14408.0,14647.0,15861.142857142857,12902.0
2013-09-21,14393,2013,9,21,5,38,3,0,23851.0,20744.0,2432.0,20914.0,14953.857142857143,12684.633333333333
2013-09-22,164,2013,9,22,6,38,3,0,14393.0,1842.0,1058.0,10335.0,14714.142857142857,12345.6
2013-09-23,4633,2013,9,23,0,39,3,0,164.0,20816.0,15471.0,15629.0,12402.285714285714,11979.066666666668
2013-09-24,14082,2013,9,24,1,39,3,0,4633.0,16185.0,16155.0,375.0,12101.857142857143,12435.966666666667
2013-09-25,18284,2013,9,25,2,39,3,0,14082.0,6126.0,12805.0,9248.0,13838.714285714286,12737.166666666666
2013-09-26,17361,2013,9,26,3,39,3,0,18284.0,21464.0,17036.0,21352.0,13252.57142857143,12604.133333333333
2013-09-27,11987,2013,9,27,4,39,3,0,17361.0,23851.0,12952.0,11950.0,11557.714285714286,12605.366666666667
2013-09-28,7037,2013,9,28,5,39,3,0,11987.0,14393.0,20744.0,9015.0,10506.857142857143,12539.433333333332
2013-09-29,998,2013,9,29,6,39,3,0,7037.0,164.0,1842.0,8131.0,10626.0,12301.666666666666
2013-09-30,17000,2013,9,30,0,40,3,0,998.0,4633.0,20816.0,9424.0,12392.714285714286,12554.2
2013-10-01,7365,2013,10,1,1,40,4,0,17000.0,14082.0,16185.0,365.0,11433.142857142857,12787.533333333333
2013-10-02,11095,2013,10,2,2,40,4,0,7365.0,18284.0,6126.0,12376.0,10406.142857142857,12744.833333333334
2013-10-03,26326,2013,10,3,3,40,4,0,11095.0,17361.0,21464.0,22434.0,11686.857142857143,12874.566666666668
2013-10-04,12946,2013,10,4,4,40,4,0,26326.0,11987.0,23851.0,14181.0,11823.857142857143,12833.4
2013-10-05,10811,2013,10,5,5,40,4,0,12946.0,7037.0,14393.0,17986.0,12363.0,12594.233333333334
2013-10-06,73,2013,10,6,6,40,4,0,10811.0,998.0,164.0,14408.0,12230.857142857143,12116.4
2013-10-07,7627,2013,10,7,0,41,4,0,73.0,17000.0,4633.0,2432.0,10891.857142857143,12289.566666666668
2013-10-08,9903,2013,10,8,1,41,4,0,7627.0,7365.0,14082.0,1058.0,11254.42857142857,12584.4
2013-10-09,14510,2013,10,9,2,41,4,0,9903.0,11095.0,18284.0,15471.0,11742.285714285714,12552.366666666667
2013-10-10,5394,2013,10,10,3,41,4,0,14510.0,26326.0,17361.0,16155.0,8752.0,12193.666666666666
2013-10-11,11739,2013,10,11,4,41,4,0,5394.0,12946.0,11987.0,12805.0,8579.57142857143,12158.133333333333
2013-10-12,4576,2013,10,12,5,41,4,0,11739.0,10811.0,7037.0,17036.0,7688.857142857143,11742.8
2013-10-13,1156,2013,10,13,6,41,4,0,4576.0,73.0,998.0,12952.0,7843.571428571428,11349.6
2013-10-14,9139,2013,10,14,0,42,4,0,1156.0,7627.0,17000.0,20744.0,8059.571428571428,10962.766666666666
2013-10-15,17730,2013,10,15,1,42,4,0,9139.0,9903.0,7365.0,1842.0,9177.714285714286,11492.366666666667
2013-10-16,14030,2013,10,16,2,42,4,0,17730.0,14510.0,11095.0,20816.0,9109.142857142857,11266.166666666666
2013-10-17,14107,2013,10,17,3,42,4,0,14030.0,5394.0,26326.0,16185.0,10353.857142857143,11196.9
2013-10-18,12940,2013,10,18,4,42,4,0,14107.0,11739.0,12946.0,6126.0,10525.42857142857,11424.033333333333
2013-10-19,962,2013,10,19,5,42,4,0,12940.0,4576.0,10811.0,21464.0,10009.142857142857,10740.633333333333
2013-10-20,412,2013,10,20,6,42,4,0,962.0,1156.0,73.0,23851.0,9902.857142857143,9959.333333333334
2013-10-21,10369,2013,10,21,0,43,4,0,412.0,9139.0,7627.0,14393.0,10078.57142857143,9825.2
2013-10-22,14937,2013,10,22,1,43,4,0,10369.0,17730.0,9903.0,164.0,9679.57142857143,10317.633333333333
2013-10-23,15582,2013,10,23,2,43,4,0,14937.0,14030.0,14510.0,4633.0,9901.285714285714,10682.6
2013-10-24,3728,2013,10,24,3,43,4,0,15582.0,14107.0,5394.0,14082.0,8418.57142857143,10337.466666666667
2013-10-25,7383,2013,10,25,4,43,4,0,3728.0,12940.0,11739.0,18284.0,7624.714285714285,9974.1
2013-10-26,2370,2013,10,26,5,43,4,0,7383.0,962.0,4576.0,17361.0,7825.857142857143,9474.4
2013-10-27,1591,2013,10,27,6,43,4,0,2370.0,412.0,1156.0,11987.0,7994.285714285715,9127.866666666667
2013-10-28,8589,2013,10,28,0,44,4,0,1591.0,10369.0,9139.0,7037.0,7740.0,9179.6
2013-10-29,12816,2013,10,29,1,44,4,0,8589.0,14937.0,17730.0,998.0,7437.0,9573.533333333333
2013-10-30,13944,2013,10,30,2,44,4,0,12816.0,15582.0,14030.0,17000.0,7203.0,9471.666666666666
2013-10-31,9273,2013,10,31,3,44,4,0,13944.0,3728.0,14107.0,7365.0,7995.142857142857,9535.266666666666
2013-11-01,20912,2013,11,1,4,44,4,1,9273.0,7383.0,12940.0,11095.0,9927.857142857143,9862.5
2013-11-02,3216,2013,11,2,5,44,4,1,20912.0,2370.0,962.0,26326.0,10048.714285714286,9092.166666666666
2013-11-03,0,2013,11,3,6,44,4,1,3216.0,1591.0,412.0,12946.0,9821.42857142857,8660.633333333333
2013-11-04,13805,2013,11,4,0,45,4,1,0.0,8589.0,10369.0,10811.0,10566.57142857143,8760.433333333332
2013-11-05,15751,2013,11,5,1,45,4,1,13805.0,12816.0,14937.0,73.0,10985.857142857143,9283.033333333333
2013-11-06,16334,2013,11,6,2,45,4,1,15751.0,13944.0,15582.0,7627.0,11327.285714285714,9573.266666666666
2013-11-07,8290,2013,11,7,3,45,4,1,16334.0,9273.0,3728.0,9903.0,11186.857142857143,9519.5
2013-11-08,13704,2013,11,8,4,45,4,1,8290.0,20912.0,7383.0,14510.0,10157.142857142857,9492.633333333333
2013-11-09,10235,2013,11,9,5,45,4,1,13704.0,3216.0,2370.0,5394.0,11159.857142857143,9654.0
2013-11-10,480,2013,11,10,6,45,4,1,10235.0,0.0,1591.0,11739.0,11228.42857142857,9278.7
2013-11-11,19650,2013,11,11,0,46,4,1,480.0,13805.0,8589.0,4576.0,12063.42857142857,9781.166666666666
2013-11-12,8936,2013,11,12,1,46,4,1,19650.0,15751.0,12816.0,1156.0,11089.857142857143,10040.5
2013-11-13,19744,2013,11,13,2,46,4,1,8936.0,16334.0,13944.0,9139.0,11577.0,10394.0
2013-11-14,10065,2013,11,14,3,46,4,1,19744.0,8290.0,9273.0,17730.0,11830.57142857143,10138.5
2013-11-15,20258,2013,11,15,4,46,4,1,10065.0,13704.0,20912.0,14030.0,12766.857142857143,10346.1
2013-11-16,7729,2013,11,16,5,46,4,1,20258.0,10235.0,3216.0,14107.0,12408.857142857143,10133.5
2013-11-17,3740,2013,11,17,6,46,4,1,7729.0,480.0,0.0,12940.0,12874.57142857143,9826.833333333334
2013-11-18,12479,2013,11,18,0,47,4,1,3740.0,19650.0,13805.0,962.0,11850.142857142857,10210.733333333334
2013-11-19,24525,2013,11,19,1,47,4,1,12479.0,8936.0,15751.0,412.0,14077.142857142857,11014.5
2013-11-20,5284,2013,11,20,2,47,4,1,24525.0,19744.0,16334.0,10369.0,12011.42857142857,10845.0
2013-11-21,9797,2013,11,21,3,47,4,1,5284.0,10065.0,8290.0,14937.0,11973.142857142857,10673.666666666666
2013-11-22,15233,2013,11,22,4,47,4,1,9797.0,20258.0,13704.0,15582.0,11255.285714285714,10662.033333333333
2013-11-23,6811,2013,11,23,5,47,4,1,15233.0,7729.0,10235.0,3728.0,11124.142857142857,10764.8
2013-11-24,3372,2013,11,24,6,47,4,1,6811.0,3740.0,480.0,7383.0,11071.57142857143,10631.1
2013-11-25,16206,2013,11,25,0,48,4,1,3372.0,12479.0,19650.0,2370.0,11604.0,11092.3
2013-11-26,20901,2013,11,26,1,48,4,1,16206.0,24525.0,8936.0,1591.0,11086.285714285714,11735.966666666667
2013-11-27,14318,2013,11,27,2,48,4,1,20901.0,5284.0,19744.0,8589.0,12376.857142857143,11926.933333333332
2013-11-28,29928,2013,11,28,3,48,4,1,14318.0,9797.0,10065.0,12816.0,15252.714285714286,12497.333333333334
2013-11-29,15183,2013,11,29,4,48,4,1,29928.0,15233.0,20258.0,13944.0,15245.57142857143,12538.633333333333
2013-11-30,7110,2013,11,30,5,48,4,1,15183.0,6811.0,7729.0,9273.0,15288.285714285714,12466.533333333333
2013-12-01,1365,2013,12,1,6,48,4,1,7110.0,3372.0,3740.0,20912.0,15001.57142857143,11814.966666666667
2013-12-02,15643,2013,12,2,0,49,4,1,1365.0,16206.0,12479.0,3216.0,14921.142857142857,12229.2
2013-12-03,19734,2013,12,3,1,49,4,1,15643.0,20901.0,24525.0,0.0,14754.42857142857,12887.0
2013-12-04,17448,2013,12,4,2,49,4,1,19734.0,14318.0,5284.0,13805.0,15201.57142857143,13008.433333333332
2013-12-05,6785,2013,12,5,3,49,4,1,17448.0,29928.0,9797.0,15751.0,11895.42857142857,12709.566666666668
2013-12-06,20783,2013,12,6,4,49,4,1,6785.0,15183.0,15233.0,16334.0,12695.42857142857,12857.866666666667
2013-12-07,7410,2013,12,7,5,49,4,1,20783.0,7110.0,6811.0,8290.0,12738.285714285714,12828.533333333333
2013-12-08,383,2013,12,8,6,49,4,1,7410.0,1365.0,3372.0,13704.0,12598.0,12384.5
2013-12-09,12885,2013,12,9,0,50,4,1,383.0,15643.0,16206.0,10235.0,12204.0,12472.833333333334
2013-12-10,16261,2013,12,10,1,50,4,1,12885.0,19734.0,20901.0,480.0,11707.857142857143,12998.866666666667
2013-12-11,18100,2013,12,11,2,50,4,1,16261.0,17448.0,14318.0,19650.0,11801.0,12947.2
2013-12-12,18006,2013,12,12,3,50,4,1,18100.0,6785.0,29928.0,8936.0,13404.0,13249.533333333333
2013-12-13,9431,2013,12,13,4,50,4,1,18006.0,20783.0,15183.0,19744.0,11782.285714285714,12905.766666666666
2013-12-14,4575,2013,12,14,5,50,4,1,9431.0,7410.0,7110.0,10065.0,11377.285714285714,12722.766666666666
2013-12-15,1385,2013,12,15,6,50,4,1,4575.0,383.0,1365.0,20258.0,11520.42857142857,12093.666666666666
2013-12-16,23020,2013,12,16,0,51,4,1,1385.0,12885.0,15643.0,7729.0,12968.285714285714,12603.366666666667
2013-12-17,13432,2013,12,17,1,51,4,1,23020.0,16261.0,19734.0,3740.0,12564.142857142857,12926.433333333332
2013-12-18,33937,2013,12,18,2,51,4,1,13432.0,18100.0,17448.0,12479.0,14826.57142857143,13641.7
2013-12-19,15153,2013,12,19,3,51,4,1,33937.0,18006.0,6785.0,24525.0,14419.0,13329.3
2013-12-20,22233,2013,12,20,4,51,4,1,15153.0,9431.0,20783.0,5284.0,16247.857142857143,13894.266666666666
2013-12-21,3498,2013,12,21,5,51,4,1,22233.0,4575.0,7410.0,9797.0,16094.0,13684.3
2013-12-22,2334,2013,12,22,6,51,4,1,3498.0,1385.0,383.0,15233.0,16229.57142857143,13254.333333333334
2013-12-23,15339,2013,12,23,0,52,4,1,2334.0,23020.0,12885.0,6811.0,15132.285714285714,13538.6
2013-12-24,15831,2013,12,24,1,52,4,1,15339.0,13432.0,16261.0,3372.0,15475.0,13953.9
2013-12-25,11340,2013,12,25,2,52,4,1,15831.0,33937.0,18100.0,16206.0,12246.857142857143,13791.7
2013-12-26,36434,2013,12,26,3,52,4,1,11340.0,15153.0,18006.0,20901.0,15287.0,14309.466666666667
2013-12-27,10282,2013,12,27,4,52,4,1,36434.0,22233.0,9431.0,14318.0,13579.714285714286,14174.933333333332
2013-12-28,3553,2013,12,28,5,52,4,1,10282.0,3498.0,4575.0,29928.0,13587.57142857143,13295.766666666666
2013-12-29,426,2013,12,29,6,52,4,1,3553.0,2334.0,1385.0,15183.0,13315.0,12803.866666666667
2013-12-30,14291,2013,12,30,0,1,4,1,426.0,15339.0,23020.0,7110.0,13165.285714285714,13043.233333333334
2013-12-31,14179,2013,12,31,1,1,4,1,14291.0,15831.0,13432.0,1365.0,12929.285714285714,13470.366666666667
2014-01-01,3613,2014,1,1,2,1,1,0,14179.0,11340.0,33937.0,15643.0,11825.42857142857,13069.366666666667
2014-01-02,4169,2014,1,2,3,1,1,0,3613.0,36434.0,15153.0,19734.0,7216.142857142857,12550.533333333333
2014-01-03,11326,2014,1,3,4,1,1,0,4169.0,10282.0,22233.0,17448.0,7365.285714285715,12346.466666666667
2014-01-04,4705,2014,1,4,5,1,1,0,11326.0,3553.0,3498.0,6785.0,7529.857142857143,12277.133333333333
2014-01-05,427,2014,1,5,6,1,1,0,4705.0,426.0,2334.0,20783.0,7530.0,11598.6
2014-01-06,10841,2014,1,6,0,2,1,0,427.0,14291.0,15339.0,7410.0,7037.142857142857,11712.966666666667
2014-01-07,6202,2014,1,7,1,2,1,0,10841.0,14179.0,15831.0,383.0,5897.571428571428,11906.933333333332
2014-01-08,13412,2014,1,8,2,2,1,0,6202.0,3613.0,11340.0,12885.0,7297.428571428572,11924.5
2014-01-09,9743,2014,1,9,3,2,1,0,13412.0,4169.0,36434.0,16261.0,8093.714285714285,11707.233333333334
2014-01-10,4202,2014,1,10,4,2,1,0,9743.0,11326.0,10282.0,18100.0,7076.0,11243.966666666667
2014-01-11,4428,2014,1,11,5,2,1,0,4202.0,4705.0,3553.0,18006.0,7036.428571428572,10791.366666666667
2014-01-12,75,2014,1,12,6,2,1,0,4428.0,427.0,426.0,9431.0,6986.142857142857,10479.5
2014-01-13,5360,2014,1,13,0,3,1,0,75.0,10841.0,14291.0,4575.0,6203.142857142857,10505.666666666666
2014-01-14,17296,2014,1,14,1,3,1,0,5360.0,6202.0,14179.0,1385.0,7788.0,11036.033333333333
2014-01-15,6002,2014,1,15,2,3,1,0,17296.0,13412.0,3613.0,23020.0,6729.428571428572,10468.766666666666
2014-01-16,11340,2014,1,16,3,3,1,0,6002.0,9743.0,4169.0,13432.0,6957.571428571428,10399.033333333333
2014-01-17,14417,2014,1,17,4,3,1,0,11340.0,4202.0,11326.0,33937.0,8416.857142857143,9748.366666666667
2014-01-18,9694,2014,1,18,5,3,1,0,14417.0,4428.0,4705.0,15153.0,9169.142857142857,9566.4
2014-01-19,194,2014,1,19,6,3,1,0,9694.0,75.0,427.0,22233.0,9186.142857142857,8831.766666666666
2014-01-20,11622,2014,1,20,0,4,1,0,194.0,5360.0,10841.0,3498.0,10080.714285714286,9102.566666666668
2014-01-21,8762,2014,1,21,1,4,1,0,11622.0,17296.0,6202.0,2334.0,8861.57142857143,9316.833333333334
2014-01-22,12946,2014,1,22,2,4,1,0,8762.0,6002.0,13412.0,15339.0,9853.57142857143,9237.066666666668
2014-01-23,6713,2014,1,23,3,4,1,0,12946.0,11340.0,9743.0,15831.0,9192.57142857143,8933.133333333333
2014-01-24,9326,2014,1,24,4,4,1,0,6713.0,14417.0,4202.0,11340.0,8465.285714285714,8866.0
2014-01-25,7099,2014,1,25,5,4,1,0,9326.0,9694.0,4428.0,36434.0,8094.571428571428,7888.166666666667
2014-01-26,2073,2014,1,26,6,4,1,0,7099.0,194.0,75.0,10282.0,8363.0,7614.533333333334
2014-01-27,5228,2014,1,27,0,5,1,0,2073.0,11622.0,5360.0,3553.0,7449.571428571428,7670.366666666667
2014-01-28,8558,2014,1,28,1,5,1,0,5228.0,8762.0,17296.0,426.0,7420.428571428572,7941.433333333333
2014-01-29,11460,2014,1,29,2,5,1,0,8558.0,12946.0,6002.0,14291.0,7208.142857142857,7847.066666666667
2014-01-30,7594,2014,1,30,3,5,1,0,11460.0,6713.0,11340.0,14179.0,7334.0,7627.566666666667
2014-01-31,12440,2014,1,31,4,5,1,0,7594.0,9326.0,14417.0,3613.0,7778.857142857143,7921.8
2014-02-01,867,2014,2,1,5,5,1,0,12440.0,7099.0,9694.0,4169.0,6888.571428571428,7811.733333333334
2014-02-02,0,2014,2,2,6,5,1,0,867.0,2073.0,194.0,11326.0,6592.428571428572,7434.2
2014-02-03,4501,2014,2,3,0,6,1,0,0.0,5228.0,11622.0,4705.0,6488.571428571428,7427.4
2014-02-04,8191,2014,2,4,1,6,1,0,4501.0,8558.0,8762.0,427.0,6436.142857142857,7686.2
2014-02-05,6321,2014,2,5,2,6,1,0,8191.0,11460.0,12946.0,10841.0,5702.0,7535.533333333334
2014-02-06,7087,2014,2,6,3,6,1,0,6321.0,7594.0,6713.0,6202.0,5629.571428571428,7565.033333333334
2014-02-07,11014,2014,2,7,4,6,1,0,7087.0,12440.0,9326.0,13412.0,5425.857142857143,7485.1
2014-02-08,2331,2014,2,8,5,6,1,0,11014.0,867.0,7099.0,9743.0,5635.0,7238.033333333334
2014-02-09,128,2014,2,9,6,6,1,0,2331.0,0.0,2073.0,4202.0,5653.285714285715,7102.233333333334
2014-02-10,11902,2014,2,10,0,7,1,0,128.0,4501.0,5228.0,4428.0,6710.571428571428,7351.366666666667
2014-02-11,12392,2014,2,11,1,7,1,0,11902.0,8191.0,8558.0,75.0,7310.714285714285,7761.933333333333
2014-02-12,11211,2014,2,12,2,7,1,0,12392.0,6321.0,11460.0,5360.0,8009.285714285715,7956.966666666666
2014-02-13,9615,2014,2,13,3,7,1,0,11211.0,7087.0,7594.0,17296.0,8370.42857142857,7700.933333333333
2014-02-14,11483,2014,2,14,4,7,1,0,9615.0,11014.0,12440.0,6002.0,8437.42857142857,7883.633333333333
2014-02-15,2606,2014,2,15,5,7,1,0,11483.0,2331.0,867.0,11340.0,8476.714285714286,7592.5
2014-02-16,412,2014,2,16,6,7,1,0,2606.0,128.0,0.0,14417.0,8517.285714285714,7125.666666666667
2014-02-17,10510,2014,2,17,0,8,1,0,412.0,11902.0,4501.0,9694.0,8318.42857142857,7152.866666666667
2014-02-18,9960,2014,2,18,1,8,1,0,10510.0,12392.0,8191.0,194.0,7971.0,7478.4
2014-02-19,6749,2014,2,19,2,8,1,0,9960.0,11211.0,6321.0,11622.0,7333.571428571428,7315.966666666666
2014-02-20,6910,2014,2,20,3,8,1,0,6749.0,9615.0,7087.0,8762.0,6947.142857142857,7254.233333333334
2014-02-21,8020,2014,2,21,4,8,1,0,6910.0,11483.0,11014.0,12946.0,6452.428571428572,7090.033333333334
2014-02-22,2685,2014,2,22,5,8,1,0,8020.0,2606.0,2331.0,6713.0,6463.714285714285,6955.766666666666
2014-02-23,755,2014,2,23,6,8,1,0,2685.0,412.0,128.0,9326.0,6512.714285714285,6670.066666666667
2014-02-24,8064,2014,2,24,0,9,1,0,755.0,10510.0,11902.0,7099.0,6163.285714285715,6702.233333333334
2014-02-25,6741,2014,2,25,1,9,1,0,8064.0,9960.0,12392.0,2073.0,5703.428571428572,6857.833333333333
2014-02-26,4576,2014,2,26,2,9,1,0,6741.0,6749.0,11211.0,5228.0,5393.0,6836.1
2014-02-27,10046,2014,2,27,3,9,1,0,4576.0,6910.0,9615.0,8558.0,5841.0,6885.7
2014-02-28,9771,2014,2,28,4,9,1,0,10046.0,8020.0,11483.0,11460.0,6091.142857142857,6829.4
2014-03-01,2914,2014,3,1,5,9,1,0,9771.0,2685.0,2606.0,7594.0,6123.857142857143,6673.4
2014-03-02,613,2014,3,2,6,9,1,0,2914.0,755.0,412.0,12440.0,6103.571428571428,6279.166666666667
2014-03-03,4706,2014,3,3,0,10,1,0,613.0,8064.0,10510.0,867.0,5623.857142857143,6407.133333333333
2014-03-04,11929,2014,3,4,1,10,1,0,4706.0,6741.0,9960.0,0.0,6365.0,6804.766666666666
2014-03-05,6781,2014,3,5,2,10,1,0,11929.0,4576.0,6749.0,4501.0,6680.0,6880.766666666666
2014-03-06,7213,2014,3,6,3,10,1,0,6781.0,10046.0,6910.0,8191.0,6275.285714285715,6848.166666666667
2014-03-07,4781,2014,3,7,4,10,1,0,7213.0,9771.0,8020.0,6321.0,5562.428571428572,6796.833333333333
2014-03-08,3178,2014,3,8,5,10,1,0,4781.0,2914.0,2685.0,7087.0,5600.142857142857,6666.533333333334
2014-03-09,882,2014,3,9,6,10,1,0,3178.0,613.0,755.0,11014.0,5638.571428571428,6328.8
2014-03-10,5362,2014,3,10,0,11,1,0,882.0,4706.0,8064.0,2331.0,5732.285714285715,6429.833333333333
2014-03-11,12584,2014,3,11,1,11,1,0,5362.0,11929.0,6741.0,128.0,5825.857142857143,6845.033333333334
2014-03-12,9030,2014,3,12,2,11,1,0,12584.0,6781.0,4576.0,11902.0,6147.142857142857,6749.3
2014-03-13,6263,2014,3,13,3,11,1,0,9030.0,7213.0,10046.0,12392.0,6011.428571428572,6545.0
2014-03-14,14091,2014,3,14,4,11,1,0,6263.0,4781.0,9771.0,11211.0,7341.428571428572,6641.0
2014-03-15,9024,2014,3,15,5,11,1,0,14091.0,3178.0,2914.0,9615.0,8176.571428571428,6621.3
2014-03-16,69,2014,3,16,6,11,1,0,9024.0,882.0,613.0,11483.0,8060.428571428572,6240.833333333333
2014-03-17,20494,2014,3,17,0,12,1,0,69.0,5362.0,4706.0,2606.0,10222.142857142857,6837.1
2014-03-18,11184,2014,3,18,1,12,1,0,20494.0,12584.0,11929.0,412.0,10022.142857142857,7196.166666666667
2014-03-19,12634,2014,3,19,2,12,1,0,11184.0,9030.0,6781.0,10510.0,10537.0,7266.966666666666
2014-03-20,9522,2014,3,20,3,12,1,0,12634.0,6263.0,7213.0,9960.0,11002.57142857143,7252.366666666667
2014-03-21,9055,2014,3,21,4,12,1,0,9522.0,14091.0,4781.0,6749.0,10283.142857142857,7329.233333333334
2014-03-22,8993,2014,3,22,5,12,1,0,9055.0,9024.0,3178.0,6910.0,10278.714285714286,7398.666666666667
2014-03-23,240,2014,3,23,6,12,1,0,8993.0,69.0,882.0,8020.0,10303.142857142857,7139.333333333333
2014-03-24,23866,2014,3,24,0,13,1,0,240.0,20494.0,5362.0,2685.0,10784.857142857143,7845.366666666667
2014-03-25,8011,2014,3,25,1,13,1,0,23866.0,11184.0,12584.0,755.0,10331.57142857143,8087.233333333334
2014-03-26,17632,2014,3,26,2,13,1,0,8011.0,12634.0,9030.0,8064.0,11045.57142857143,8406.166666666666
2014-03-27,15204,2014,3,27,3,13,1,0,17632.0,9522.0,6263.0,6741.0,11857.285714285714,8688.266666666666
2014-03-28,10962,2014,3,28,4,13,1,0,15204.0,9055.0,14091.0,4576.0,12129.714285714286,8901.133333333333
2014-03-29,1732,2014,3,29,5,13,1,0,10962.0,8993.0,9024.0,10046.0,11092.42857142857,8624.0
2014-03-30,252,2014,3,30,6,13,1,0,1732.0,240.0,69.0,9771.0,11094.142857142857,8306.7
2014-03-31,13909,2014,3,31,0,14,1,0,252.0,23866.0,20494.0,2914.0,9671.714285714286,8673.2
2014-04-01,12109,2014,4,1,1,14,2,0,13909.0,8011.0,11184.0,613.0,10257.142857142857,9056.4
2014-04-02,14935,2014,4,2,2,14,2,0,12109.0,17632.0,12634.0,4706.0,9871.857142857143,9397.366666666667
2014-04-03,9185,2014,4,3,3,14,2,0,14935.0,15204.0,9522.0,11929.0,9012.0,9305.9
2014-04-04,2805,2014,4,4,4,14,2,0,9185.0,10962.0,9055.0,6781.0,7846.714285714285,9173.366666666667
2014-04-05,1767,2014,4,5,5,14,2,0,2805.0,1732.0,8993.0,7213.0,7851.714285714285,8991.833333333334
2014-04-06,1151,2014,4,6,6,14,2,0,1767.0,252.0,240.0,4781.0,7980.142857142857,8870.833333333334
2014-04-07,11076,2014,4,7,0,15,2,0,1151.0,13909.0,23866.0,3178.0,7575.428571428572,9134.1
2014-04-08,7563,2014,4,8,1,15,2,0,11076.0,12109.0,8011.0,882.0,6926.0,9356.8
2014-04-09,16027,2014,4,9,2,15,2,0,7563.0,14935.0,17632.0,5362.0,7082.0,9712.3
2014-04-10,8512,2014,4,10,3,15,2,0,16027.0,9185.0,15204.0,12584.0,6985.857142857143,9576.566666666668
2014-04-11,8920,2014,4,11,4,15,2,0,8512.0,2805.0,10962.0,9030.0,7859.428571428572,9572.9
2014-04-12,5151,2014,4,12,5,15,2,0,8920.0,1767.0,1732.0,6263.0,8342.857142857143,9535.833333333334
2014-04-13,1890,2014,4,13,6,15,2,0,5151.0,1151.0,252.0,14091.0,8448.42857142857,9129.133333333333
2014-04-14,12468,2014,4,14,0,16,2,0,1890.0,11076.0,13909.0,9024.0,8647.285714285714,9243.933333333332
2014-04-15,11627,2014,4,15,1,16,2,0,12468.0,7563.0,12109.0,69.0,9227.857142857143,9629.2
2014-04-16,15247,2014,4,16,2,16,2,0,11627.0,16027.0,14935.0,20494.0,9116.42857142857,9454.3
2014-04-17,11521,2014,4,17,3,16,2,0,15247.0,8512.0,9185.0,11184.0,9546.285714285714,9465.533333333333
2014-04-18,8720,2014,4,18,4,16,2,0,11521.0,8920.0,2805.0,12634.0,9517.714285714286,9335.066666666668
2014-04-19,1881,2014,4,19,5,16,2,0,8720.0,5151.0,1767.0,9522.0,9050.57142857143,9080.366666666667
2014-04-20,1075,2014,4,20,6,16,2,0,1881.0,1890.0,1151.0,9055.0,8934.142857142857,8814.366666666667
2014-04-21,13646,2014,4,21,0,17,2,0,1075.0,12468.0,11076.0,8993.0,9102.42857142857,8969.466666666667
2014-04-22,7247,2014,4,22,1,17,2,0,13646.0,11627.0,7563.0,240.0,8476.714285714286,9203.033333333333
2014-04-23,7784,2014,4,23,2,17,2,0,7247.0,15247.0,16027.0,23866.0,7410.571428571428,8666.966666666667
2014-04-24,10634,2014,4,24,3,17,2,0,7784.0,11521.0,8512.0,8011.0,7283.857142857143,8754.4
2014-04-25,5873,2014,4,25,4,17,2,0,10634.0,8720.0,8920.0,17632.0,6877.142857142857,8362.433333333332
2014-04-26,5622,2014,4,26,5,17,2,0,5873.0,1881.0,5151.0,15204.0,7411.571428571428,8043.033333333334
2014-04-27,1084,2014,4,27,6,17,2,0,5622.0,1075.0,1890.0,10962.0,7412.857142857143,7713.766666666666
2014-04-28,13017,2014,4,28,0,18,2,0,1084.0,13646.0,12468.0,1732.0,7323.0,8089.933333333333
2014-04-29,4530,2014,4,29,1,18,2,0,13017.0,7247.0,11627.0,252.0,6934.857142857143,8232.533333333333
2014-04-30,9714,2014,4,30,2,18,2,0,4530.0,7784.0,15247.0,13909.0,7210.571428571428,8092.7
2014-05-01,10080,2014,5,1,3,18,2,0,9714.0,10634.0,11521.0,12109.0,7131.428571428572,8025.066666666667
2014-05-02,10096,2014,5,2,4,18,2,0,10080.0,5873.0,8720.0,14935.0,7734.714285714285,7863.766666666666
2014-05-03,2957,2014,5,3,5,18,2,0,10096.0,5622.0,1881.0,9185.0,7354.0,7656.166666666667
2014-05-04,2776,2014,5,4,6,18,2,0,2957.0,1084.0,1075.0,2805.0,7595.714285714285,7655.2
2014-05-05,7531,2014,5,5,0,19,2,0,2776.0,13017.0,13646.0,1767.0,6812.0,7847.333333333333
2014-05-06,3320,2014,5,6,1,19,2,0,7531.0,4530.0,7247.0,1151.0,6639.142857142857,7919.633333333333
2014-05-07,14739,2014,5,7,2,19,2,0,3320.0,9714.0,7784.0,11076.0,7357.0,8041.733333333334
2014-05-08,22266,2014,5,8,3,19,2,0,14739.0,10080.0,10634.0,7563.0,9097.857142857143,8531.833333333334
2014-05-09,14908,2014,5,9,4,19,2,0,22266.0,10096.0,5873.0,16027.0,9785.285714285714,8494.533333333333
2014-05-10,8213,2014,5,10,5,19,2,0,14908.0,2957.0,5622.0,8512.0,10536.142857142857,8484.566666666668
2014-05-11,808,2014,5,11,6,19,2,0,8213.0,2776.0,1084.0,8920.0,10255.0,8214.166666666666
2014-05-12,6459,2014,5,12,0,20,2,0,808.0,7531.0,13017.0,5151.0,10101.857142857143,8257.766666666666
2014-05-13,7719,2014,5,13,1,20,2,0,6459.0,3320.0,4530.0,1890.0,10730.285714285714,8452.066666666668
2014-05-14,4904,2014,5,14,2,20,2,0,7719.0,14739.0,9714.0,12468.0,9325.285714285714,8199.933333333332
2014-05-15,14366,2014,5,15,3,20,2,0,4904.0,22266.0,10080.0,11627.0,8196.714285714286,8291.233333333334
2014-05-16,21191,2014,5,16,4,20,2,0,14366.0,14908.0,10096.0,15247.0,9094.285714285714,8489.366666666667
2014-05-17,6514,2014,5,17,5,20,2,0,21191.0,8213.0,2957.0,11521.0,8851.57142857143,8322.466666666667
2014-05-18,161,2014,5,18,6,20,2,0,6514.0,808.0,2776.0,8720.0,8759.142857142857,8037.166666666667
2014-05-19,16822,2014,5,19,0,21,2,0,161.0,6459.0,7531.0,1881.0,10239.57142857143,8535.2
2014-05-20,12208,2014,5,20,1,21,2,0,16822.0,7719.0,3320.0,1075.0,10880.857142857143,8906.3
2014-05-21,8808,2014,5,21,2,21,2,0,12208.0,4904.0,14739.0,13646.0,11438.57142857143,8745.033333333333
2014-05-22,8317,2014,5,22,3,21,2,0,8808.0,14366.0,22266.0,7247.0,10574.42857142857,8780.7
2014-05-23,8352,2014,5,23,4,21,2,0,8317.0,21191.0,14908.0,7784.0,8740.285714285714,8799.633333333333
2014-05-24,8061,2014,5,24,5,21,2,0,8352.0,6514.0,8213.0,10634.0,8961.285714285714,8713.866666666667
2014-05-25,1212,2014,5,25,6,21,2,0,8061.0,161.0,808.0,5873.0,9111.42857142857,8558.5
2014-05-26,10349,2014,5,26,0,22,2,0,1212.0,16822.0,6459.0,5622.0,8186.714285714285,8716.066666666668
2014-05-27,13567,2014,5,27,1,22,2,0,10349.0,12208.0,7719.0,1084.0,8380.857142857143,9132.166666666666
2014-05-28,12133,2014,5,28,2,22,2,0,13567.0,8808.0,4904.0,13017.0,8855.857142857143,9102.7
2014-05-29,16612,2014,5,29,3,22,2,0,12133.0,8317.0,14366.0,4530.0,10040.857142857143,9505.433333333332
2014-05-30,6475,2014,5,30,4,22,2,0,16612.0,8352.0,21191.0,9714.0,9772.714285714286,9397.466666666667
2014-05-31,6480,2014,5,31,5,22,2,0,6475.0,8061.0,6514.0,10080.0,9546.857142857143,9277.466666666667
2014-06-01,2039,2014,6,1,6,22,2,0,6480.0,1212.0,161.0,10096.0,9665.0,9008.9
2014-06-02,15739,2014,6,2,0,23,2,0,2039.0,10349.0,16822.0,2957.0,10435.0,9434.966666666667
2014-06-03,17698,2014,6,3,1,23,2,0,15739.0,13567.0,12208.0,2776.0,11025.142857142857,9932.366666666667
2014-06-04,17541,2014,6,4,2,23,2,0,17698.0,12133.0,8808.0,7531.0,11797.714285714286,10266.033333333333
2014-06-05,11197,2014,6,5,3,23,2,0,17541.0,16612.0,8317.0,3320.0,11024.142857142857,10528.6
2014-06-06,14222,2014,6,6,4,23,2,0,11197.0,6475.0,8352.0,14739.0,12130.857142857143,10511.366666666667
2014-06-07,4528,2014,6,7,5,23,2,0,14222.0,6480.0,8061.0,22266.0,11852.0,9920.1
2014-06-08,2846,2014,6,8,6,23,2,0,4528.0,2039.0,1212.0,14908.0,11967.285714285714,9518.033333333333
2014-06-09,20003,2014,6,9,0,24,2,0,2846.0,15739.0,10349.0,8213.0,12576.42857142857,9911.033333333333
2014-06-10,18325,2014,6,10,1,24,2,0,20003.0,17698.0,13567.0,808.0,12666.0,10494.933333333332
2014-06-11,17145,2014,6,11,2,24,2,0,18325.0,17541.0,12133.0,6459.0,12609.42857142857,10851.133333333333
2014-06-12,11547,2014,6,12,3,24,2,0,17145.0,11197.0,16612.0,7719.0,12659.42857142857,10978.733333333334
2014-06-13,12599,2014,6,13,4,24,2,0,11547.0,14222.0,6475.0,4904.0,12427.57142857143,11235.233333333334
2014-06-14,7437,2014,6,14,5,24,2,0,12599.0,4528.0,6480.0,14366.0,12843.142857142857,11004.266666666666
2014-06-15,1383,2014,6,15,6,24,2,0,7437.0,2846.0,2039.0,21191.0,12634.142857142857,10344.0
2014-06-16,17993,2014,6,16,0,25,2,0,1383.0,20003.0,15739.0,6514.0,12347.0,10726.633333333333
2014-06-17,19979,2014,6,17,1,25,2,0,17993.0,18325.0,17698.0,161.0,12583.285714285714,11387.233333333334
2014-06-18,32195,2014,6,18,2,25,2,0,19979.0,17145.0,17541.0,16822.0,14733.285714285714,11899.666666666666
2014-06-19,12525,2014,6,19,3,25,2,0,32195.0,11547.0,11197.0,12208.0,14873.0,11910.233333333334
2014-06-20,12021,2014,6,20,4,25,2,0,12525.0,12599.0,14222.0,8808.0,14790.42857142857,12017.333333333334
2014-06-21,6230,2014,6,21,5,25,2,0,12021.0,7437.0,4528.0,8317.0,14618.0,11947.766666666666
2014-06-22,1219,2014,6,22,6,25,2,0,6230.0,1383.0,2846.0,8352.0,14594.57142857143,11710.0
2014-06-23,16705,2014,6,23,0,26,2,0,1219.0,17993.0,20003.0,8061.0,14410.57142857143,11998.133333333333
2014-06-24,27468,2014,6,24,1,26,2,0,16705.0,19979.0,18325.0,1212.0,15480.42857142857,12873.333333333334
2014-06-25,13235,2014,6,25,2,26,2,0,27468.0,32195.0,17145.0,10349.0,12771.857142857143,12969.533333333333
2014-06-26,21340,2014,6,26,3,26,2,0,13235.0,12525.0,11547.0,13567.0,14031.142857142857,13228.633333333333
2014-06-27,17898,2014,6,27,4,26,2,0,21340.0,12021.0,12599.0,12133.0,14870.714285714286,13420.8
2014-06-28,6939,2014,6,28,5,26,2,0,17898.0,6230.0,7437.0,16612.0,14972.0,13098.366666666667
2014-06-29,2438,2014,6,29,6,26,2,0,6939.0,1219.0,1383.0,6475.0,15146.142857142857,12963.8
2014-06-30,19409,2014,6,30,0,27,2,0,2438.0,16705.0,17993.0,6480.0,15532.42857142857,13394.766666666666
2014-07-01,8456,2014,7,1,1,27,3,0,19409.0,27468.0,19979.0,2039.0,12816.42857142857,13608.666666666666
2014-07-02,11008,2014,7,2,2,27,3,0,8456.0,13235.0,32195.0,15739.0,12498.285714285714,13450.966666666667
2014-07-03,8746,2014,7,3,3,27,3,0,11008.0,21340.0,12525.0,17698.0,10699.142857142857,13152.566666666668
2014-07-04,17290,2014,7,4,4,27,3,0,8746.0,17898.0,12021.0,17541.0,10612.285714285714,13144.2
2014-07-05,10303,2014,7,5,5,27,3,0,17290.0,6939.0,6230.0,11197.0,11092.857142857143,13114.4
2014-07-06,653,2014,7,6,6,27,3,0,10303.0,2438.0,1219.0,14222.0,10837.857142857143,12662.1
2014-07-07,7775,2014,7,7,0,28,3,0,653.0,19409.0,16705.0,4528.0,9175.857142857143,12770.333333333334
2014-07-08,4798,2014,7,8,1,28,3,0,7775.0,8456.0,27468.0,2846.0,8653.285714285714,12835.4
2014-07-09,15174,2014,7,9,2,28,3,0,4798.0,11008.0,13235.0,20003.0,9248.42857142857,12674.433333333332
2014-07-10,9794,2014,7,10,3,28,3,0,15174.0,8746.0,21340.0,18325.0,9398.142857142857,12390.066666666668
2014-07-11,8425,2014,7,11,4,28,3,0,9794.0,17290.0,17898.0,17145.0,8131.714285714285,12099.4
2014-07-12,8356,2014,7,12,5,28,3,0,8425.0,10303.0,6939.0,11547.0,7853.571428571428,11993.033333333333
2014-07-13,214,2014,7,13,6,28,3,0,8356.0,653.0,2438.0,12599.0,7790.857142857143,11580.2
2014-07-14,9467,2014,7,14,0,29,3,0,214.0,7775.0,19409.0,7437.0,8032.571428571428,11647.866666666667
2014-07-15,7418,2014,7,15,1,29,3,0,9467.0,4798.0,8456.0,1383.0,8406.857142857143,11849.033333333333
2014-07-16,9494,2014,7,16,2,29,3,0,7418.0,15174.0,11008.0,17993.0,7595.428571428572,11565.733333333334
2014-07-17,11801,2014,7,17,3,29,3,0,9494.0,9794.0,8746.0,19979.0,7882.142857142857,11293.133333333333
2014-07-18,6538,2014,7,18,4,29,3,0,11801.0,8425.0,17290.0,32195.0,7612.571428571428,10437.9
2014-07-19,7837,2014,7,19,5,29,3,0,6538.0,8356.0,10303.0,12525.0,7538.428571428572,10281.633333333333
2014-07-20,0,2014,7,20,6,29,3,0,7837.0,214.0,653.0,12021.0,7507.857142857143,9880.933333333332
2014-07-21,12392,2014,7,21,0,30,3,0,0.0,9467.0,7775.0,6230.0,7925.714285714285,10086.333333333334
2014-07-22,12721,2014,7,22,1,30,3,0,12392.0,7418.0,4798.0,1219.0,8683.285714285714,10469.733333333334
2014-07-23,4114,2014,7,23,2,30,3,0,12721.0,9494.0,15174.0,16705.0,7914.714285714285,10050.033333333333
2014-07-24,7809,2014,7,24,3,30,3,0,4114.0,11801.0,9794.0,27468.0,7344.428571428572,9394.733333333334
2014-07-25,6340,2014,7,25,4,30,3,0,7809.0,6538.0,8425.0,13235.0,7316.142857142857,9164.9
2014-07-26,6679,2014,7,26,5,30,3,0,6340.0,7837.0,8356.0,21340.0,7150.714285714285,8676.2
2014-07-27,3904,2014,7,27,6,30,3,0,6679.0,0.0,214.0,17898.0,7708.428571428572,8209.733333333334
2014-07-28,8974,2014,7,28,0,31,3,0,3904.0,12392.0,9467.0,6939.0,7220.142857142857,8277.566666666668
2014-07-29,11166,2014,7,29,1,31,3,0,8974.0,12721.0,7418.0,2438.0,6998.0,8568.5
2014-07-30,13001,2014,7,30,2,31,3,0,11166.0,4114.0,9494.0,19409.0,8267.57142857143,8354.9
2014-07-31,8071,2014,7,31,3,31,3,0,13001.0,7809.0,11801.0,8456.0,8305.0,8342.066666666668
2014-08-01,13115,2014,8,1,4,31,3,0,8071.0,6340.0,6538.0,11008.0,9272.857142857143,8412.3
2014-08-02,19435,2014,8,2,5,31,3,0,13115.0,6679.0,7837.0,8746.0,11095.142857142857,8768.6
2014-08-03,1580,2014,8,3,6,31,3,0,19435.0,3904.0,0.0,17290.0,10763.142857142857,8244.933333333332
2014-08-04,21526,2014,8,4,0,32,3,0,1580.0,8974.0,12392.0,10303.0,12556.285714285714,8619.033333333333
2014-08-05,13402,2014,8,5,1,32,3,0,21526.0,11166.0,12721.0,653.0,12875.714285714286,9044.0
2014-08-06,19854,2014,8,6,2,32,3,0,13402.0,13001.0,4114.0,7775.0,13854.714285714286,9446.633333333333
2014-08-07,23212,2014,8,7,3,32,3,0,19854.0,8071.0,7809.0,4798.0,16017.714285714286,10060.433333333332
2014-08-08,17937,2014,8,8,4,32,3,0,23212.0,13115.0,6340.0,15174.0,16706.571428571428,10152.533333333333
2014-08-09,8219,2014,8,9,5,32,3,0,17937.0,19435.0,6679.0,9794.0,15104.285714285714,10100.033333333333
2014-08-10,0,2014,8,10,6,32,3,0,8219.0,1580.0,3904.0,8425.0,14878.57142857143,9819.2
2014-08-11,20212,2014,8,11,0,33,3,0,0.0,21526.0,8974.0,8356.0,14690.857142857143,10214.4
2014-08-12,14180,2014,8,12,1,33,3,0,20212.0,13402.0,11166.0,214.0,14802.0,10679.933333333332
2014-08-13,22490,2014,8,13,2,33,3,0,14180.0,19854.0,13001.0,9467.0,15178.57142857143,11114.033333333333
2014-08-14,18806,2014,8,14,3,33,3,0,22490.0,23212.0,8071.0,7418.0,14549.142857142857,11493.633333333333
2014-08-15,12696,2014,8,15,4,33,3,0,18806.0,17937.0,13115.0,9494.0,13800.42857142857,11600.366666666667
2014-08-16,15882,2014,8,16,5,33,3,0,12696.0,8219.0,19435.0,11801.0,14895.142857142857,11736.4
2014-08-17,615,2014,8,17,6,33,3,0,15882.0,0.0,1580.0,6538.0,14983.0,11538.966666666667
2014-08-18,20154,2014,8,18,0,34,3,0,615.0,20212.0,21526.0,7837.0,14974.714285714286,11949.533333333333
2014-08-19,17605,2014,8,19,1,34,3,0,20154.0,14180.0,13402.0,0.0,15464.0,12536.366666666667
2014-08-20,25231,2014,8,20,2,34,3,0,17605.0,22490.0,19854.0,12392.0,15855.57142857143,12964.333333333334
2014-08-21,12042,2014,8,21,3,34,3,0,25231.0,18806.0,23212.0,12721.0,14889.285714285714,12941.7
2014-08-22,28180,2014,8,22,4,34,3,0,12042.0,12696.0,17937.0,4114.0,17101.285714285714,13743.9
2014-08-23,9432,2014,8,23,5,34,3,0,28180.0,15882.0,8219.0,7809.0,16179.857142857143,13798.0
2014-08-24,5497,2014,8,24,6,34,3,0,9432.0,615.0,0.0,6340.0,16877.285714285714,13769.9
2014-08-25,11277,2014,8,25,0,35,3,0,5497.0,20154.0,20212.0,6679.0,15609.142857142857,13923.166666666666
2014-08-26,18166,2014,8,26,1,35,3,0,11277.0,17605.0,14180.0,3904.0,15689.285714285714,14398.566666666668
2014-08-27,8967,2014,8,27,2,35,3,0,18166.0,25231.0,22490.0,8974.0,13365.857142857143,14398.333333333334
2014-08-28,22058,2014,8,28,3,35,3,0,8967.0,12042.0,18806.0,11166.0,14796.714285714286,14761.4
2014-08-29,28421,2014,8,29,4,35,3,0,22058.0,28180.0,12696.0,13001.0,14831.142857142857,15275.4
2014-08-30,5979,2014,8,30,5,35,3,0,28421.0,9432.0,15882.0,8071.0,14337.857142857143,15205.666666666666
2014-08-31,463,2014,8,31,6,35,3,0,5979.0,5497.0,615.0,13115.0,13618.714285714286,14783.933333333332
2014-09-01,16766,2014,9,1,0,36,3,0,463.0,11277.0,20154.0,19435.0,14402.857142857143,14694.966666666667
2014-09-02,16644,2014,9,2,1,36,3,0,16766.0,18166.0,17605.0,1580.0,14185.42857142857,15197.1
2014-09-03,27854,2014,9,3,2,36,3,0,16644.0,8967.0,25231.0,21526.0,16883.571428571428,15408.033333333333
2014-09-04,19507,2014,9,4,3,36,3,0,27854.0,22058.0,12042.0,13402.0,16519.14285714286,15611.533333333333
2014-09-05,19641,2014,9,5,4,36,3,0,19507.0,28421.0,28180.0,19854.0,15264.857142857143,15604.433333333332
2014-09-06,12913,2014,9,6,5,36,3,0,19641.0,5979.0,9432.0,23212.0,16255.42857142857,15261.133333333333
2014-09-07,630,2014,9,7,6,36,3,0,12913.0,463.0,5497.0,17937.0,16279.285714285714,14684.233333333334
2014-09-08,27675,2014,9,8,0,37,3,0,630.0,16766.0,11277.0,8219.0,17837.714285714286,15332.766666666666
2014-09-09,10260,2014,9,9,1,37,3,0,27675.0,16644.0,18166.0,0.0,16925.714285714286,15674.766666666666
2014-09-10,8982,2014,9,10,2,37,3,0,10260.0,27854.0,8967.0,20212.0,14229.714285714286,15300.433333333332
2014-09-11,22511,2014,9,11,3,37,3,0,8982.0,19507.0,22058.0,14180.0,14658.857142857143,15578.133333333333
2014-09-12,23057,2014,9,12,4,37,3,0,22511.0,19641.0,28421.0,22490.0,15146.857142857143,15597.033333333333
2014-09-13,8899,2014,9,13,5,37,3,0,23057.0,12913.0,5979.0,18806.0,14573.42857142857,15266.8
2014-09-14,606,2014,9,14,6,37,3,0,8899.0,630.0,463.0,12696.0,14570.0,14863.8
2014-09-15,16199,2014,9,15,0,38,3,0,606.0,27675.0,16766.0,15882.0,12930.57142857143,14874.366666666667
2014-09-16,22924,2014,9,16,1,38,3,0,16199.0,10260.0,16644.0,615.0,14739.714285714286,15618.0
2014-09-17,22943,2014,9,17,2,38,3,0,22924.0,8982.0,27854.0,20154.0,16734.14285714286,15710.966666666667
2014-09-18,29837,2014,9,18,3,38,3,0,22943.0,22511.0,19507.0,17605.0,17780.714285714286,16118.7
2014-09-19,17155,2014,9,19,4,38,3,0,29837.0,23057.0,19641.0,25231.0,16937.571428571428,15849.5
2014-09-20,6013,2014,9,20,5,38,3,0,17155.0,8899.0,12913.0,12042.0,16525.285714285714,15648.533333333333
2014-09-21,8202,2014,9,21,6,38,3,0,6013.0,606.0,630.0,28180.0,17610.428571428572,14982.6
2014-09-22,10645,2014,9,22,0,39,3,0,8202.0,16199.0,27675.0,9432.0,16817.0,15023.033333333333
2014-09-23,23879,2014,9,23,1,39,3,0,10645.0,22924.0,10260.0,5497.0,16953.428571428572,15635.766666666666
2014-09-24,13630,2014,9,24,2,39,3,0,23879.0,22943.0,8982.0,11277.0,15623.0,15714.2
2014-09-25,21496,2014,9,25,3,39,3,0,13630.0,29837.0,22511.0,18166.0,14431.42857142857,15825.2
2014-09-26,26793,2014,9,26,4,39,3,0,21496.0,17155.0,23057.0,8967.0,15808.285714285714,16419.4
2014-09-27,8143,2014,9,27,5,39,3,0,26793.0,6013.0,8899.0,22058.0,16112.57142857143,15955.566666666668
2014-09-28,5997,2014,9,28,6,39,3,0,8143.0,8202.0,606.0,28421.0,15797.57142857143,15208.1
2014-09-29,17933,2014,9,29,0,40,3,0,5997.0,10645.0,16199.0,5979.0,16838.714285714286,15606.566666666668
2014-09-30,13452,2014,9,30,1,40,3,0,17933.0,23879.0,22924.0,463.0,15349.142857142857,16039.533333333333
2014-10-01,7428,2014,10,1,2,40,4,0,13452.0,13630.0,22943.0,16766.0,14463.142857142857,15728.266666666666
2014-10-02,21536,2014,10,2,3,40,4,0,7428.0,21496.0,29837.0,16644.0,14468.857142857143,15891.333333333334
2014-10-03,22239,2014,10,3,4,40,4,0,21536.0,26793.0,17155.0,27854.0,13818.285714285714,15704.166666666666
2014-10-04,8753,2014,10,4,5,40,4,0,22239.0,8143.0,6013.0,19507.0,13905.42857142857,15345.7
2014-10-05,1601,2014,10,5,6,40,4,0,8753.0,5997.0,8202.0,19641.0,13277.42857142857,14744.366666666667
2014-10-06,22333,2014,10,6,0,41,4,0,1601.0,17933.0,10645.0,12913.0,13906.0,15058.366666666667
2014-10-07,18468,2014,10,7,1,41,4,0,22333.0,13452.0,23879.0,630.0,14622.57142857143,15652.966666666667
2014-10-08,10372,2014,10,8,2,41,4,0,18468.0,7428.0,13630.0,27675.0,15043.142857142857,15076.2
2014-10-09,13445,2014,10,9,3,41,4,0,10372.0,21536.0,21496.0,10260.0,13887.285714285714,15182.366666666667
2014-10-10,11762,2014,10,10,4,41,4,0,13445.0,22239.0,26793.0,8982.0,12390.57142857143,15275.033333333333
2014-10-11,6575,2014,10,11,5,41,4,0,11762.0,8753.0,8143.0,22511.0,12079.42857142857,14743.833333333334
2014-10-12,3782,2014,10,12,6,41,4,0,6575.0,1601.0,5997.0,23057.0,12391.0,14101.333333333334
2014-10-13,30239,2014,10,13,0,42,4,0,3782.0,22333.0,17933.0,8899.0,13520.42857142857,14812.666666666666
2014-10-14,17238,2014,10,14,1,42,4,0,30239.0,18468.0,13452.0,606.0,13344.714285714286,15367.066666666668
2014-10-15,8447,2014,10,15,2,42,4,0,17238.0,10372.0,7428.0,16199.0,13069.714285714286,15108.666666666666
2014-10-16,9614,2014,10,16,3,42,4,0,8447.0,13445.0,21536.0,22924.0,12522.42857142857,14665.0
2014-10-17,29932,2014,10,17,4,42,4,0,9614.0,11762.0,22239.0,22943.0,15118.142857142857,14897.966666666667
2014-10-18,4897,2014,10,18,5,42,4,0,29932.0,6575.0,8753.0,29837.0,14878.42857142857,14066.633333333333
2014-10-19,2604,2014,10,19,6,42,4,0,4897.0,3782.0,1601.0,17155.0,14710.142857142857,13581.6
2014-10-20,14936,2014,10,20,0,43,4,0,2604.0,30239.0,22333.0,6013.0,12524.0,13879.033333333333
2014-10-21,11264,2014,10,21,1,43,4,0,14936.0,17238.0,18468.0,8202.0,11670.57142857143,13981.1
2014-10-22,16071,2014,10,22,2,43,4,0,11264.0,8447.0,10372.0,10645.0,12759.714285714286,14161.966666666667
2014-10-23,24770,2014,10,23,3,43,4,0,16071.0,9614.0,13445.0,23879.0,14924.857142857143,14191.666666666666
2014-10-24,19626,2014,10,24,4,43,4,0,24770.0,29932.0,11762.0,13630.0,13452.57142857143,14391.533333333333
2014-10-25,6715,2014,10,25,5,43,4,0,19626.0,4897.0,6575.0,21496.0,13712.285714285714,13898.833333333334
2014-10-26,0,2014,10,26,6,43,4,0,6715.0,2604.0,3782.0,26793.0,13340.285714285714,13005.733333333334
2014-10-27,11055,2014,10,27,0,44,4,0,0.0,14936.0,30239.0,8143.0,12785.857142857143,13102.8
2014-10-28,22234,2014,10,28,1,44,4,0,11055.0,11264.0,17238.0,5997.0,14353.0,13644.033333333333
2014-10-29,15126,2014,10,29,2,44,4,0,22234.0,16071.0,8447.0,17933.0,14218.0,13550.466666666667
2014-10-30,10453,2014,10,30,3,44,4,0,15126.0,24770.0,9614.0,13452.0,12172.714285714286,13450.5
2014-10-31,19270,2014,10,31,4,44,4,0,10453.0,19626.0,29932.0,7428.0,12121.857142857143,13845.233333333334
2014-11-01,5192,2014,11,1,5,44,4,1,19270.0,6715.0,4897.0,21536.0,11904.285714285714,13300.433333333332
2014-11-02,3890,2014,11,2,6,44,4,1,5192.0,0.0,2604.0,22239.0,12460.0,12688.8
2014-11-03,17840,2014,11,3,0,45,4,1,3890.0,11055.0,14936.0,8753.0,13429.285714285714,12991.7
2014-11-04,19814,2014,11,4,1,45,4,1,17840.0,22234.0,11264.0,1601.0,13083.57142857143,13598.8
2014-11-05,24508,2014,11,5,2,45,4,1,19814.0,15126.0,16071.0,22333.0,14423.857142857143,13671.3
2014-11-06,18724,2014,11,6,3,45,4,1,24508.0,10453.0,24770.0,18468.0,15605.42857142857,13679.833333333334
2014-11-07,23915,2014,11,7,4,45,4,1,18724.0,19270.0,19626.0,10372.0,16269.0,14131.266666666666
2014-11-08,17784,2014,11,8,5,45,4,1,23915.0,5192.0,6715.0,13445.0,18067.85714285714,14275.9
2014-11-09,1313,2014,11,9,6,45,4,1,17784.0,3890.0,0.0,11762.0,17699.714285714286,13927.6
2014-11-10,19585,2014,11,10,0,46,4,1,1313.0,17840.0,11055.0,6575.0,17949.0,14361.266666666666
2014-11-11,21693,2014,11,11,1,46,4,1,19585.0,19814.0,22234.0,3782.0,18217.428571428572,14958.3
2014-11-12,26972,2014,11,12,2,46,4,1,21693.0,24508.0,15126.0,30239.0,18569.428571428572,14849.4
2014-11-13,19992,2014,11,13,3,46,4,1,26972.0,18724.0,10453.0,17238.0,18750.571428571428,14941.2
2014-11-14,23389,2014,11,14,4,46,4,1,19992.0,23915.0,19270.0,8447.0,18675.428571428572,15439.266666666666
2014-11-15,5816,2014,11,15,5,46,4,1,23389.0,17784.0,5192.0,9614.0,16965.714285714286,15312.666666666666
2014-11-16,5086,2014,11,16,6,46,4,1,5816.0,1313.0,3890.0,29932.0,17504.714285714286,14484.466666666667
2014-11-17,22347,2014,11,17,0,47,4,1,5086.0,19585.0,17840.0,4897.0,17899.285714285714,15066.133333333333
2014-11-18,39541,2014,11,18,1,47,4,1,22347.0,21693.0,19814.0,2604.0,20449.0,16297.366666666667
2014-11-19,23162,2014,11,19,2,47,4,1,39541.0,26972.0,24508.0,14936.0,19904.714285714286,16571.566666666666
2014-11-20,31411,2014,11,20,3,47,4,1,23162.0,19992.0,18724.0,11264.0,21536.0,17243.133333333335
2014-11-21,26296,2014,11,21,4,47,4,1,31411.0,23389.0,23915.0,16071.0,21951.285714285714,17583.966666666667
2014-11-22,17030,2014,11,22,5,47,4,1,26296.0,5816.0,17784.0,24770.0,23553.285714285714,17325.966666666667
2014-11-23,3147,2014,11,23,6,47,4,1,17030.0,5086.0,1313.0,19626.0,23276.285714285714,16776.666666666668
2014-11-24,16061,2014,11,24,0,48,4,1,3147.0,22347.0,19585.0,6715.0,22378.285714285714,17088.2
2014-11-25,25104,2014,11,25,1,48,4,1,16061.0,39541.0,21693.0,0.0,20315.85714285714,17925.0
2014-11-26,28478,2014,11,26,2,48,4,1,25104.0,23162.0,26972.0,11055.0,21075.285714285714,18505.766666666666
2014-11-27,26097,2014,11,27,3,48,4,1,28478.0,31411.0,19992.0,22234.0,20316.14285714286,18634.533333333333
2014-11-28,24446,2014,11,28,4,48,4,1,26097.0,26296.0,23389.0,15126.0,20051.85714285714,18945.2
2014-11-29,14509,2014,11,29,5,48,4,1,24446.0,17030.0,5816.0,10453.0,19691.714285714286,19080.4
2014-11-30,2170,2014,11,30,6,48,4,1,14509.0,3147.0,5086.0,19270.0,19552.14285714286,18510.4
2014-12-01,17572,2014,12,1,0,49,4,1,2170.0,16061.0,22347.0,5192.0,19768.0,18923.066666666666
2014-12-02,17211,2014,12,2,1,49,4,1,17572.0,25104.0,39541.0,3890.0,18640.428571428572,19367.1
2014-12-03,25988,2014,12,3,2,49,4,1,17211.0,28478.0,23162.0,17840.0,18284.714285714286,19638.7
2014-12-04,23723,2014,12,4,3,49,4,1,25988.0,26097.0,31411.0,19814.0,17945.571428571428,19769.0
2014-12-05,17065,2014,12,5,4,49,4,1,23723.0,24446.0,26296.0,24508.0,16891.14285714286,19520.9
2014-12-06,5284,2014,12,6,5,49,4,1,17065.0,14509.0,17030.0,18724.0,15573.285714285714,19072.9
2014-12-07,4390,2014,12,7,6,49,4,1,5284.0,2170.0,3147.0,23915.0,15890.42857142857,18422.066666666666
2014-12-08,18619,2014,12,8,0,50,4,1,4390.0,17572.0,16061.0,17784.0,16040.0,18449.9
2014-12-09,20607,2014,12,9,1,50,4,1,18619.0,17211.0,25104.0,1313.0,16525.14285714286,19093.033333333333
2014-12-10,25546,2014,12,10,2,50,4,1,20607.0,25988.0,28478.0,19585.0,16462.0,19291.733333333334
2014-12-11,19210,2014,12,11,3,50,4,1,25546.0,23723.0,26097.0,21693.0,15817.285714285714,19208.966666666667
2014-12-12,12085,2014,12,12,4,50,4,1,19210.0,17065.0,24446.0,26972.0,15105.857142857143,18712.733333333334
2014-12-13,16620,2014,12,13,5,50,4,1,12085.0,5284.0,14509.0,19992.0,16725.285714285714,18600.333333333332
2014-12-14,1310,2014,12,14,6,50,4,1,16620.0,4390.0,2170.0,23389.0,16285.285714285714,17864.366666666665
2014-12-15,21375,2014,12,15,0,51,4,1,1310.0,18619.0,17572.0,5816.0,16679.0,18383.0
2014-12-16,11566,2014,12,16,1,51,4,1,21375.0,20607.0,17211.0,5086.0,15387.42857142857,18599.0
2014-12-17,16432,2014,12,17,2,51,4,1,11566.0,25546.0,25988.0,22347.0,14085.42857142857,18401.833333333332
2014-12-18,16123,2014,12,18,3,51,4,1,16432.0,19210.0,23723.0,39541.0,13644.42857142857,17621.233333333334
2014-12-19,25754,2014,12,19,4,51,4,1,16123.0,12085.0,17065.0,23162.0,15597.142857142857,17707.633333333335
2014-12-20,7803,2014,12,20,5,51,4,1,25754.0,16620.0,5284.0,31411.0,14337.57142857143,16920.7
2014-12-21,395,2014,12,21,6,51,4,1,7803.0,1310.0,4390.0,26296.0,14206.857142857143,16057.333333333334
2014-12-22,10357,2014,12,22,0,52,4,1,395.0,21375.0,18619.0,17030.0,12632.857142857143,15834.9
2014-12-23,28099,2014,12,23,1,52,4,1,10357.0,11566.0,20607.0,3147.0,14994.714285714286,16666.633333333335
2014-12-24,20479,2014,12,24,2,52,4,1,28099.0,16432.0,25546.0,16061.0,15572.857142857143,16813.9
2014-12-25,22703,2014,12,25,3,52,4,1,20479.0,16123.0,19210.0,25104.0,16512.85714285714,16733.866666666665
2014-12-26,26577,2014,12,26,4,52,4,1,22703.0,25754.0,12085.0,28478.0,16630.428571428572,16670.5
2014-12-27,13418,2014,12,27,5,52,4,1,26577.0,7803.0,16620.0,26097.0,17432.571428571428,16247.866666666667
2014-12-28,1646,2014,12,28,6,52,4,1,13418.0,395.0,1310.0,24446.0,17611.285714285714,15487.866666666667
2014-12-29,25106,2014,12,29,0,1,4,1,1646.0,10357.0,21375.0,14509.0,19718.285714285714,15841.1
2014-12-30,16833,2014,12,30,1,1,4,1,25106.0,28099.0,11566.0,2170.0,18108.85714285714,16329.866666666667
2014-12-31,13258,2014,12,31,2,1,4,1,16833.0,20479.0,16432.0,17572.0,17077.285714285714,16186.066666666668
